Date,Region,Product_Category,Product_Name,Service_Type,Units_Sold,Product_Revenue_USD,Service_Revenue_USD,Total_Revenue_USD,Revenue_Outlier_Flag,Year,Month,Day_Of_Week,Revenue_per_Unit,Next_Month_Revenue
2021-01-01,APAC,Pen Tablet,Wacom Intuos M,Training,210,268689.33,14290.2,282979.53,0,2021,1,4,1347.52,5085050.94
2021-01-02,APAC,Mobile Studio,MobileStudio Pro 16,Cloud Services,167,50159.36,5169.12,55328.48,0,2021,1,5,331.31,5085050.94
2021-01-03,North America,Mobile Studio,MobileStudio Pro 13,Cloud Services,182,272117.3,27777.19,299894.49,0,2021,1,6,1647.77,5085050.94
2021-01-04,North America,Display Tablet,Wacom One Display,Extended Warranty,141,211997.11,27227.43,239224.54,0,2021,1,0,1696.63,5085050.94
2021-01-05,APAC,Pen Tablet,Wacom Intuos M,Training,228,368486.38,54894.78,423381.16,0,2021,1,1,1856.93,5085050.94
2021-01-06,Europe,Accessories,Pro Pen 2,Training,194,67003.32,9087.45,76090.77,0,2021,1,2,392.22,5085050.94
2021-01-07,Europe,Accessories,Wacom Stand,Cloud Services,159,114033.32,12057.63,126090.95,0,2021,1,3,793.02,5085050.94
2021-01-08,Japan,Accessories,Pro Pen 2,Support Plan,146,68661.48,9185.12,77846.6,0,2021,1,4,533.2,5085050.94
2021-01-09,North America,Accessories,ExpressKey Remote,Cloud Services,133,82096.99,12849.52,94946.51,0,2021,1,5,713.88,5085050.94
2021-01-10,Latin America,Display Tablet,Cintiq Pro 24,Training,188,235731.75,14041.44,249773.19,0,2021,1,6,1328.58,5085050.94
2021-01-11,Latin America,Accessories,Pro Pen 2,Support Plan,191,233696.8,32419.16,266115.96,0,2021,1,0,1393.28,5085050.94
2021-01-12,Japan,Display Tablet,Cintiq Pro 24,Training,154,49349.43,2765.26,52114.69,0,2021,1,1,338.41,5085050.94
2021-01-13,APAC,Display Tablet,Cintiq Pro 24,Training,112,156329.38,20144.69,176474.07,0,2021,1,2,1575.66,5085050.94
2021-01-14,North America,Mobile Studio,MobileStudio Pro 16,Extended Warranty,211,28064.41,2838.45,30902.86,0,2021,1,3,146.46,5085050.94
2021-01-15,Europe,Accessories,Pro Pen 2,Training,128,61744.12,2973.74,64717.86,0,2021,1,4,505.61,5085050.94
2021-01-16,Latin America,Accessories,Pro Pen 2,Training,207,214885.73,32178.22,247063.95,0,2021,1,5,1193.55,5085050.94
2021-01-17,Japan,Accessories,ExpressKey Remote,Training,198,72704.3,3139.35,75843.65,0,2021,1,6,383.05,5085050.94
2021-01-18,APAC,Pen Tablet,One by Wacom,Extended Warranty,199,71120.1,7833.61,78953.71,0,2021,1,0,396.75,5085050.94
2021-01-19,Japan,Accessories,Pro Pen 2,Extended Warranty,206,151483.44,12453.71,163937.15,0,2021,1,1,795.81,5085050.94
2021-01-20,APAC,Mobile Studio,MobileStudio Pro 16,Training,122,34522.36,6029.87,40552.23,0,2021,1,2,332.4,5085050.94
2021-01-21,Japan,Display Tablet,Cintiq Pro 24,Extended Warranty,164,286505.27,42696.48,329201.75,0,2021,1,3,2007.33,5085050.94
2021-01-22,APAC,Display Tablet,Cintiq Pro 24,Training,171,42030.51,6992.38,49022.89,0,2021,1,4,286.68,5085050.94
2021-01-23,APAC,Pen Tablet,Wacom Intuos S,Support Plan,197,212022.76,13728.09,225750.85,0,2021,1,5,1145.94,5085050.94
2021-01-24,North America,Display Tablet,Cintiq Pro 24,Cloud Services,158,130065.6,16625.41,146691.01,0,2021,1,6,928.42,5085050.94
2021-01-25,North America,Pen Tablet,Wacom Intuos S,Extended Warranty,139,110531.23,5065.2,115596.43,0,2021,1,0,831.63,5085050.94
2021-01-26,North America,Pen Tablet,Wacom Intuos S,Training,194,50023.5,6116.39,56139.89,0,2021,1,1,289.38,5085050.94
2021-01-27,Europe,Accessories,Pro Pen 2,Cloud Services,164,110965.03,13618.53,124583.56,0,2021,1,2,759.66,5085050.94
2021-01-28,North America,Display Tablet,Wacom One Display,Cloud Services,139,198256.34,10226.5,208482.84,0,2021,1,3,1499.88,5085050.94
2021-01-29,APAC,Display Tablet,Cintiq 16,Training,196,208420.96,22152.75,230573.71,0,2021,1,4,1176.4,5085050.94
2021-01-30,Latin America,Accessories,Pro Pen 2,Training,163,136093.22,5855.5,141948.72,0,2021,1,5,870.85,5085050.94
2021-01-31,North America,Display Tablet,Cintiq Pro 24,Cloud Services,173,178698.99,9864.29,188563.28,0,2021,1,6,1089.96,5085050.94
2021-02-01,North America,Mobile Studio,MobileStudio Pro 16,Training,191,254112.27,37509.68,291621.95,0,2021,2,0,1526.82,6319308.26
2021-02-02,APAC,Display Tablet,Wacom One Display,Cloud Services,132,19054.15,2242.28,21296.43,0,2021,2,1,161.34,6319308.26
2021-02-03,Europe,Mobile Studio,MobileStudio Pro 13,Cloud Services,213,133227.0,23102.35,156329.35,0,2021,2,2,733.94,6319308.26
2021-02-04,APAC,Mobile Studio,MobileStudio Pro 13,Extended Warranty,178,300819.1,18965.17,319784.27,0,2021,2,3,1796.54,6319308.26
2021-02-05,Europe,Mobile Studio,MobileStudio Pro 13,Training,128,206551.67,29909.74,236461.41,0,2021,2,4,1847.35,6319308.26
2021-02-06,Europe,Accessories,Wacom Stand,Cloud Services,191,119069.01,17631.95,136700.96,0,2021,2,5,715.71,6319308.26
2021-02-07,Japan,Display Tablet,Cintiq 16,Training,197,268802.19,20629.08,289431.27,0,2021,2,6,1469.19,6319308.26
2021-02-08,Latin America,Pen Tablet,Wacom Intuos M,Support Plan,246,371340.39,22822.51,394162.9,0,2021,2,0,1602.29,6319308.26
2021-02-09,Europe,Mobile Studio,MobileStudio Pro 13,Extended Warranty,135,82857.16,12332.18,95189.34,0,2021,2,1,705.11,6319308.26
2021-02-10,Japan,Display Tablet,Cintiq Pro 24,Extended Warranty,173,17986.88,1297.79,19284.67,0,2021,2,2,111.47,6319308.26
2021-02-11,North America,Display Tablet,Wacom One Display,Extended Warranty,97,92236.09,12654.49,104890.58,0,2021,2,3,1081.35,6319308.26
2021-02-12,Japan,Accessories,ExpressKey Remote,Support Plan,166,217543.04,31208.24,248751.28,0,2021,2,4,1498.5,6319308.26
2021-02-13,Japan,Accessories,Pro Pen 2,Support Plan,199,152003.06,12484.44,164487.5,0,2021,2,5,826.57,6319308.26
2021-02-14,Japan,Pen Tablet,Wacom Intuos S,Extended Warranty,233,133436.19,22613.86,156050.05,0,2021,2,6,669.74,6319308.26
2021-02-15,Japan,Display Tablet,Wacom One Display,Extended Warranty,187,49020.84,2923.97,51944.81,0,2021,2,0,277.78,6319308.26
2021-02-16,North America,Mobile Studio,MobileStudio Pro 13,Cloud Services,255,429623.98,65565.14,495189.12,0,2021,2,1,1941.92,6319308.26
2021-02-17,APAC,Display Tablet,Cintiq 16,Cloud Services,192,51403.71,8025.15,59428.86,0,2021,2,2,309.53,6319308.26
2021-02-18,Japan,Display Tablet,Cintiq Pro 24,Support Plan,173,194166.07,31354.61,225520.68,0,2021,2,3,1303.59,6319308.26
2021-02-19,Europe,Accessories,ExpressKey Remote,Training,144,172990.28,27929.05,200919.33,0,2021,2,4,1395.27,6319308.26
2021-02-20,Japan,Display Tablet,Cintiq 16,Support Plan,128,174482.5,26926.07,201408.57,0,2021,2,5,1573.5,6319308.26
2021-02-21,Latin America,Accessories,Pro Pen 2,Support Plan,165,54683.97,8500.79,63184.76,0,2021,2,6,382.94,6319308.26
2021-02-22,Latin America,Display Tablet,Wacom One Display,Support Plan,211,76954.77,6145.67,83100.44,0,2021,2,0,393.84,6319308.26
2021-02-23,Japan,Mobile Studio,MobileStudio Pro 13,Support Plan,170,29797.62,1920.45,31718.07,0,2021,2,1,186.58,6319308.26
2021-02-24,Japan,Accessories,Pro Pen 2,Extended Warranty,220,166549.76,14076.58,180626.34,0,2021,2,2,821.03,6319308.26
2021-02-25,APAC,Accessories,ExpressKey Remote,Cloud Services,151,23371.34,1528.71,24900.05,0,2021,2,3,164.9,6319308.26
2021-02-26,Europe,Accessories,Pro Pen 2,Support Plan,242,192625.07,9033.26,201658.33,0,2021,2,4,833.3,6319308.26
2021-02-27,Latin America,Pen Tablet,Wacom Intuos S,Extended Warranty,135,204329.08,9659.59,213988.67,0,2021,2,5,1585.1,6319308.26
2021-02-28,APAC,Display Tablet,Cintiq Pro 24,Support Plan,217,354266.26,62754.69,417020.95,0,2021,2,6,1921.76,6319308.26
2021-03-01,Japan,Display Tablet,Cintiq Pro 24,Cloud Services,182,258417.02,15204.56,273621.58,0,2021,3,0,1503.42,6190447.36
2021-03-02,Europe,Accessories,ExpressKey Remote,Extended Warranty,238,208491.55,19579.97,228071.52,0,2021,3,1,958.28,6190447.36
2021-03-03,Europe,Mobile Studio,MobileStudio Pro 16,Training,165,148821.57,14638.76,163460.33,0,2021,3,2,990.67,6190447.36
2021-03-04,Europe,Mobile Studio,MobileStudio Pro 13,Training,214,137664.57,12820.01,150484.58,0,2021,3,3,703.2,6190447.36
2021-03-05,Europe,Pen Tablet,Wacom Intuos M,Training,232,384219.51,41237.3,425456.81,0,2021,3,4,1833.87,6190447.36
2021-03-06,Japan,Accessories,Pro Pen 2,Extended Warranty,249,299410.11,45694.43,345104.54,0,2021,3,5,1385.96,6190447.36
2021-03-07,APAC,Mobile Studio,MobileStudio Pro 16,Extended Warranty,152,204290.47,13960.52,218250.99,0,2021,3,6,1435.86,6190447.36
2021-03-08,Japan,Mobile Studio,MobileStudio Pro 16,Cloud Services,182,206885.43,11029.77,217915.2,0,2021,3,0,1197.34,6190447.36
2021-03-09,Japan,Mobile Studio,MobileStudio Pro 16,Support Plan,117,37011.97,6449.09,43461.06,0,2021,3,1,371.46,6190447.36
2021-03-10,Japan,Pen Tablet,Wacom Intuos M,Extended Warranty,205,296757.49,51173.99,347931.48,0,2021,3,2,1697.23,6190447.36
2021-03-11,APAC,Pen Tablet,One by Wacom,Extended Warranty,153,174390.17,11157.62,185547.79,0,2021,3,3,1212.73,6190447.36
2021-03-12,North America,Pen Tablet,Wacom Intuos S,Extended Warranty,88,86145.55,12659.03,98804.58,0,2021,3,4,1122.78,6190447.36
2021-03-13,Japan,Accessories,Wacom Stand,Training,97,163127.45,9259.55,172387.0,0,2021,3,5,1777.19,6190447.36
2021-03-14,APAC,Accessories,Pro Pen 2,Support Plan,194,155201.22,23032.64,178233.86,0,2021,3,6,918.73,6190447.36
2021-03-15,APAC,Pen Tablet,Wacom Intuos M,Training,189,263003.95,20481.4,283485.35,0,2021,3,0,1499.92,6190447.36
2021-03-16,Japan,Accessories,ExpressKey Remote,Training,173,57814.42,9889.61,67704.03,0,2021,3,1,391.35,6190447.36
2021-03-17,APAC,Mobile Studio,MobileStudio Pro 13,Training,239,246444.39,42156.68,288601.07,0,2021,3,2,1207.54,6190447.36
2021-03-18,APAC,Display Tablet,Cintiq Pro 24,Training,180,319861.13,44936.15,364797.28,0,2021,3,3,2026.65,6190447.36
2021-03-19,Japan,Accessories,Wacom Stand,Support Plan,273,320984.41,18318.27,339302.68,0,2021,3,4,1242.87,6190447.36
2021-03-20,North America,Display Tablet,Cintiq 16,Extended Warranty,184,158502.55,24656.01,183158.56,0,2021,3,5,995.43,6190447.36
2021-03-21,Latin America,Display Tablet,Wacom One Display,Training,148,88698.64,14952.98,103651.62,0,2021,3,6,700.35,6190447.36
2021-03-22,Japan,Mobile Studio,MobileStudio Pro 16,Support Plan,87,138523.49,11046.86,149570.35,0,2021,3,0,1719.2,6190447.36
2021-03-23,North America,Accessories,Wacom Stand,Support Plan,185,43578.24,7215.89,50794.13,0,2021,3,1,274.56,6190447.36
2021-03-24,Europe,Accessories,Pro Pen 2,Support Plan,172,243559.03,16500.78,260059.81,0,2021,3,2,1511.98,6190447.36
2021-03-25,Europe,Pen Tablet,Wacom Intuos M,Extended Warranty,169,15098.34,713.13,15811.47,0,2021,3,3,93.56,6190447.36
2021-03-26,Latin America,Accessories,ExpressKey Remote,Cloud Services,120,184917.99,8878.37,193796.36,0,2021,3,4,1614.97,6190447.36
2021-03-27,Latin America,Mobile Studio,MobileStudio Pro 16,Cloud Services,187,239503.57,37678.04,277181.61,0,2021,3,5,1482.25,6190447.36
2021-03-28,Japan,Display Tablet,Wacom One Display,Support Plan,234,272287.17,43336.78,315623.95,0,2021,3,6,1348.82,6190447.36
2021-03-29,Latin America,Display Tablet,Wacom One Display,Extended Warranty,144,78581.53,10953.22,89534.75,0,2021,3,0,621.77,6190447.36
2021-03-30,APAC,Mobile Studio,MobileStudio Pro 16,Extended Warranty,195,222310.03,10210.49,232520.52,0,2021,3,1,1192.41,6190447.36
2021-03-31,Japan,Pen Tablet,Wacom Intuos M,Extended Warranty,217,51593.95,3389.45,54983.4,0,2021,3,2,253.38,6190447.36
2021-04-01,Japan,Display Tablet,Cintiq Pro 24,Training,197,231400.6,27799.97,259200.57,0,2021,4,3,1315.74,4811519.62
2021-04-02,Europe,Display Tablet,Wacom One Display,Cloud Services,166,178315.48,24601.94,202917.42,0,2021,4,4,1222.39,4811519.62
2021-04-03,Japan,Display Tablet,Cintiq 16,Cloud Services,195,186101.51,17970.86,204072.37,0,2021,4,5,1046.52,4811519.62
2021-04-04,North America,Accessories,ExpressKey Remote,Support Plan,182,101608.77,8398.84,110007.61,0,2021,4,6,604.44,4811519.62
2021-04-05,APAC,Mobile Studio,MobileStudio Pro 13,Extended Warranty,178,140320.02,13643.26,153963.28,0,2021,4,0,864.96,4811519.62
2021-04-06,Latin America,Accessories,Pro Pen 2,Extended Warranty,135,19173.09,1890.01,21063.1,0,2021,4,1,156.02,4811519.62
2021-04-07,North America,Display Tablet,Cintiq 16,Support Plan,141,148491.0,20533.38,169024.38,0,2021,4,2,1198.75,4811519.62
2021-04-08,Japan,Mobile Studio,MobileStudio Pro 16,Extended Warranty,204,292614.22,34200.81,326815.03,0,2021,4,3,1602.03,4811519.62
2021-04-09,Japan,Pen Tablet,Wacom Intuos S,Extended Warranty,283,272220.95,38965.38,311186.33,0,2021,4,4,1099.6,4811519.62
2021-04-10,North America,Mobile Studio,MobileStudio Pro 16,Cloud Services,177,172552.56,26224.86,198777.42,0,2021,4,5,1123.04,4811519.62
2021-04-11,Japan,Pen Tablet,One by Wacom,Cloud Services,206,314815.03,15041.71,329856.74,0,2021,4,6,1601.25,4811519.62
2021-04-12,Japan,Pen Tablet,One by Wacom,Training,167,103522.73,14904.89,118427.62,0,2021,4,0,709.15,4811519.62
2021-04-13,Japan,Accessories,Pro Pen 2,Cloud Services,120,86434.79,5316.24,91751.03,0,2021,4,1,764.59,4811519.62
2021-04-14,APAC,Pen Tablet,Wacom Intuos S,Support Plan,61,105438.39,18911.96,124350.35,0,2021,4,2,2038.53,4811519.62
2021-04-15,Japan,Display Tablet,Cintiq Pro 24,Training,198,256073.19,24147.15,280220.34,0,2021,4,3,1415.25,4811519.62
2021-04-16,Europe,Accessories,ExpressKey Remote,Support Plan,211,207445.05,13053.52,220498.57,0,2021,4,4,1045.02,4811519.62
2021-04-17,Japan,Mobile Studio,MobileStudio Pro 13,Cloud Services,245,253885.52,39979.29,293864.81,0,2021,4,5,1199.45,4811519.62
2021-04-18,APAC,Accessories,Wacom Stand,Support Plan,236,178233.12,9126.77,187359.89,0,2021,4,6,793.9,4811519.62
2021-04-19,North America,Accessories,Wacom Stand,Training,242,82076.12,5362.01,87438.13,0,2021,4,0,361.31,4811519.62
2021-04-20,Latin America,Pen Tablet,Wacom Intuos M,Support Plan,117,68134.02,7401.24,75535.26,0,2021,4,1,645.6,4811519.62
2021-04-21,APAC,Accessories,ExpressKey Remote,Training,148,73867.99,11678.7,85546.69,0,2021,4,2,578.02,4811519.62
2021-04-22,Japan,Accessories,ExpressKey Remote,Extended Warranty,169,235280.65,11325.28,246605.93,0,2021,4,3,1459.21,4811519.62
2021-04-23,APAC,Mobile Studio,MobileStudio Pro 13,Extended Warranty,206,315695.75,33956.28,349652.03,0,2021,4,4,1697.34,4811519.62
2021-04-24,APAC,Mobile Studio,MobileStudio Pro 16,Cloud Services,176,289419.66,35366.32,324785.98,0,2021,4,5,1845.37,4811519.62
2021-04-25,Europe,Pen Tablet,Wacom Intuos M,Training,144,110233.48,18566.32,128799.8,0,2021,4,6,894.44,4811519.62
2021-04-26,Europe,Mobile Studio,MobileStudio Pro 16,Support Plan,216,88464.35,3846.01,92310.36,0,2021,4,0,427.36,4811519.62
2021-04-27,APAC,Mobile Studio,MobileStudio Pro 16,Training,187,207454.2,8510.61,215964.81,0,2021,4,1,1154.89,4811519.62
2021-04-28,North America,Display Tablet,Wacom One Display,Extended Warranty,187,330748.06,41955.42,372703.48,0,2021,4,2,1993.07,4811519.62
2021-04-29,Latin America,Accessories,ExpressKey Remote,Cloud Services,194,256001.82,44761.81,300763.63,0,2021,4,3,1550.33,4811519.62
2021-04-30,Japan,Mobile Studio,MobileStudio Pro 16,Cloud Services,208,278668.25,28316.15,306984.4,0,2021,4,4,1475.89,4811519.62
2021-05-01,Latin America,Mobile Studio,MobileStudio Pro 16,Extended Warranty,244,432727.73,34770.52,467498.25,0,2021,5,5,1915.98,5784803.64
2021-05-02,Latin America,Accessories,Wacom Stand,Extended Warranty,163,47768.13,2184.56,49952.69,0,2021,5,6,306.46,5784803.64
2021-05-03,Latin America,Mobile Studio,MobileStudio Pro 16,Training,212,186507.92,32994.81,219502.73,0,2021,5,0,1035.39,5784803.64
2021-05-04,North America,Pen Tablet,Wacom Intuos S,Cloud Services,230,238140.65,36266.05,274406.7,0,2021,5,1,1193.07,5784803.64
2021-05-05,Japan,Display Tablet,Cintiq Pro 24,Cloud Services,197,142046.46,6650.3,148696.76,0,2021,5,2,754.81,5784803.64
2021-05-06,Latin America,Display Tablet,Wacom One Display,Extended Warranty,123,173528.35,27966.51,201494.86,0,2021,5,3,1638.17,5784803.64
2021-05-07,Europe,Mobile Studio,MobileStudio Pro 16,Cloud Services,189,91362.69,11609.06,102971.75,0,2021,5,4,544.82,5784803.64
2021-05-08,Japan,Pen Tablet,Wacom Intuos M,Support Plan,190,236537.52,10441.95,246979.47,0,2021,5,5,1299.89,5784803.64
2021-05-09,APAC,Accessories,ExpressKey Remote,Cloud Services,234,114372.74,18229.8,132602.54,0,2021,5,6,566.68,5784803.64
2021-05-10,APAC,Mobile Studio,MobileStudio Pro 13,Cloud Services,163,178542.19,17063.56,195605.75,0,2021,5,0,1200.04,5784803.64
2021-05-11,Japan,Pen Tablet,One by Wacom,Cloud Services,135,30493.25,2679.43,33172.68,0,2021,5,1,245.72,5784803.64
2021-05-12,Japan,Display Tablet,Cintiq Pro 24,Cloud Services,262,154512.6,15005.01,169517.61,0,2021,5,2,647.01,5784803.64
2021-05-13,North America,Mobile Studio,MobileStudio Pro 13,Extended Warranty,110,83036.23,13961.86,96998.09,0,2021,5,3,881.8,5784803.64
2021-05-14,Europe,Pen Tablet,Wacom Intuos S,Support Plan,246,48099.56,3284.1,51383.66,0,2021,5,4,208.88,5784803.64
2021-05-15,Europe,Mobile Studio,MobileStudio Pro 13,Training,187,125376.59,12393.91,137770.5,0,2021,5,5,736.74,5784803.64
2021-05-16,Latin America,Accessories,Wacom Stand,Cloud Services,143,81425.67,13482.43,94908.1,0,2021,5,6,663.69,5784803.64
2021-05-17,Japan,Display Tablet,Wacom One Display,Training,199,197171.65,28377.83,225549.48,0,2021,5,0,1133.41,5784803.64
2021-05-18,APAC,Pen Tablet,Wacom Intuos S,Extended Warranty,151,74769.15,6366.51,81135.66,0,2021,5,1,537.32,5784803.64
2021-05-19,Europe,Pen Tablet,One by Wacom,Cloud Services,195,203923.54,30767.25,234690.79,0,2021,5,2,1203.54,5784803.64
2021-05-20,APAC,Mobile Studio,MobileStudio Pro 16,Training,205,367131.84,49358.54,416490.38,0,2021,5,3,2031.66,5784803.64
2021-05-21,APAC,Display Tablet,Cintiq Pro 24,Cloud Services,162,64558.37,7663.33,72221.7,0,2021,5,4,445.81,5784803.64
2021-05-22,Japan,Display Tablet,Wacom One Display,Extended Warranty,163,156789.56,15775.56,172565.12,0,2021,5,5,1058.68,5784803.64
2021-05-23,Latin America,Pen Tablet,One by Wacom,Cloud Services,146,21995.78,1637.57,23633.35,0,2021,5,6,161.87,5784803.64
2021-05-24,Latin America,Mobile Studio,MobileStudio Pro 13,Training,171,105613.07,4978.02,110591.09,0,2021,5,0,646.73,5784803.64
2021-05-25,APAC,Accessories,Pro Pen 2,Training,221,283075.88,19527.39,302603.27,0,2021,5,1,1369.25,5784803.64
2021-05-26,Japan,Accessories,Pro Pen 2,Training,205,16985.57,945.92,17931.49,0,2021,5,2,87.47,5784803.64
2021-05-27,North America,Display Tablet,Cintiq Pro 24,Support Plan,171,157652.33,13657.92,171310.25,0,2021,5,3,1001.81,5784803.64
2021-05-28,Japan,Display Tablet,Cintiq 16,Cloud Services,139,73364.13,6246.86,79610.99,0,2021,5,4,572.74,5784803.64
2021-05-29,Latin America,Mobile Studio,MobileStudio Pro 13,Training,143,67581.08,5832.45,73413.53,0,2021,5,5,513.38,5784803.64
2021-05-30,Japan,Pen Tablet,Wacom Intuos M,Support Plan,135,176023.78,10748.64,186772.42,0,2021,5,6,1383.5,5784803.64
2021-05-31,Europe,Mobile Studio,MobileStudio Pro 13,Support Plan,191,18322.02,1215.94,19537.96,0,2021,5,0,102.29,5784803.64
2021-06-01,North America,Accessories,Pro Pen 2,Support Plan,90,44605.7,5338.84,49944.54,0,2021,6,1,554.94,5730845.22
2021-06-02,APAC,Pen Tablet,Wacom Intuos S,Cloud Services,183,283246.57,35880.73,319127.3,0,2021,6,2,1743.87,5730845.22
2021-06-03,Latin America,Display Tablet,Wacom One Display,Cloud Services,144,74495.98,12562.34,87058.32,0,2021,6,3,604.57,5730845.22
2021-06-04,Latin America,Mobile Studio,MobileStudio Pro 13,Extended Warranty,251,176162.36,27101.22,203263.58,0,2021,6,4,809.82,5730845.22
2021-06-05,Japan,Pen Tablet,One by Wacom,Cloud Services,197,89069.96,8725.62,97795.58,0,2021,6,5,496.42,5730845.22
2021-06-06,Latin America,Mobile Studio,MobileStudio Pro 13,Support Plan,193,130457.05,5565.92,136022.97,0,2021,6,6,704.78,5730845.22
2021-06-07,APAC,Mobile Studio,MobileStudio Pro 13,Extended Warranty,247,333538.49,28151.13,361689.62,0,2021,6,0,1464.33,5730845.22
2021-06-08,North America,Pen Tablet,Wacom Intuos M,Extended Warranty,180,58895.3,8070.62,66965.92,0,2021,6,1,372.03,5730845.22
2021-06-09,APAC,Pen Tablet,One by Wacom,Extended Warranty,127,11035.42,467.03,11502.45,0,2021,6,2,90.57,5730845.22
2021-06-10,Japan,Mobile Studio,MobileStudio Pro 16,Extended Warranty,180,292204.76,47703.37,339908.13,0,2021,6,3,1888.38,5730845.22
2021-06-11,North America,Display Tablet,Cintiq 16,Extended Warranty,173,28872.64,3558.25,32430.89,0,2021,6,4,187.46,5730845.22
2021-06-12,Europe,Pen Tablet,One by Wacom,Extended Warranty,108,12013.5,1482.47,13495.97,0,2021,6,5,124.96,5730845.22
2021-06-13,Latin America,Pen Tablet,One by Wacom,Cloud Services,181,204624.96,24042.56,228667.52,0,2021,6,6,1263.36,5730845.22
2021-06-14,APAC,Mobile Studio,MobileStudio Pro 13,Extended Warranty,231,243735.72,35629.07,279364.79,0,2021,6,0,1209.37,5730845.22
2021-06-15,North America,Mobile Studio,MobileStudio Pro 16,Training,188,19072.26,2888.38,21960.64,0,2021,6,1,116.81,5730845.22
2021-06-16,Japan,Display Tablet,Cintiq 16,Training,154,247972.19,23632.0,271604.19,0,2021,6,2,1763.66,5730845.22
2021-06-17,Japan,Pen Tablet,Wacom Intuos M,Support Plan,134,51847.26,3522.29,55369.55,0,2021,6,3,413.21,5730845.22
2021-06-18,Latin America,Accessories,Wacom Stand,Cloud Services,133,118111.65,16853.27,134964.92,0,2021,6,4,1014.77,5730845.22
2021-06-19,APAC,Mobile Studio,MobileStudio Pro 16,Training,175,237256.64,33775.63,271032.27,0,2021,6,5,1548.76,5730845.22
2021-06-20,Latin America,Mobile Studio,MobileStudio Pro 16,Extended Warranty,134,219067.76,35309.38,254377.14,0,2021,6,6,1898.34,5730845.22
2021-06-21,Japan,Accessories,Wacom Stand,Support Plan,237,322081.25,13926.67,336007.92,0,2021,6,0,1417.75,5730845.22
2021-06-22,Latin America,Pen Tablet,Wacom Intuos M,Training,250,401655.57,38256.96,439912.53,0,2021,6,1,1759.65,5730845.22
2021-06-23,Europe,Mobile Studio,MobileStudio Pro 13,Extended Warranty,214,167716.24,20838.49,188554.73,0,2021,6,2,881.1,5730845.22
2021-06-24,Japan,Mobile Studio,MobileStudio Pro 16,Training,216,157419.57,14982.4,172401.97,0,2021,6,3,798.16,5730845.22
2021-06-25,Europe,Accessories,Pro Pen 2,Support Plan,196,130124.74,22600.82,152725.56,0,2021,6,4,779.21,5730845.22
2021-06-26,North America,Mobile Studio,MobileStudio Pro 13,Support Plan,177,282382.62,22290.12,304672.74,0,2021,6,5,1721.31,5730845.22
2021-06-27,Latin America,Display Tablet,Wacom One Display,Support Plan,163,144365.29,11018.19,155383.48,0,2021,6,6,953.27,5730845.22
2021-06-28,North America,Pen Tablet,One by Wacom,Training,208,250085.27,27352.06,277437.33,0,2021,6,0,1333.83,5730845.22
2021-06-29,Europe,Accessories,Pro Pen 2,Training,171,238624.02,38833.56,277457.58,0,2021,6,1,1622.56,5730845.22
2021-06-30,North America,Accessories,Wacom Stand,Cloud Services,135,232086.4,11617.11,243703.51,0,2021,6,2,1805.21,5730845.22
2021-07-01,Latin America,Display Tablet,Wacom One Display,Training,162,39981.92,6333.6,46315.52,0,2021,7,3,285.9,5032574.5600000005
2021-07-02,Japan,Mobile Studio,MobileStudio Pro 16,Extended Warranty,163,84042.7,5247.94,89290.64,0,2021,7,4,547.8,5032574.5600000005
2021-07-03,Europe,Pen Tablet,Wacom Intuos M,Extended Warranty,145,85430.6,7857.51,93288.11,0,2021,7,5,643.37,5032574.5600000005
2021-07-04,North America,Accessories,ExpressKey Remote,Cloud Services,174,75815.15,13026.21,88841.36,0,2021,7,6,510.58,5032574.5600000005
2021-07-05,Europe,Display Tablet,Wacom One Display,Cloud Services,128,68481.08,10854.73,79335.81,0,2021,7,0,619.81,5032574.5600000005
2021-07-06,APAC,Mobile Studio,MobileStudio Pro 13,Training,202,101372.78,14134.85,115507.63,0,2021,7,1,571.82,5032574.5600000005
2021-07-07,Japan,Pen Tablet,Wacom Intuos M,Cloud Services,141,140021.84,10470.4,150492.24,0,2021,7,2,1067.32,5032574.5600000005
2021-07-08,Europe,Display Tablet,Wacom One Display,Support Plan,145,233064.41,34687.03,267751.44,0,2021,7,3,1846.56,5032574.5600000005
2021-07-09,Europe,Display Tablet,Cintiq 16,Training,173,173501.18,17495.66,190996.84,0,2021,7,4,1104.03,5032574.5600000005
2021-07-10,Europe,Display Tablet,Wacom One Display,Support Plan,197,179091.3,31063.17,210154.47,0,2021,7,5,1066.77,5032574.5600000005
2021-07-11,Europe,Pen Tablet,One by Wacom,Extended Warranty,133,68558.51,3030.81,71589.32,0,2021,7,6,538.27,5032574.5600000005
2021-07-12,North America,Display Tablet,Wacom One Display,Cloud Services,215,242086.18,25443.74,267529.92,0,2021,7,0,1244.33,5032574.5600000005
2021-07-13,Japan,Accessories,ExpressKey Remote,Extended Warranty,193,343616.95,53110.5,396727.45,0,2021,7,1,2055.58,5032574.5600000005
2021-07-14,Europe,Accessories,Wacom Stand,Training,198,329381.96,28917.82,358299.78,0,2021,7,2,1809.59,5032574.5600000005
2021-07-15,Latin America,Mobile Studio,MobileStudio Pro 13,Training,160,184169.45,26726.19,210895.64,0,2021,7,3,1318.1,5032574.5600000005
2021-07-16,Latin America,Mobile Studio,MobileStudio Pro 16,Support Plan,185,154168.29,19958.92,174127.21,0,2021,7,4,941.23,5032574.5600000005
2021-07-17,Japan,Accessories,Pro Pen 2,Cloud Services,169,31560.5,3287.24,34847.74,0,2021,7,5,206.2,5032574.5600000005
2021-07-18,Japan,Accessories,Pro Pen 2,Support Plan,175,132271.14,22361.67,154632.81,0,2021,7,6,883.62,5032574.5600000005
2021-07-19,Japan,Mobile Studio,MobileStudio Pro 13,Extended Warranty,224,272186.04,33739.46,305925.5,0,2021,7,0,1365.74,5032574.5600000005
2021-07-20,APAC,Pen Tablet,Wacom Intuos S,Cloud Services,118,45411.72,6127.55,51539.27,0,2021,7,1,436.77,5032574.5600000005
2021-07-21,Japan,Accessories,Wacom Stand,Support Plan,123,198654.7,28794.32,227449.02,0,2021,7,2,1849.18,5032574.5600000005
2021-07-22,Japan,Display Tablet,Cintiq Pro 24,Extended Warranty,160,96042.57,16582.23,112624.8,0,2021,7,3,703.9,5032574.5600000005
2021-07-23,APAC,Mobile Studio,MobileStudio Pro 13,Extended Warranty,175,183107.5,25775.96,208883.46,0,2021,7,4,1193.62,5032574.5600000005
2021-07-24,APAC,Mobile Studio,MobileStudio Pro 16,Cloud Services,212,252908.26,22238.41,275146.67,0,2021,7,5,1297.86,5032574.5600000005
2021-07-25,Japan,Mobile Studio,MobileStudio Pro 13,Training,180,42797.65,5711.29,48508.94,0,2021,7,6,269.49,5032574.5600000005
2021-07-26,APAC,Pen Tablet,Wacom Intuos S,Extended Warranty,195,125123.81,8470.05,133593.86,0,2021,7,0,685.1,5032574.5600000005
2021-07-27,Latin America,Pen Tablet,Wacom Intuos M,Cloud Services,138,169560.68,9853.31,179413.99,0,2021,7,1,1300.1,5032574.5600000005
2021-07-28,APAC,Accessories,Pro Pen 2,Support Plan,204,253071.56,42375.76,295447.32,0,2021,7,2,1448.27,5032574.5600000005
2021-07-29,Latin America,Mobile Studio,MobileStudio Pro 13,Extended Warranty,95,163307.53,20480.15,183787.68,0,2021,7,3,1934.61,5032574.5600000005
2021-07-30,Europe,Mobile Studio,MobileStudio Pro 13,Extended Warranty,221,388725.92,37300.06,426025.98,0,2021,7,4,1927.72,5032574.5600000005
2021-07-31,Japan,Display Tablet,Cintiq Pro 24,Support Plan,158,250459.24,31415.56,281874.8,0,2021,7,5,1784.02,5032574.5600000005
2021-08-01,North America,Display Tablet,Cintiq 16,Cloud Services,207,131281.67,15259.76,146541.43,0,2021,8,6,707.93,4899650.88
2021-08-02,Japan,Mobile Studio,MobileStudio Pro 13,Extended Warranty,149,74504.86,12499.98,87004.84,0,2021,8,0,583.93,4899650.88
2021-08-03,Europe,Accessories,Wacom Stand,Cloud Services,197,268192.93,39438.69,307631.62,0,2021,8,1,1561.58,4899650.88
2021-08-04,North America,Pen Tablet,Wacom Intuos M,Training,124,61155.46,7967.01,69122.47,0,2021,8,2,557.44,4899650.88
2021-08-05,Europe,Mobile Studio,MobileStudio Pro 13,Training,197,154678.43,10926.47,165604.9,0,2021,8,3,840.63,4899650.88
2021-08-06,Europe,Mobile Studio,MobileStudio Pro 16,Cloud Services,154,14308.46,1245.67,15554.13,0,2021,8,4,101.0,4899650.88
2021-08-07,North America,Display Tablet,Cintiq Pro 24,Cloud Services,176,248486.96,13964.62,262451.58,0,2021,8,5,1491.2,4899650.88
2021-08-08,Japan,Pen Tablet,Wacom Intuos S,Cloud Services,143,49308.88,4891.05,54199.93,0,2021,8,6,379.02,4899650.88
2021-08-09,Latin America,Display Tablet,Cintiq 16,Cloud Services,237,47348.31,2808.69,50157.0,0,2021,8,0,211.63,4899650.88
2021-08-10,Europe,Mobile Studio,MobileStudio Pro 16,Training,184,224689.69,12505.84,237195.53,0,2021,8,1,1289.11,4899650.88
2021-08-11,Japan,Mobile Studio,MobileStudio Pro 16,Support Plan,168,172999.36,19048.49,192047.85,0,2021,8,2,1143.14,4899650.88
2021-08-12,APAC,Display Tablet,Cintiq Pro 24,Extended Warranty,153,275247.87,30911.52,306159.39,0,2021,8,3,2001.04,4899650.88
2021-08-13,APAC,Pen Tablet,One by Wacom,Extended Warranty,218,136799.66,14305.04,151104.7,0,2021,8,4,693.14,4899650.88
2021-08-14,Europe,Pen Tablet,Wacom Intuos S,Support Plan,200,137548.17,20665.92,158214.09,0,2021,8,5,791.07,4899650.88
2021-08-15,Latin America,Mobile Studio,MobileStudio Pro 16,Cloud Services,232,146869.59,21271.84,168141.43,0,2021,8,6,724.75,4899650.88
2021-08-16,North America,Mobile Studio,MobileStudio Pro 16,Training,170,55678.9,9079.54,64758.44,0,2021,8,0,380.93,4899650.88
2021-08-17,Europe,Accessories,Pro Pen 2,Support Plan,194,38049.57,1803.28,39852.85,0,2021,8,1,205.43,4899650.88
2021-08-18,North America,Pen Tablet,One by Wacom,Training,170,23786.73,3123.58,26910.31,0,2021,8,2,158.3,4899650.88
2021-08-19,Europe,Mobile Studio,MobileStudio Pro 16,Support Plan,170,265298.2,41184.21,306482.41,0,2021,8,3,1802.84,4899650.88
2021-08-20,Japan,Mobile Studio,MobileStudio Pro 16,Cloud Services,235,178249.43,25541.66,203791.09,0,2021,8,4,867.2,4899650.88
2021-08-21,Europe,Mobile Studio,MobileStudio Pro 13,Cloud Services,176,241200.52,25339.36,266539.88,0,2021,8,5,1514.43,4899650.88
2021-08-22,Japan,Display Tablet,Cintiq 16,Support Plan,158,216865.14,12284.86,229150.0,0,2021,8,6,1450.32,4899650.88
2021-08-23,Europe,Accessories,Pro Pen 2,Support Plan,220,329063.92,31521.34,360585.26,0,2021,8,0,1639.02,4899650.88
2021-08-24,Latin America,Mobile Studio,MobileStudio Pro 16,Support Plan,157,133734.92,12705.96,146440.88,0,2021,8,1,932.74,4899650.88
2021-08-25,Latin America,Pen Tablet,Wacom Intuos M,Cloud Services,81,33271.33,2359.33,35630.66,0,2021,8,2,439.88,4899650.88
2021-08-26,Latin America,Display Tablet,Cintiq 16,Training,119,125454.98,14694.19,140149.17,0,2021,8,3,1177.72,4899650.88
2021-08-27,Europe,Display Tablet,Cintiq Pro 24,Extended Warranty,163,26906.36,3342.26,30248.62,0,2021,8,4,185.57,4899650.88
2021-08-28,APAC,Display Tablet,Cintiq 16,Training,140,193704.8,30164.8,223869.6,0,2021,8,5,1599.07,4899650.88
2021-08-29,North America,Display Tablet,Cintiq 16,Training,194,189673.76,15944.91,205618.67,0,2021,8,6,1059.89,4899650.88
2021-08-30,APAC,Display Tablet,Cintiq 16,Extended Warranty,205,16776.39,1169.63,17946.02,0,2021,8,0,87.54,4899650.88
2021-08-31,APAC,Mobile Studio,MobileStudio Pro 16,Extended Warranty,204,328695.82,34773.99,363469.81,0,2021,8,1,1781.71,4899650.88
2021-09-01,Latin America,Accessories,ExpressKey Remote,Cloud Services,210,94522.39,11532.49,106054.88,0,2021,9,2,505.02,6646001.89
2021-09-02,Europe,Display Tablet,Wacom One Display,Extended Warranty,239,59881.45,4130.5,64011.95,0,2021,9,3,267.83,6646001.89
2021-09-03,Japan,Pen Tablet,Wacom Intuos S,Support Plan,175,272944.85,23160.9,296105.75,0,2021,9,4,1692.03,6646001.89
2021-09-04,Europe,Display Tablet,Cintiq 16,Support Plan,271,145111.92,18206.89,163318.81,0,2021,9,5,602.65,6646001.89
2021-09-05,Latin America,Display Tablet,Wacom One Display,Cloud Services,151,38008.12,2091.83,40099.95,0,2021,9,6,265.56,6646001.89
2021-09-06,Japan,Pen Tablet,One by Wacom,Extended Warranty,132,204084.88,29714.35,233799.23,0,2021,9,0,1771.21,6646001.89
2021-09-07,APAC,Pen Tablet,Wacom Intuos M,Extended Warranty,211,32912.03,3165.38,36077.41,0,2021,9,1,170.98,6646001.89
2021-09-08,Japan,Pen Tablet,One by Wacom,Cloud Services,202,296262.99,18915.73,315178.72,0,2021,9,2,1560.29,6646001.89
2021-09-09,Europe,Accessories,Wacom Stand,Training,183,139764.98,17032.51,156797.49,0,2021,9,3,856.82,6646001.89
2021-09-10,APAC,Display Tablet,Wacom One Display,Training,204,52560.11,8475.86,61035.97,0,2021,9,4,299.2,6646001.89
2021-09-11,Japan,Pen Tablet,Wacom Intuos S,Training,158,129909.6,16711.69,146621.29,0,2021,9,5,927.98,6646001.89
2021-09-12,Latin America,Display Tablet,Cintiq Pro 24,Cloud Services,173,111815.34,11533.36,123348.7,0,2021,9,6,713.0,6646001.89
2021-09-13,Europe,Accessories,ExpressKey Remote,Training,192,198444.73,16847.99,215292.72,0,2021,9,0,1121.32,6646001.89
2021-09-14,North America,Accessories,ExpressKey Remote,Training,249,91041.3,12858.3,103899.6,0,2021,9,1,417.27,6646001.89
2021-09-15,Latin America,Accessories,ExpressKey Remote,Support Plan,162,223483.54,16993.49,240477.03,0,2021,9,2,1484.43,6646001.89
2021-09-16,Latin America,Mobile Studio,MobileStudio Pro 16,Cloud Services,206,253501.53,12005.99,265507.52,0,2021,9,3,1288.87,6646001.89
2021-09-17,Latin America,Mobile Studio,MobileStudio Pro 16,Training,194,208713.22,8483.49,217196.71,0,2021,9,4,1119.57,6646001.89
2021-09-18,Latin America,Mobile Studio,MobileStudio Pro 13,Extended Warranty,194,24373.34,3511.82,27885.16,0,2021,9,5,143.74,6646001.89
2021-09-19,Europe,Pen Tablet,Wacom Intuos M,Training,211,18866.3,2832.42,21698.72,0,2021,9,6,102.84,6646001.89
2021-09-20,Latin America,Accessories,Pro Pen 2,Cloud Services,260,273502.84,21291.61,294794.45,0,2021,9,0,1133.82,6646001.89
2021-09-21,Japan,Mobile Studio,MobileStudio Pro 13,Cloud Services,94,94259.37,16510.3,110769.67,0,2021,9,1,1178.4,6646001.89
2021-09-22,APAC,Pen Tablet,Wacom Intuos M,Cloud Services,133,146585.82,23884.79,170470.61,0,2021,9,2,1281.73,6646001.89
2021-09-23,North America,Mobile Studio,MobileStudio Pro 13,Support Plan,204,185361.19,22060.76,207421.95,0,2021,9,3,1016.77,6646001.89
2021-09-24,APAC,Mobile Studio,MobileStudio Pro 16,Extended Warranty,229,164049.44,16153.41,180202.85,0,2021,9,4,786.91,6646001.89
2021-09-25,Latin America,Pen Tablet,One by Wacom,Cloud Services,152,86512.79,7140.03,93652.82,0,2021,9,5,616.14,6646001.89
2021-09-26,North America,Mobile Studio,MobileStudio Pro 16,Support Plan,195,171116.83,23377.6,194494.43,0,2021,9,6,997.41,6646001.89
2021-09-27,APAC,Mobile Studio,MobileStudio Pro 13,Extended Warranty,179,204809.91,9342.06,214151.97,0,2021,9,0,1196.38,6646001.89
2021-09-28,Latin America,Mobile Studio,MobileStudio Pro 13,Extended Warranty,116,37137.71,2465.44,39603.15,0,2021,9,1,341.41,6646001.89
2021-09-29,North America,Display Tablet,Cintiq 16,Support Plan,215,166966.8,25588.62,192555.42,0,2021,9,2,895.61,6646001.89
2021-09-30,Europe,Display Tablet,Cintiq Pro 24,Support Plan,206,325237.67,41888.28,367125.95,0,2021,9,3,1782.16,6646001.89
2021-10-01,North America,Display Tablet,Cintiq 16,Training,197,196904.12,35264.74,232168.86,0,2021,10,4,1178.52,5991986.57
2021-10-02,APAC,Display Tablet,Cintiq Pro 24,Support Plan,150,89855.34,14953.59,104808.93,0,2021,10,5,698.73,5991986.57
2021-10-03,Europe,Display Tablet,Wacom One Display,Cloud Services,128,36109.76,1746.82,37856.58,0,2021,10,6,295.75,5991986.57
2021-10-04,Latin America,Pen Tablet,Wacom Intuos M,Support Plan,164,271433.31,32420.74,303854.05,0,2021,10,0,1852.77,5991986.57
2021-10-05,APAC,Mobile Studio,MobileStudio Pro 13,Training,216,377190.86,31492.26,408683.12,0,2021,10,1,1892.05,5991986.57
2021-10-06,Japan,Accessories,Pro Pen 2,Training,134,32451.05,5238.33,37689.38,0,2021,10,2,281.26,5991986.57
2021-10-07,Japan,Pen Tablet,Wacom Intuos M,Cloud Services,213,325571.78,56022.29,381594.07,0,2021,10,3,1791.52,5991986.57
2021-10-08,Latin America,Mobile Studio,MobileStudio Pro 13,Cloud Services,202,204992.11,33997.74,238989.85,0,2021,10,4,1183.12,5991986.57
2021-10-09,Japan,Pen Tablet,Wacom Intuos M,Extended Warranty,65,56225.95,5290.18,61516.13,0,2021,10,5,946.4,5991986.57
2021-10-10,North America,Display Tablet,Cintiq 16,Training,229,48820.53,7283.13,56103.66,0,2021,10,6,244.99,5991986.57
2021-10-11,North America,Mobile Studio,MobileStudio Pro 13,Cloud Services,239,33580.14,2083.76,35663.9,0,2021,10,0,149.22,5991986.57
2021-10-12,Europe,Accessories,Pro Pen 2,Cloud Services,204,197288.35,33749.09,231037.44,0,2021,10,1,1132.54,5991986.57
2021-10-13,North America,Accessories,Wacom Stand,Support Plan,167,57480.59,2808.85,60289.44,0,2021,10,2,361.01,5991986.57
2021-10-14,North America,Pen Tablet,One by Wacom,Extended Warranty,190,190763.13,24348.73,215111.86,0,2021,10,3,1132.17,5991986.57
2021-10-15,Japan,Accessories,Pro Pen 2,Cloud Services,269,421338.83,72823.38,494162.21,0,2021,10,4,1837.03,5991986.57
2021-10-16,North America,Pen Tablet,Wacom Intuos S,Support Plan,269,224100.54,38634.29,262734.83,0,2021,10,5,976.71,5991986.57
2021-10-17,Europe,Accessories,ExpressKey Remote,Cloud Services,171,67447.72,5726.5,73174.22,0,2021,10,6,427.92,5991986.57
2021-10-18,North America,Pen Tablet,Wacom Intuos S,Extended Warranty,212,100333.33,14153.72,114487.05,0,2021,10,0,540.03,5991986.57
2021-10-19,APAC,Accessories,Pro Pen 2,Cloud Services,142,37569.97,4120.32,41690.29,0,2021,10,1,293.59,5991986.57
2021-10-20,North America,Mobile Studio,MobileStudio Pro 16,Extended Warranty,162,290155.22,31359.77,321514.99,0,2021,10,2,1984.66,5991986.57
2021-10-21,Latin America,Mobile Studio,MobileStudio Pro 13,Training,194,213377.77,15345.17,228722.94,0,2021,10,3,1178.98,5991986.57
2021-10-22,APAC,Mobile Studio,MobileStudio Pro 16,Support Plan,273,242066.02,40073.0,282139.02,0,2021,10,4,1033.48,5991986.57
2021-10-23,APAC,Display Tablet,Cintiq 16,Support Plan,200,238975.2,35713.88,274689.08,0,2021,10,5,1373.45,5991986.57
2021-10-24,Japan,Accessories,ExpressKey Remote,Extended Warranty,271,315832.22,28006.2,343838.42,0,2021,10,6,1268.78,5991986.57
2021-10-25,APAC,Display Tablet,Cintiq 16,Extended Warranty,151,108413.35,10788.37,119201.72,0,2021,10,0,789.42,5991986.57
2021-10-26,Europe,Mobile Studio,MobileStudio Pro 16,Extended Warranty,128,111449.64,7820.35,119269.99,0,2021,10,1,931.8,5991986.57
2021-10-27,Europe,Mobile Studio,MobileStudio Pro 16,Support Plan,225,260581.27,37684.68,298265.95,0,2021,10,2,1325.63,5991986.57
2021-10-28,APAC,Pen Tablet,Wacom Intuos M,Training,263,453517.27,27945.39,481462.66,0,2021,10,3,1830.66,5991986.57
2021-10-29,Europe,Display Tablet,Wacom One Display,Training,202,322888.91,47295.62,370184.53,0,2021,10,4,1832.6,5991986.57
2021-10-30,Latin America,Pen Tablet,Wacom Intuos M,Support Plan,215,194114.14,11771.01,205885.15,0,2021,10,5,957.61,5991986.57
2021-10-31,Europe,Display Tablet,Wacom One Display,Training,179,183727.8,25483.77,209211.57,0,2021,10,6,1168.78,5991986.57
2021-11-01,Japan,Pen Tablet,One by Wacom,Training,192,262376.26,40434.87,302811.13,0,2021,11,0,1577.14,5293366.73
2021-11-02,Japan,Pen Tablet,Wacom Intuos S,Cloud Services,155,108592.1,7024.8,115616.9,0,2021,11,1,745.92,5293366.73
2021-11-03,Europe,Pen Tablet,Wacom Intuos S,Training,95,130440.97,10949.03,141390.0,0,2021,11,2,1488.32,5293366.73
2021-11-04,Europe,Pen Tablet,One by Wacom,Support Plan,201,120820.93,11079.06,131899.99,0,2021,11,3,656.22,5293366.73
2021-11-05,Japan,Accessories,Pro Pen 2,Cloud Services,151,141402.86,18385.17,159788.03,0,2021,11,4,1058.2,5293366.73
2021-11-06,APAC,Pen Tablet,Wacom Intuos M,Cloud Services,70,112729.45,18848.95,131578.4,0,2021,11,5,1879.69,5293366.73
2021-11-07,Europe,Mobile Studio,MobileStudio Pro 16,Training,227,24331.12,2598.76,26929.88,0,2021,11,6,118.63,5293366.73
2021-11-08,Japan,Display Tablet,Cintiq 16,Training,192,197706.21,31064.75,228770.96,0,2021,11,0,1191.52,5293366.73
2021-11-09,APAC,Accessories,Pro Pen 2,Support Plan,209,321500.4,57637.11,379137.51,0,2021,11,1,1814.06,5293366.73
2021-11-10,North America,Mobile Studio,MobileStudio Pro 16,Cloud Services,213,164192.76,12730.18,176922.94,0,2021,11,2,830.62,5293366.73
2021-11-11,APAC,Accessories,ExpressKey Remote,Cloud Services,108,112108.65,9134.83,121243.48,0,2021,11,3,1122.62,5293366.73
2021-11-12,Europe,Pen Tablet,One by Wacom,Support Plan,151,258630.51,24932.79,283563.3,0,2021,11,4,1877.9,5293366.73
2021-11-13,North America,Pen Tablet,Wacom Intuos M,Extended Warranty,150,57269.26,8801.05,66070.31,0,2021,11,5,440.47,5293366.73
2021-11-14,Latin America,Accessories,Pro Pen 2,Cloud Services,185,230446.88,35494.89,265941.77,0,2021,11,6,1437.52,5293366.73
2021-11-15,Latin America,Display Tablet,Wacom One Display,Training,133,71169.35,7130.74,78300.09,0,2021,11,0,588.72,5293366.73
2021-11-16,APAC,Accessories,ExpressKey Remote,Training,171,240696.33,22376.22,263072.55,0,2021,11,1,1538.44,5293366.73
2021-11-17,Latin America,Mobile Studio,MobileStudio Pro 16,Support Plan,181,192295.82,34453.81,226749.63,0,2021,11,2,1252.76,5293366.73
2021-11-18,Europe,Accessories,Pro Pen 2,Support Plan,173,254845.97,13370.72,268216.69,0,2021,11,3,1550.39,5293366.73
2021-11-19,Europe,Pen Tablet,Wacom Intuos S,Extended Warranty,86,34812.68,2345.31,37157.99,0,2021,11,4,432.07,5293366.73
2021-11-20,Japan,Mobile Studio,MobileStudio Pro 13,Training,123,145714.92,19912.86,165627.78,0,2021,11,5,1346.57,5293366.73
2021-11-21,North America,Pen Tablet,Wacom Intuos M,Training,192,320286.1,23836.52,344122.62,0,2021,11,6,1792.31,5293366.73
2021-11-22,North America,Accessories,Wacom Stand,Cloud Services,225,199205.55,13561.66,212767.21,0,2021,11,0,945.63,5293366.73
2021-11-23,Japan,Pen Tablet,One by Wacom,Training,200,289844.79,48422.83,338267.62,0,2021,11,1,1691.34,5293366.73
2021-11-24,APAC,Mobile Studio,MobileStudio Pro 16,Training,169,87564.44,5158.01,92722.45,0,2021,11,2,548.65,5293366.73
2021-11-25,Japan,Pen Tablet,Wacom Intuos M,Training,296,454737.17,43603.54,498340.71,0,2021,11,3,1683.58,5293366.73
2021-11-26,North America,Display Tablet,Wacom One Display,Support Plan,181,258214.07,17953.83,276167.9,0,2021,11,4,1525.79,5293366.73
2021-11-27,APAC,Display Tablet,Cintiq Pro 24,Cloud Services,86,40555.64,1909.16,42464.8,0,2021,11,5,493.78,5293366.73
2021-11-28,Japan,Accessories,Wacom Stand,Training,146,202522.88,11738.44,214261.32,0,2021,11,6,1467.54,5293366.73
2021-11-29,North America,Pen Tablet,Wacom Intuos M,Cloud Services,109,91440.44,14880.55,106320.99,0,2021,11,0,975.42,5293366.73
2021-11-30,Latin America,Pen Tablet,Wacom Intuos S,Extended Warranty,200,273777.38,21984.24,295761.62,0,2021,11,1,1478.81,5293366.73
2021-12-01,Latin America,Display Tablet,Wacom One Display,Support Plan,182,172731.89,20999.05,193730.94,0,2021,12,2,1064.46,6635110.569999999
2021-12-02,Latin America,Accessories,ExpressKey Remote,Cloud Services,159,80194.37,11476.88,91671.25,0,2021,12,3,576.55,6635110.569999999
2021-12-03,Europe,Display Tablet,Cintiq Pro 24,Extended Warranty,117,169392.54,29556.91,198949.45,0,2021,12,4,1700.42,6635110.569999999
2021-12-04,Latin America,Pen Tablet,Wacom Intuos M,Cloud Services,275,188519.97,24385.3,212905.27,0,2021,12,5,774.2,6635110.569999999
2021-12-05,North America,Mobile Studio,MobileStudio Pro 13,Cloud Services,152,119971.3,19504.39,139475.69,0,2021,12,6,917.6,6635110.569999999
2021-12-06,Japan,Pen Tablet,One by Wacom,Cloud Services,176,310739.1,50866.18,361605.28,0,2021,12,0,2054.58,6635110.569999999
2021-12-07,Europe,Accessories,Pro Pen 2,Cloud Services,115,129138.57,17070.48,146209.05,0,2021,12,1,1271.38,6635110.569999999
2021-12-08,Latin America,Accessories,Wacom Stand,Support Plan,119,155235.34,18456.43,173691.77,0,2021,12,2,1459.59,6635110.569999999
2021-12-09,Japan,Mobile Studio,MobileStudio Pro 13,Support Plan,205,321434.34,14247.58,335681.92,0,2021,12,3,1637.47,6635110.569999999
2021-12-10,Japan,Accessories,ExpressKey Remote,Cloud Services,158,216380.03,16459.11,232839.14,0,2021,12,4,1473.67,6635110.569999999
2021-12-11,Europe,Mobile Studio,MobileStudio Pro 16,Extended Warranty,187,84410.05,9654.9,94064.95,0,2021,12,5,503.02,6635110.569999999
2021-12-12,APAC,Display Tablet,Cintiq Pro 24,Support Plan,110,13942.86,2428.74,16371.6,0,2021,12,6,148.83,6635110.569999999
2021-12-13,North America,Display Tablet,Cintiq Pro 24,Extended Warranty,86,85516.18,9121.05,94637.23,0,2021,12,0,1100.43,6635110.569999999
2021-12-14,North America,Pen Tablet,Wacom Intuos S,Extended Warranty,220,353641.41,54335.35,407976.76,0,2021,12,1,1854.44,6635110.569999999
2021-12-15,Latin America,Pen Tablet,Wacom Intuos S,Extended Warranty,175,306676.22,51032.45,357708.67,0,2021,12,2,2044.05,6635110.569999999
2021-12-16,Latin America,Mobile Studio,MobileStudio Pro 16,Training,204,90626.62,4766.98,95393.6,0,2021,12,3,467.62,6635110.569999999
2021-12-17,Europe,Pen Tablet,One by Wacom,Support Plan,256,53089.08,3108.68,56197.76,0,2021,12,4,219.52,6635110.569999999
2021-12-18,APAC,Mobile Studio,MobileStudio Pro 16,Extended Warranty,182,212060.69,34672.88,246733.57,0,2021,12,5,1355.68,6635110.569999999
2021-12-19,Japan,Display Tablet,Cintiq 16,Extended Warranty,122,103640.9,9166.93,112807.83,0,2021,12,6,924.65,6635110.569999999
2021-12-20,North America,Pen Tablet,Wacom Intuos S,Support Plan,147,77676.34,4776.66,82453.0,0,2021,12,0,560.9,6635110.569999999
2021-12-21,APAC,Accessories,Pro Pen 2,Cloud Services,127,160020.73,25586.89,185607.62,0,2021,12,1,1461.48,6635110.569999999
2021-12-22,Latin America,Accessories,Pro Pen 2,Cloud Services,160,72414.47,9880.68,82295.15,0,2021,12,2,514.34,6635110.569999999
2021-12-23,North America,Mobile Studio,MobileStudio Pro 16,Training,157,90826.8,10681.23,101508.03,0,2021,12,3,646.55,6635110.569999999
2021-12-24,Japan,Display Tablet,Cintiq 16,Extended Warranty,138,43102.54,5909.17,49011.71,0,2021,12,4,355.16,6635110.569999999
2021-12-25,Japan,Mobile Studio,MobileStudio Pro 16,Extended Warranty,137,116253.1,11307.35,127560.45,0,2021,12,5,931.1,6635110.569999999
2021-12-26,Latin America,Display Tablet,Wacom One Display,Support Plan,143,194165.24,14210.7,208375.94,0,2021,12,6,1457.17,6635110.569999999
2021-12-27,Japan,Accessories,Wacom Stand,Extended Warranty,182,162488.93,17855.45,180344.38,0,2021,12,0,990.9,6635110.569999999
2021-12-28,APAC,Pen Tablet,Wacom Intuos S,Cloud Services,126,124650.66,15491.53,140142.19,0,2021,12,1,1112.24,6635110.569999999
2021-12-29,North America,Accessories,Wacom Stand,Support Plan,183,166225.77,28098.12,194323.89,0,2021,12,2,1061.88,6635110.569999999
2021-12-30,Japan,Display Tablet,Cintiq 16,Training,224,191518.1,12510.69,204028.79,0,2021,12,3,910.84,6635110.569999999
2021-12-31,North America,Display Tablet,Wacom One Display,Support Plan,179,147307.43,21756.42,169063.85,0,2021,12,4,944.49,6635110.569999999
2022-01-01,APAC,Mobile Studio,MobileStudio Pro 16,Support Plan,166,57330.92,9846.62,67177.54,0,2022,1,5,404.68,4573206.76
2022-01-02,Japan,Accessories,Pro Pen 2,Extended Warranty,197,233146.64,22782.2,255928.84,0,2022,1,6,1299.13,4573206.76
2022-01-03,North America,Display Tablet,Cintiq Pro 24,Support Plan,199,187131.76,27293.74,214425.5,0,2022,1,0,1077.52,4573206.76
2022-01-04,Europe,Display Tablet,Cintiq Pro 24,Cloud Services,101,57918.95,4347.43,62266.38,0,2022,1,1,616.5,4573206.76
2022-01-05,APAC,Mobile Studio,MobileStudio Pro 13,Extended Warranty,206,367355.33,41786.03,409141.36,0,2022,1,2,1986.12,4573206.76
2022-01-06,APAC,Display Tablet,Cintiq 16,Cloud Services,210,90434.46,10309.15,100743.61,0,2022,1,3,479.73,4573206.76
2022-01-07,Europe,Mobile Studio,MobileStudio Pro 16,Training,214,379907.42,67588.01,447495.43,0,2022,1,4,2091.1,4573206.76
2022-01-08,Japan,Accessories,Wacom Stand,Cloud Services,182,114998.91,13411.13,128410.04,0,2022,1,5,705.55,4573206.76
2022-01-09,North America,Pen Tablet,Wacom Intuos S,Extended Warranty,188,147075.33,21308.92,168384.25,0,2022,1,6,895.66,4573206.76
2022-01-10,Japan,Accessories,ExpressKey Remote,Training,180,72825.3,11584.53,84409.83,0,2022,1,0,468.94,4573206.76
2022-01-11,North America,Accessories,ExpressKey Remote,Support Plan,181,186945.4,8031.52,194976.92,0,2022,1,1,1077.22,4573206.76
2022-01-12,North America,Accessories,Pro Pen 2,Support Plan,189,104527.09,5131.5,109658.59,0,2022,1,2,580.2,4573206.76
2022-01-13,Latin America,Pen Tablet,One by Wacom,Extended Warranty,173,266406.58,16452.1,282858.68,0,2022,1,3,1635.02,4573206.76
2022-01-14,Europe,Mobile Studio,MobileStudio Pro 16,Training,136,27674.79,4217.23,31892.02,0,2022,1,4,234.5,4573206.76
2022-01-15,North America,Mobile Studio,MobileStudio Pro 16,Support Plan,171,279536.3,32685.93,312222.23,0,2022,1,5,1825.86,4573206.76
2022-01-16,Latin America,Mobile Studio,MobileStudio Pro 13,Support Plan,157,208289.53,25811.19,234100.72,0,2022,1,6,1491.09,4573206.76
2022-01-17,Latin America,Accessories,Wacom Stand,Training,209,188275.69,17011.33,205287.02,0,2022,1,0,982.23,4573206.76
2022-01-18,APAC,Mobile Studio,MobileStudio Pro 13,Support Plan,236,307655.28,13100.36,320755.64,0,2022,1,1,1359.13,4573206.76
2022-01-19,Japan,Display Tablet,Cintiq 16,Extended Warranty,137,193969.44,29769.03,223738.47,0,2022,1,2,1633.13,4573206.76
2022-01-20,North America,Pen Tablet,Wacom Intuos M,Support Plan,148,165443.02,12305.53,177748.55,0,2022,1,3,1201.0,4573206.76
2022-01-21,Latin America,Pen Tablet,One by Wacom,Support Plan,117,92659.34,5998.15,98657.49,0,2022,1,4,843.23,4573206.76
2022-01-22,Japan,Pen Tablet,Wacom Intuos M,Cloud Services,222,372708.12,15840.29,388548.41,0,2022,1,5,1750.22,4573206.76
2022-01-23,Japan,Display Tablet,Cintiq Pro 24,Cloud Services,181,252023.17,44312.79,296335.96,0,2022,1,6,1637.22,4573206.76
2022-01-24,Europe,Pen Tablet,Wacom Intuos M,Cloud Services,200,42885.71,6817.56,49703.27,0,2022,1,0,248.52,4573206.76
2022-01-25,Latin America,Pen Tablet,Wacom Intuos S,Extended Warranty,155,164853.07,10138.66,174991.73,0,2022,1,1,1128.98,4573206.76
2022-01-26,APAC,Mobile Studio,MobileStudio Pro 16,Support Plan,221,340393.68,36131.3,376524.98,0,2022,1,2,1703.73,4573206.76
2022-01-27,Japan,Mobile Studio,MobileStudio Pro 16,Training,156,209191.96,19174.2,228366.16,0,2022,1,3,1463.89,4573206.76
2022-01-28,Europe,Accessories,Pro Pen 2,Support Plan,163,277298.48,39592.81,316891.29,0,2022,1,4,1944.12,4573206.76
2022-01-29,Latin America,Pen Tablet,One by Wacom,Cloud Services,178,275003.26,20305.68,295308.94,0,2022,1,5,1659.04,4573206.76
2022-01-30,Japan,Mobile Studio,MobileStudio Pro 16,Cloud Services,183,232745.57,41480.79,274226.36,0,2022,1,6,1498.5,4573206.76
2022-01-31,Japan,Mobile Studio,MobileStudio Pro 13,Support Plan,149,98987.53,4946.83,103934.36,0,2022,1,0,697.55,4573206.76
2022-02-01,APAC,Display Tablet,Cintiq 16,Cloud Services,189,124037.04,19647.21,143684.25,0,2022,2,1,760.23,5084310.07
2022-02-02,Europe,Mobile Studio,MobileStudio Pro 16,Cloud Services,216,371329.33,48685.45,420014.78,0,2022,2,2,1944.51,5084310.07
2022-02-03,Europe,Pen Tablet,One by Wacom,Cloud Services,154,49837.33,3058.85,52896.18,0,2022,2,3,343.48,5084310.07
2022-02-04,North America,Pen Tablet,Wacom Intuos M,Support Plan,189,60562.15,6162.25,66724.4,0,2022,2,4,353.04,5084310.07
2022-02-05,Japan,Mobile Studio,MobileStudio Pro 13,Extended Warranty,167,22564.2,2843.41,25407.61,0,2022,2,5,152.14,5084310.07
2022-02-06,Europe,Display Tablet,Cintiq 16,Extended Warranty,104,10784.49,806.26,11590.75,0,2022,2,6,111.45,5084310.07
2022-02-07,Europe,Display Tablet,Cintiq 16,Training,157,114591.28,13093.4,127684.68,0,2022,2,0,813.28,5084310.07
2022-02-08,North America,Pen Tablet,Wacom Intuos S,Support Plan,187,125871.53,12458.67,138330.2,0,2022,2,1,739.73,5084310.07
2022-02-09,North America,Mobile Studio,MobileStudio Pro 13,Cloud Services,201,23778.78,2953.14,26731.92,0,2022,2,2,132.99,5084310.07
2022-02-10,Latin America,Pen Tablet,Wacom Intuos M,Training,192,224188.93,38130.67,262319.6,0,2022,2,3,1366.25,5084310.07
2022-02-11,APAC,Accessories,Wacom Stand,Support Plan,153,156185.31,9456.09,165641.4,0,2022,2,4,1082.62,5084310.07
2022-02-12,North America,Accessories,ExpressKey Remote,Cloud Services,176,151063.2,23863.7,174926.9,0,2022,2,5,993.9,5084310.07
2022-02-13,North America,Mobile Studio,MobileStudio Pro 13,Training,251,225093.83,13129.49,238223.32,0,2022,2,6,949.1,5084310.07
2022-02-14,APAC,Pen Tablet,One by Wacom,Cloud Services,186,176140.12,9282.28,185422.4,0,2022,2,0,996.89,5084310.07
2022-02-15,North America,Mobile Studio,MobileStudio Pro 13,Cloud Services,180,315063.44,24019.49,339082.93,0,2022,2,1,1883.79,5084310.07
2022-02-16,APAC,Accessories,ExpressKey Remote,Cloud Services,121,67846.91,10839.67,78686.58,0,2022,2,2,650.3,5084310.07
2022-02-17,Europe,Accessories,ExpressKey Remote,Extended Warranty,232,92974.29,7642.12,100616.41,0,2022,2,3,433.69,5084310.07
2022-02-18,Japan,Pen Tablet,One by Wacom,Training,209,261178.96,17077.19,278256.15,0,2022,2,4,1331.37,5084310.07
2022-02-19,Europe,Mobile Studio,MobileStudio Pro 16,Training,216,146888.71,20615.13,167503.84,0,2022,2,5,775.48,5084310.07
2022-02-20,APAC,Display Tablet,Cintiq 16,Training,140,148925.71,10415.32,159341.03,0,2022,2,6,1138.15,5084310.07
2022-02-21,Japan,Pen Tablet,Wacom Intuos M,Training,210,195449.6,11209.29,206658.89,0,2022,2,0,984.09,5084310.07
2022-02-22,APAC,Accessories,Pro Pen 2,Extended Warranty,182,267165.82,45729.98,312895.8,0,2022,2,1,1719.21,5084310.07
2022-02-23,North America,Pen Tablet,Wacom Intuos S,Extended Warranty,136,243117.64,21349.46,264467.1,0,2022,2,2,1944.61,5084310.07
2022-02-24,North America,Mobile Studio,MobileStudio Pro 13,Extended Warranty,167,64463.58,8111.8,72575.38,0,2022,2,3,434.58,5084310.07
2022-02-25,North America,Display Tablet,Wacom One Display,Cloud Services,172,25463.49,1404.44,26867.93,0,2022,2,4,156.21,5084310.07
2022-02-26,Europe,Accessories,Pro Pen 2,Training,182,74958.48,6971.66,81930.14,0,2022,2,5,450.17,5084310.07
2022-02-27,Latin America,Display Tablet,Cintiq 16,Training,143,33510.31,1458.66,34968.97,0,2022,2,6,244.54,5084310.07
2022-02-28,Europe,Pen Tablet,One by Wacom,Cloud Services,220,368954.3,40802.92,409757.22,0,2022,2,0,1862.53,5084310.07
2022-03-01,Latin America,Accessories,ExpressKey Remote,Training,198,276285.54,43707.86,319993.4,0,2022,3,1,1616.13,4556259.82
2022-03-02,North America,Display Tablet,Cintiq Pro 24,Training,183,268462.06,22331.84,290793.9,0,2022,3,2,1589.04,4556259.82
2022-03-03,Japan,Pen Tablet,Wacom Intuos M,Support Plan,241,338498.0,17960.0,356458.0,0,2022,3,3,1479.08,4556259.82
2022-03-04,North America,Display Tablet,Cintiq 16,Support Plan,168,244383.46,30386.01,274769.47,0,2022,3,4,1635.53,4556259.82
2022-03-05,Europe,Mobile Studio,MobileStudio Pro 16,Support Plan,188,148968.44,6844.22,155812.66,0,2022,3,5,828.79,4556259.82
2022-03-06,Japan,Mobile Studio,MobileStudio Pro 13,Training,199,161424.13,26331.12,187755.25,0,2022,3,6,943.49,4556259.82
2022-03-07,Latin America,Pen Tablet,One by Wacom,Cloud Services,210,135204.15,14920.01,150124.16,0,2022,3,0,714.88,4556259.82
2022-03-08,Japan,Pen Tablet,Wacom Intuos S,Training,178,60715.62,5420.1,66135.72,0,2022,3,1,371.55,4556259.82
2022-03-09,Japan,Mobile Studio,MobileStudio Pro 16,Training,222,115786.64,20351.59,136138.23,0,2022,3,2,613.24,4556259.82
2022-03-10,Japan,Pen Tablet,Wacom Intuos M,Cloud Services,148,48013.98,5459.4,53473.38,0,2022,3,3,361.31,4556259.82
2022-03-11,Europe,Mobile Studio,MobileStudio Pro 13,Cloud Services,230,122620.55,20863.13,143483.68,0,2022,3,4,623.84,4556259.82
2022-03-12,Europe,Accessories,Pro Pen 2,Extended Warranty,151,27364.14,3384.94,30749.08,0,2022,3,5,203.64,4556259.82
2022-03-13,North America,Pen Tablet,Wacom Intuos M,Support Plan,185,97072.89,12892.19,109965.08,0,2022,3,6,594.41,4556259.82
2022-03-14,Europe,Display Tablet,Wacom One Display,Cloud Services,188,75176.69,6409.36,81586.05,0,2022,3,0,433.97,4556259.82
2022-03-15,Europe,Pen Tablet,Wacom Intuos S,Extended Warranty,150,52323.16,2855.86,55179.02,0,2022,3,1,367.86,4556259.82
2022-03-16,APAC,Mobile Studio,MobileStudio Pro 16,Training,232,211047.32,35694.45,246741.77,0,2022,3,2,1063.54,4556259.82
2022-03-17,Latin America,Accessories,Pro Pen 2,Support Plan,111,189775.37,15952.6,205727.97,0,2022,3,3,1853.41,4556259.82
2022-03-18,APAC,Display Tablet,Cintiq 16,Training,168,68355.47,11331.46,79686.93,0,2022,3,4,474.33,4556259.82
2022-03-19,Japan,Accessories,Pro Pen 2,Extended Warranty,200,29330.46,3857.61,33188.07,0,2022,3,5,165.94,4556259.82
2022-03-20,Japan,Pen Tablet,Wacom Intuos S,Extended Warranty,105,179943.16,26054.33,205997.49,0,2022,3,6,1961.88,4556259.82
2022-03-21,Japan,Display Tablet,Cintiq Pro 24,Support Plan,161,114881.87,13234.87,128116.74,0,2022,3,0,795.76,4556259.82
2022-03-22,Latin America,Display Tablet,Wacom One Display,Support Plan,140,72495.47,6816.68,79312.15,0,2022,3,1,566.52,4556259.82
2022-03-23,APAC,Pen Tablet,One by Wacom,Training,180,134572.43,11889.97,146462.4,0,2022,3,2,813.68,4556259.82
2022-03-24,Latin America,Mobile Studio,MobileStudio Pro 16,Cloud Services,183,199567.64,34977.89,234545.53,0,2022,3,3,1281.67,4556259.82
2022-03-25,North America,Display Tablet,Cintiq 16,Cloud Services,197,35656.24,3568.26,39224.5,0,2022,3,4,199.11,4556259.82
2022-03-26,Japan,Accessories,Wacom Stand,Cloud Services,231,55345.52,6568.48,61914.0,0,2022,3,5,268.03,4556259.82
2022-03-27,APAC,Pen Tablet,One by Wacom,Cloud Services,176,233077.14,37691.06,270768.2,0,2022,3,6,1538.46,4556259.82
2022-03-28,Latin America,Mobile Studio,MobileStudio Pro 16,Extended Warranty,183,279811.14,45236.38,325047.52,0,2022,3,0,1776.22,4556259.82
2022-03-29,North America,Pen Tablet,One by Wacom,Extended Warranty,203,316638.37,41408.6,358046.97,0,2022,3,1,1763.78,4556259.82
2022-03-30,North America,Display Tablet,Cintiq 16,Support Plan,128,165183.7,11333.31,176517.01,0,2022,3,2,1379.04,4556259.82
2022-03-31,Japan,Mobile Studio,MobileStudio Pro 13,Cloud Services,176,74561.92,6033.82,80595.74,0,2022,3,3,457.93,4556259.82
2022-04-01,North America,Pen Tablet,Wacom Intuos M,Extended Warranty,124,75531.0,6184.29,81715.29,0,2022,4,4,658.99,5764981.58
2022-04-02,North America,Mobile Studio,MobileStudio Pro 13,Extended Warranty,150,13253.19,1883.67,15136.86,0,2022,4,5,100.91,5764981.58
2022-04-03,Europe,Accessories,Wacom Stand,Cloud Services,207,189611.55,19161.97,208773.52,0,2022,4,6,1008.57,5764981.58
2022-04-04,APAC,Pen Tablet,One by Wacom,Extended Warranty,189,209572.41,34733.86,244306.27,0,2022,4,0,1292.63,5764981.58
2022-04-05,Latin America,Mobile Studio,MobileStudio Pro 16,Support Plan,185,72300.71,6456.23,78756.94,0,2022,4,1,425.71,5764981.58
2022-04-06,Europe,Pen Tablet,One by Wacom,Support Plan,171,159648.45,26931.8,186580.25,0,2022,4,2,1091.11,5764981.58
2022-04-07,Latin America,Accessories,Pro Pen 2,Support Plan,205,44705.78,3432.61,48138.39,0,2022,4,3,234.82,5764981.58
2022-04-08,Europe,Display Tablet,Cintiq Pro 24,Support Plan,255,271998.8,29843.64,301842.44,0,2022,4,4,1183.7,5764981.58
2022-04-09,North America,Accessories,ExpressKey Remote,Training,224,71312.31,7129.45,78441.76,0,2022,4,5,350.19,5764981.58
2022-04-10,Europe,Pen Tablet,Wacom Intuos M,Cloud Services,271,286317.58,14224.14,300541.72,0,2022,4,6,1109.01,5764981.58
2022-04-11,APAC,Display Tablet,Wacom One Display,Support Plan,228,131205.6,18542.54,149748.14,0,2022,4,0,656.79,5764981.58
2022-04-12,Latin America,Pen Tablet,One by Wacom,Cloud Services,149,34710.66,1503.87,36214.53,0,2022,4,1,243.05,5764981.58
2022-04-13,Japan,Accessories,Pro Pen 2,Cloud Services,69,70589.08,7035.91,77624.99,0,2022,4,2,1125.0,5764981.58
2022-04-14,Latin America,Display Tablet,Cintiq Pro 24,Training,180,320622.86,19563.81,340186.67,0,2022,4,3,1889.93,5764981.58
2022-04-15,Latin America,Mobile Studio,MobileStudio Pro 16,Support Plan,234,375452.04,49983.91,425435.95,0,2022,4,4,1818.1,5764981.58
2022-04-16,APAC,Accessories,Wacom Stand,Training,196,139261.81,15736.87,154998.68,0,2022,4,5,790.81,5764981.58
2022-04-17,Japan,Display Tablet,Cintiq 16,Training,225,115080.07,10484.56,125564.63,0,2022,4,6,558.07,5764981.58
2022-04-18,Latin America,Pen Tablet,One by Wacom,Cloud Services,238,73806.81,10121.89,83928.7,0,2022,4,0,352.64,5764981.58
2022-04-19,North America,Accessories,Wacom Stand,Support Plan,190,18016.12,839.82,18855.94,0,2022,4,1,99.24,5764981.58
2022-04-20,North America,Display Tablet,Cintiq Pro 24,Cloud Services,213,291103.28,14572.83,305676.11,0,2022,4,2,1435.1,5764981.58
2022-04-21,Europe,Accessories,ExpressKey Remote,Cloud Services,97,9584.35,1182.0,10766.35,0,2022,4,3,110.99,5764981.58
2022-04-22,Latin America,Pen Tablet,Wacom Intuos M,Training,152,44559.19,5246.21,49805.4,0,2022,4,4,327.67,5764981.58
2022-04-23,Europe,Mobile Studio,MobileStudio Pro 16,Cloud Services,178,287500.5,43932.43,331432.93,0,2022,4,5,1861.98,5764981.58
2022-04-24,Japan,Pen Tablet,One by Wacom,Extended Warranty,192,124268.32,21184.3,145452.62,0,2022,4,6,757.57,5764981.58
2022-04-25,Latin America,Mobile Studio,MobileStudio Pro 16,Cloud Services,165,165724.78,17930.78,183655.56,0,2022,4,0,1113.06,5764981.58
2022-04-26,Europe,Display Tablet,Wacom One Display,Support Plan,164,32124.94,5474.24,37599.18,0,2022,4,1,229.26,5764981.58
2022-04-27,North America,Accessories,Pro Pen 2,Support Plan,175,43177.3,7169.11,50346.41,0,2022,4,2,287.69,5764981.58
2022-04-28,North America,Accessories,Wacom Stand,Support Plan,152,177292.97,25889.9,203182.87,0,2022,4,3,1336.73,5764981.58
2022-04-29,Latin America,Pen Tablet,Wacom Intuos M,Extended Warranty,118,74887.16,10305.84,85193.0,0,2022,4,4,721.97,5764981.58
2022-04-30,North America,Pen Tablet,Wacom Intuos M,Extended Warranty,206,171363.21,24994.51,196357.72,0,2022,4,5,953.19,5764981.58
2022-05-01,Japan,Display Tablet,Cintiq Pro 24,Support Plan,113,113885.12,12230.41,126115.53,0,2022,5,6,1116.07,6746305.71
2022-05-02,North America,Accessories,ExpressKey Remote,Support Plan,172,186228.29,22706.22,208934.51,0,2022,5,0,1214.74,6746305.71
2022-05-03,APAC,Display Tablet,Cintiq 16,Extended Warranty,191,274890.68,35039.35,309930.03,0,2022,5,1,1622.67,6746305.71
2022-05-04,North America,Accessories,ExpressKey Remote,Extended Warranty,114,62680.53,7135.3,69815.83,0,2022,5,2,612.42,6746305.71
2022-05-05,Japan,Accessories,Wacom Stand,Extended Warranty,143,157115.95,11162.04,168277.99,0,2022,5,3,1176.77,6746305.71
2022-05-06,Latin America,Pen Tablet,Wacom Intuos M,Cloud Services,234,256731.62,22439.06,279170.68,0,2022,5,4,1193.04,6746305.71
2022-05-07,Latin America,Mobile Studio,MobileStudio Pro 13,Cloud Services,105,102267.51,9362.85,111630.36,0,2022,5,5,1063.15,6746305.71
2022-05-08,APAC,Display Tablet,Wacom One Display,Support Plan,225,162499.43,27979.17,190478.6,0,2022,5,6,846.57,6746305.71
2022-05-09,Latin America,Display Tablet,Cintiq 16,Support Plan,119,78764.37,12145.65,90910.02,0,2022,5,0,763.95,6746305.71
2022-05-10,Latin America,Accessories,ExpressKey Remote,Cloud Services,141,38156.25,4777.63,42933.88,0,2022,5,1,304.5,6746305.71
2022-05-11,North America,Accessories,Wacom Stand,Training,219,365309.66,59806.04,425115.7,0,2022,5,2,1941.17,6746305.71
2022-05-12,Latin America,Mobile Studio,MobileStudio Pro 16,Extended Warranty,209,311296.16,34181.57,345477.73,0,2022,5,3,1653.0,6746305.71
2022-05-13,APAC,Pen Tablet,One by Wacom,Extended Warranty,210,316289.16,24926.03,341215.19,0,2022,5,4,1624.83,6746305.71
2022-05-14,Japan,Accessories,Pro Pen 2,Cloud Services,146,145380.14,18888.43,164268.57,0,2022,5,5,1125.13,6746305.71
2022-05-15,APAC,Accessories,ExpressKey Remote,Training,106,26119.99,1895.85,28015.84,0,2022,5,6,264.3,6746305.71
2022-05-16,Europe,Display Tablet,Cintiq Pro 24,Support Plan,132,135117.34,9474.21,144591.55,0,2022,5,0,1095.39,6746305.71
2022-05-17,Europe,Display Tablet,Wacom One Display,Extended Warranty,206,238340.76,39971.83,278312.59,0,2022,5,1,1351.03,6746305.71
2022-05-18,Latin America,Display Tablet,Wacom One Display,Cloud Services,203,305724.22,39248.88,344973.1,0,2022,5,2,1699.37,6746305.71
2022-05-19,APAC,Mobile Studio,MobileStudio Pro 16,Extended Warranty,210,22753.37,3962.11,26715.48,0,2022,5,3,127.22,6746305.71
2022-05-20,North America,Accessories,ExpressKey Remote,Cloud Services,178,18035.53,2008.49,20044.02,0,2022,5,4,112.61,6746305.71
2022-05-21,North America,Display Tablet,Cintiq 16,Training,235,119779.7,13637.67,133417.37,0,2022,5,5,567.73,6746305.71
2022-05-22,North America,Accessories,ExpressKey Remote,Cloud Services,151,95103.54,7718.08,102821.62,0,2022,5,6,680.94,6746305.71
2022-05-23,Europe,Mobile Studio,MobileStudio Pro 16,Training,175,299950.53,23975.33,323925.86,0,2022,5,0,1851.0,6746305.71
2022-05-24,Latin America,Mobile Studio,MobileStudio Pro 16,Support Plan,189,165866.01,7354.38,173220.39,0,2022,5,1,916.51,6746305.71
2022-05-25,APAC,Accessories,ExpressKey Remote,Extended Warranty,240,232441.96,28951.17,261393.13,0,2022,5,2,1089.14,6746305.71
2022-05-26,Japan,Display Tablet,Cintiq 16,Support Plan,248,299235.06,53676.11,352911.17,0,2022,5,3,1423.03,6746305.71
2022-05-27,APAC,Display Tablet,Wacom One Display,Extended Warranty,180,270369.49,31451.73,301821.22,0,2022,5,4,1676.78,6746305.71
2022-05-28,Europe,Pen Tablet,Wacom Intuos S,Extended Warranty,251,72874.84,12364.35,85239.19,0,2022,5,5,339.6,6746305.71
2022-05-29,Europe,Display Tablet,Wacom One Display,Cloud Services,255,105763.93,4288.22,110052.15,0,2022,5,6,431.58,6746305.71
2022-05-30,Latin America,Mobile Studio,MobileStudio Pro 13,Training,158,135228.26,13026.8,148255.06,0,2022,5,0,938.32,6746305.71
2022-05-31,APAC,Accessories,Wacom Stand,Cloud Services,173,50859.56,4137.66,54997.22,0,2022,5,1,317.9,6746305.71
2022-06-01,Japan,Mobile Studio,MobileStudio Pro 16,Support Plan,204,347026.02,60067.8,407093.82,0,2022,6,2,1995.56,4953052.22
2022-06-02,Latin America,Display Tablet,Cintiq 16,Extended Warranty,211,290325.9,12896.68,303222.58,0,2022,6,3,1437.07,4953052.22
2022-06-03,Japan,Pen Tablet,One by Wacom,Extended Warranty,110,134817.1,12021.8,146838.9,0,2022,6,4,1334.9,4953052.22
2022-06-04,Latin America,Display Tablet,Cintiq Pro 24,Cloud Services,96,135300.44,10547.93,145848.37,0,2022,6,5,1519.25,4953052.22
2022-06-05,Europe,Pen Tablet,Wacom Intuos S,Support Plan,237,354475.28,58949.58,413424.86,0,2022,6,6,1744.41,4953052.22
2022-06-06,Latin America,Display Tablet,Cintiq Pro 24,Cloud Services,247,415636.23,49863.81,465500.04,0,2022,6,0,1884.62,4953052.22
2022-06-07,APAC,Pen Tablet,Wacom Intuos S,Extended Warranty,107,61665.3,4549.91,66215.21,0,2022,6,1,618.83,4953052.22
2022-06-08,Japan,Accessories,Pro Pen 2,Training,187,217642.08,24579.75,242221.83,0,2022,6,2,1295.3,4953052.22
2022-06-09,Europe,Pen Tablet,Wacom Intuos S,Training,230,343953.43,23310.97,367264.4,0,2022,6,3,1596.8,4953052.22
2022-06-10,Latin America,Mobile Studio,MobileStudio Pro 16,Cloud Services,193,301897.04,24377.3,326274.34,0,2022,6,4,1690.54,4953052.22
2022-06-11,Europe,Accessories,Wacom Stand,Extended Warranty,192,234830.8,37217.87,272048.67,0,2022,6,5,1416.92,4953052.22
2022-06-12,North America,Pen Tablet,Wacom Intuos M,Training,208,283020.85,29264.87,312285.72,0,2022,6,6,1501.37,4953052.22
2022-06-13,Europe,Accessories,Wacom Stand,Training,103,27008.75,1934.06,28942.81,0,2022,6,0,281.0,4953052.22
2022-06-14,APAC,Display Tablet,Cintiq Pro 24,Training,188,94580.42,10292.76,104873.18,0,2022,6,1,557.84,4953052.22
2022-06-15,Europe,Mobile Studio,MobileStudio Pro 16,Cloud Services,213,227631.32,23996.5,251627.82,0,2022,6,2,1181.35,4953052.22
2022-06-16,Japan,Display Tablet,Cintiq 16,Training,164,146228.11,17763.77,163991.88,0,2022,6,3,999.95,4953052.22
2022-06-17,North America,Pen Tablet,Wacom Intuos S,Training,149,203014.67,17823.26,220837.93,0,2022,6,4,1482.13,4953052.22
2022-06-18,Japan,Mobile Studio,MobileStudio Pro 16,Cloud Services,188,203456.2,16265.04,219721.24,0,2022,6,5,1168.73,4953052.22
2022-06-19,Europe,Accessories,Wacom Stand,Support Plan,147,76265.72,8508.21,84773.93,0,2022,6,6,576.69,4953052.22
2022-06-20,Europe,Pen Tablet,Wacom Intuos M,Training,180,319958.04,51986.5,371944.54,0,2022,6,0,2066.36,4953052.22
2022-06-21,Latin America,Pen Tablet,One by Wacom,Cloud Services,166,125575.55,20331.02,145906.57,0,2022,6,1,878.96,4953052.22
2022-06-22,APAC,Accessories,Wacom Stand,Extended Warranty,176,259978.53,36224.93,296203.46,0,2022,6,2,1682.97,4953052.22
2022-06-23,Japan,Pen Tablet,Wacom Intuos S,Cloud Services,245,91402.98,11881.7,103284.68,0,2022,6,3,421.57,4953052.22
2022-06-24,North America,Accessories,Wacom Stand,Support Plan,104,162257.61,11633.17,173890.78,0,2022,6,4,1672.03,4953052.22
2022-06-25,Japan,Display Tablet,Cintiq 16,Cloud Services,190,197059.65,22015.6,219075.25,0,2022,6,5,1153.03,4953052.22
2022-06-26,Europe,Accessories,Wacom Stand,Training,151,55696.85,8004.42,63701.27,0,2022,6,6,421.86,4953052.22
2022-06-27,Europe,Accessories,Wacom Stand,Support Plan,164,264990.64,10700.06,275690.7,0,2022,6,0,1681.04,4953052.22
2022-06-28,North America,Mobile Studio,MobileStudio Pro 13,Extended Warranty,237,129856.5,13557.7,143414.2,0,2022,6,1,605.12,4953052.22
2022-06-29,North America,Accessories,Pro Pen 2,Extended Warranty,242,258820.77,13726.64,272547.41,0,2022,6,2,1126.23,4953052.22
2022-06-30,Japan,Display Tablet,Cintiq Pro 24,Support Plan,171,119729.41,17909.91,137639.32,0,2022,6,3,804.91,4953052.22
2022-07-01,APAC,Pen Tablet,One by Wacom,Support Plan,109,14894.84,1065.6,15960.44,0,2022,7,4,146.43,6151390.5200000005
2022-07-02,Japan,Pen Tablet,Wacom Intuos M,Cloud Services,138,220409.97,33425.7,253835.67,0,2022,7,5,1839.39,6151390.5200000005
2022-07-03,Japan,Accessories,Wacom Stand,Extended Warranty,199,195648.91,25706.35,221355.26,0,2022,7,6,1112.34,6151390.5200000005
2022-07-04,APAC,Accessories,Wacom Stand,Support Plan,135,27624.04,4758.87,32382.91,0,2022,7,0,239.87,6151390.5200000005
2022-07-05,North America,Mobile Studio,MobileStudio Pro 13,Extended Warranty,196,349766.0,21912.68,371678.68,0,2022,7,1,1896.32,6151390.5200000005
2022-07-06,Europe,Display Tablet,Cintiq Pro 24,Cloud Services,208,286423.44,25681.17,312104.61,0,2022,7,2,1500.5,6151390.5200000005
2022-07-07,Japan,Mobile Studio,MobileStudio Pro 16,Extended Warranty,184,57514.86,3242.26,60757.12,0,2022,7,3,330.2,6151390.5200000005
2022-07-08,North America,Accessories,Pro Pen 2,Extended Warranty,231,104552.8,14309.51,118862.31,0,2022,7,4,514.56,6151390.5200000005
2022-07-09,APAC,Pen Tablet,Wacom Intuos M,Extended Warranty,143,106236.48,16681.34,122917.82,0,2022,7,5,859.57,6151390.5200000005
2022-07-10,Japan,Mobile Studio,MobileStudio Pro 13,Extended Warranty,127,195090.91,23635.86,218726.77,0,2022,7,6,1722.26,6151390.5200000005
2022-07-11,Latin America,Mobile Studio,MobileStudio Pro 16,Training,142,199521.37,35864.36,235385.73,0,2022,7,0,1657.65,6151390.5200000005
2022-07-12,APAC,Pen Tablet,Wacom Intuos S,Support Plan,205,58367.92,4334.82,62702.74,0,2022,7,1,305.87,6151390.5200000005
2022-07-13,Japan,Mobile Studio,MobileStudio Pro 13,Extended Warranty,221,80686.01,3735.36,84421.37,0,2022,7,2,382.0,6151390.5200000005
2022-07-14,Europe,Pen Tablet,Wacom Intuos M,Extended Warranty,195,25089.24,2965.91,28055.15,0,2022,7,3,143.87,6151390.5200000005
2022-07-15,APAC,Mobile Studio,MobileStudio Pro 13,Extended Warranty,132,220188.88,17679.68,237868.56,0,2022,7,4,1802.03,6151390.5200000005
2022-07-16,APAC,Mobile Studio,MobileStudio Pro 16,Support Plan,152,268569.23,38531.75,307100.98,0,2022,7,5,2020.4,6151390.5200000005
2022-07-17,Europe,Pen Tablet,Wacom Intuos S,Support Plan,152,204672.42,14546.8,219219.22,0,2022,7,6,1442.23,6151390.5200000005
2022-07-18,Japan,Accessories,ExpressKey Remote,Training,218,273854.4,35612.97,309467.37,0,2022,7,0,1419.58,6151390.5200000005
2022-07-19,Japan,Accessories,ExpressKey Remote,Training,285,45183.65,6785.31,51968.96,0,2022,7,1,182.35,6151390.5200000005
2022-07-20,Japan,Display Tablet,Cintiq 16,Training,240,105651.58,12920.67,118572.25,0,2022,7,2,494.05,6151390.5200000005
2022-07-21,Japan,Accessories,Pro Pen 2,Support Plan,183,133137.52,12412.81,145550.33,0,2022,7,3,795.36,6151390.5200000005
2022-07-22,Europe,Display Tablet,Cintiq 16,Cloud Services,239,330733.53,56732.8,387466.33,0,2022,7,4,1621.2,6151390.5200000005
2022-07-23,Latin America,Display Tablet,Cintiq 16,Training,207,164112.69,18633.3,182745.99,0,2022,7,5,882.83,6151390.5200000005
2022-07-24,Japan,Pen Tablet,One by Wacom,Support Plan,169,49522.72,4826.57,54349.29,0,2022,7,6,321.59,6151390.5200000005
2022-07-25,Europe,Mobile Studio,MobileStudio Pro 16,Cloud Services,184,211399.16,22003.04,233402.2,0,2022,7,0,1268.49,6151390.5200000005
2022-07-26,Japan,Pen Tablet,One by Wacom,Support Plan,157,71103.09,5577.31,76680.4,0,2022,7,1,488.41,6151390.5200000005
2022-07-27,Europe,Pen Tablet,Wacom Intuos S,Extended Warranty,180,64514.75,3425.69,67940.44,0,2022,7,2,377.45,6151390.5200000005
2022-07-28,Europe,Display Tablet,Cintiq 16,Training,213,98307.18,4265.76,102572.94,0,2022,7,3,481.56,6151390.5200000005
2022-07-29,Europe,Display Tablet,Cintiq Pro 24,Support Plan,180,59770.9,10602.09,70372.99,0,2022,7,4,390.96,6151390.5200000005
2022-07-30,APAC,Mobile Studio,MobileStudio Pro 16,Extended Warranty,279,64760.0,11425.61,76185.61,0,2022,7,5,273.07,6151390.5200000005
2022-07-31,Latin America,Display Tablet,Wacom One Display,Extended Warranty,199,147339.03,25102.75,172441.78,0,2022,7,6,866.54,6151390.5200000005
2022-08-01,Japan,Display Tablet,Wacom One Display,Cloud Services,183,218848.39,38409.41,257257.8,0,2022,8,0,1405.78,5323805.8
2022-08-02,Japan,Mobile Studio,MobileStudio Pro 13,Cloud Services,153,197609.08,12031.58,209640.66,0,2022,8,1,1370.2,5323805.8
2022-08-03,North America,Mobile Studio,MobileStudio Pro 16,Extended Warranty,219,75899.82,5630.0,81529.82,0,2022,8,2,372.28,5323805.8
2022-08-04,Latin America,Display Tablet,Cintiq Pro 24,Support Plan,147,264445.78,10854.87,275300.65,0,2022,8,3,1872.79,5323805.8
2022-08-05,North America,Accessories,Pro Pen 2,Extended Warranty,144,157599.18,21395.67,178994.85,0,2022,8,4,1243.02,5323805.8
2022-08-06,Japan,Display Tablet,Cintiq 16,Training,136,149897.35,10353.29,160250.64,0,2022,8,5,1178.31,5323805.8
2022-08-07,APAC,Accessories,ExpressKey Remote,Cloud Services,202,180079.24,15310.66,195389.9,0,2022,8,6,967.28,5323805.8
2022-08-08,Latin America,Mobile Studio,MobileStudio Pro 13,Support Plan,184,326967.37,23262.92,350230.29,0,2022,8,0,1903.43,5323805.8
2022-08-09,Latin America,Pen Tablet,Wacom Intuos M,Support Plan,195,155890.21,13315.64,169205.85,0,2022,8,1,867.72,5323805.8
2022-08-10,North America,Mobile Studio,MobileStudio Pro 16,Cloud Services,179,61603.55,9162.69,70766.24,0,2022,8,2,395.34,5323805.8
2022-08-11,Japan,Pen Tablet,One by Wacom,Cloud Services,166,109323.53,6776.26,116099.79,0,2022,8,3,699.4,5323805.8
2022-08-12,Europe,Mobile Studio,MobileStudio Pro 13,Support Plan,154,223498.81,39284.64,262783.45,0,2022,8,4,1706.39,5323805.8
2022-08-13,APAC,Accessories,Pro Pen 2,Extended Warranty,183,185536.33,15745.3,201281.63,0,2022,8,5,1099.9,5323805.8
2022-08-14,North America,Accessories,Pro Pen 2,Extended Warranty,220,195120.09,25582.92,220703.01,0,2022,8,6,1003.2,5323805.8
2022-08-15,Europe,Display Tablet,Wacom One Display,Cloud Services,180,268125.86,35271.09,303396.95,0,2022,8,0,1685.54,5323805.8
2022-08-16,Europe,Mobile Studio,MobileStudio Pro 16,Extended Warranty,179,203236.84,16045.63,219282.47,0,2022,8,1,1225.04,5323805.8
2022-08-17,APAC,Mobile Studio,MobileStudio Pro 13,Extended Warranty,253,125241.26,6074.08,131315.34,0,2022,8,2,519.03,5323805.8
2022-08-18,Latin America,Accessories,ExpressKey Remote,Support Plan,129,185797.16,28810.32,214607.48,0,2022,8,3,1663.62,5323805.8
2022-08-19,Latin America,Pen Tablet,One by Wacom,Extended Warranty,191,170632.9,22475.07,193107.97,0,2022,8,4,1011.04,5323805.8
2022-08-20,Latin America,Pen Tablet,One by Wacom,Cloud Services,227,341921.1,42115.6,384036.7,0,2022,8,5,1691.79,5323805.8
2022-08-21,Europe,Display Tablet,Wacom One Display,Extended Warranty,236,333231.69,40853.52,374085.21,0,2022,8,6,1585.11,5323805.8
2022-08-22,Europe,Mobile Studio,MobileStudio Pro 13,Support Plan,180,105092.96,17288.03,122380.99,0,2022,8,0,679.89,5323805.8
2022-08-23,Japan,Display Tablet,Cintiq Pro 24,Extended Warranty,196,254679.38,43993.49,298672.87,0,2022,8,1,1523.84,5323805.8
2022-08-24,Japan,Pen Tablet,One by Wacom,Training,168,227944.44,24251.91,252196.35,0,2022,8,2,1501.17,5323805.8
2022-08-25,North America,Pen Tablet,Wacom Intuos S,Training,184,99199.16,15907.11,115106.27,0,2022,8,3,625.58,5323805.8
2022-08-26,APAC,Pen Tablet,Wacom Intuos S,Training,192,36646.42,2768.44,39414.86,0,2022,8,4,205.29,5323805.8
2022-08-27,North America,Display Tablet,Wacom One Display,Cloud Services,152,173673.96,7068.16,180742.12,0,2022,8,5,1189.09,5323805.8
2022-08-28,Japan,Display Tablet,Wacom One Display,Extended Warranty,178,297217.68,43709.25,340926.93,0,2022,8,6,1915.32,5323805.8
2022-08-29,Europe,Display Tablet,Cintiq 16,Extended Warranty,126,109983.76,14292.79,124276.55,0,2022,8,0,986.32,5323805.8
2022-08-30,APAC,Mobile Studio,MobileStudio Pro 16,Support Plan,176,43608.73,5703.27,49312.0,0,2022,8,1,280.18,5323805.8
2022-08-31,APAC,Pen Tablet,Wacom Intuos M,Extended Warranty,162,55219.58,3875.3,59094.88,0,2022,8,2,364.78,5323805.8
2022-09-01,Europe,Mobile Studio,MobileStudio Pro 13,Extended Warranty,205,102602.18,16785.03,119387.21,0,2022,9,3,582.38,5174888.8100000005
2022-09-02,North America,Display Tablet,Cintiq 16,Training,149,58548.34,8338.91,66887.25,0,2022,9,4,448.91,5174888.8100000005
2022-09-03,Europe,Pen Tablet,Wacom Intuos S,Support Plan,229,339632.97,47989.56,387622.53,0,2022,9,5,1692.67,5174888.8100000005
2022-09-04,North America,Pen Tablet,Wacom Intuos M,Cloud Services,161,182066.68,22800.77,204867.45,0,2022,9,6,1272.47,5174888.8100000005
2022-09-05,Europe,Accessories,Pro Pen 2,Support Plan,274,332641.59,49672.92,382314.51,0,2022,9,0,1395.31,5174888.8100000005
2022-09-06,Japan,Accessories,Wacom Stand,Training,157,135053.97,15741.06,150795.03,0,2022,9,1,960.48,5174888.8100000005
2022-09-07,Europe,Accessories,Wacom Stand,Cloud Services,158,243707.31,42658.86,286366.17,0,2022,9,2,1812.44,5174888.8100000005
2022-09-08,Latin America,Pen Tablet,Wacom Intuos S,Support Plan,149,111939.97,8515.97,120455.94,0,2022,9,3,808.43,5174888.8100000005
2022-09-09,Latin America,Pen Tablet,One by Wacom,Cloud Services,125,216266.54,31686.82,247953.36,0,2022,9,4,1983.63,5174888.8100000005
2022-09-10,North America,Display Tablet,Cintiq 16,Extended Warranty,130,154941.09,10247.32,165188.41,0,2022,9,5,1270.68,5174888.8100000005
2022-09-11,Europe,Pen Tablet,Wacom Intuos M,Training,176,229363.2,30253.65,259616.85,0,2022,9,6,1475.1,5174888.8100000005
2022-09-12,Japan,Pen Tablet,Wacom Intuos S,Extended Warranty,144,178289.96,13886.2,192176.16,0,2022,9,0,1334.56,5174888.8100000005
2022-09-13,APAC,Accessories,Pro Pen 2,Support Plan,200,129950.36,13460.92,143411.28,0,2022,9,1,717.06,5174888.8100000005
2022-09-14,APAC,Pen Tablet,One by Wacom,Support Plan,143,43138.69,5886.08,49024.77,0,2022,9,2,342.83,5174888.8100000005
2022-09-15,North America,Mobile Studio,MobileStudio Pro 16,Training,161,40105.83,1845.43,41951.26,0,2022,9,3,260.57,5174888.8100000005
2022-09-16,Japan,Display Tablet,Cintiq Pro 24,Cloud Services,278,49407.94,7350.27,56758.21,0,2022,9,4,204.17,5174888.8100000005
2022-09-17,North America,Pen Tablet,Wacom Intuos S,Training,197,353249.98,17278.48,370528.46,0,2022,9,5,1880.86,5174888.8100000005
2022-09-18,Japan,Display Tablet,Cintiq Pro 24,Extended Warranty,117,152585.95,24441.34,177027.29,0,2022,9,6,1513.05,5174888.8100000005
2022-09-19,Europe,Display Tablet,Wacom One Display,Support Plan,110,75750.05,4342.77,80092.82,0,2022,9,0,728.12,5174888.8100000005
2022-09-20,Japan,Display Tablet,Wacom One Display,Training,189,33621.34,5656.58,39277.92,0,2022,9,1,207.82,5174888.8100000005
2022-09-21,APAC,Display Tablet,Wacom One Display,Cloud Services,143,46506.83,6515.11,53021.94,0,2022,9,2,370.78,5174888.8100000005
2022-09-22,North America,Pen Tablet,Wacom Intuos S,Extended Warranty,217,87738.16,4450.91,92189.07,0,2022,9,3,424.83,5174888.8100000005
2022-09-23,Europe,Accessories,ExpressKey Remote,Cloud Services,153,199284.01,35441.05,234725.06,0,2022,9,4,1534.15,5174888.8100000005
2022-09-24,Europe,Display Tablet,Cintiq Pro 24,Support Plan,211,149229.05,6060.33,155289.38,0,2022,9,5,735.97,5174888.8100000005
2022-09-25,APAC,Pen Tablet,Wacom Intuos S,Cloud Services,185,171199.49,11013.05,182212.54,0,2022,9,6,984.93,5174888.8100000005
2022-09-26,Latin America,Pen Tablet,One by Wacom,Support Plan,244,382154.77,22952.92,405107.69,0,2022,9,0,1660.28,5174888.8100000005
2022-09-27,Europe,Mobile Studio,MobileStudio Pro 13,Support Plan,173,178519.04,24633.68,203152.72,0,2022,9,1,1174.29,5174888.8100000005
2022-09-28,APAC,Pen Tablet,Wacom Intuos S,Training,207,50063.12,3084.01,53147.13,0,2022,9,2,256.75,5174888.8100000005
2022-09-29,Japan,Mobile Studio,MobileStudio Pro 16,Cloud Services,196,324711.26,42509.56,367220.82,0,2022,9,3,1873.58,5174888.8100000005
2022-09-30,Latin America,Mobile Studio,MobileStudio Pro 16,Training,182,34147.26,1889.31,36036.57,0,2022,9,4,198.0,5174888.8100000005
2022-10-01,APAC,Accessories,Pro Pen 2,Training,222,319661.34,39200.02,358861.36,0,2022,10,5,1616.49,6744644.859999999
2022-10-02,Latin America,Mobile Studio,MobileStudio Pro 13,Extended Warranty,148,15147.59,1200.94,16348.53,0,2022,10,6,110.46,6744644.859999999
2022-10-03,Latin America,Pen Tablet,One by Wacom,Training,213,295446.64,40587.66,336034.3,0,2022,10,0,1577.63,6744644.859999999
2022-10-04,APAC,Pen Tablet,One by Wacom,Cloud Services,143,59362.28,7760.62,67122.9,0,2022,10,1,469.39,6744644.859999999
2022-10-05,North America,Display Tablet,Cintiq 16,Training,286,277844.24,15000.94,292845.18,0,2022,10,2,1023.93,6744644.859999999
2022-10-06,North America,Mobile Studio,MobileStudio Pro 13,Support Plan,201,114563.42,10279.62,124843.04,0,2022,10,3,621.11,6744644.859999999
2022-10-07,APAC,Mobile Studio,MobileStudio Pro 13,Cloud Services,144,239177.52,19610.04,258787.56,0,2022,10,4,1797.14,6744644.859999999
2022-10-08,Latin America,Pen Tablet,One by Wacom,Extended Warranty,207,302070.91,49273.59,351344.5,0,2022,10,5,1697.32,6744644.859999999
2022-10-09,North America,Display Tablet,Cintiq 16,Cloud Services,214,116840.38,12672.11,129512.49,0,2022,10,6,605.2,6744644.859999999
2022-10-10,Europe,Mobile Studio,MobileStudio Pro 13,Cloud Services,120,73325.69,8736.34,82062.03,0,2022,10,0,683.85,6744644.859999999
2022-10-11,North America,Pen Tablet,One by Wacom,Support Plan,140,28483.92,3041.84,31525.76,0,2022,10,1,225.18,6744644.859999999
2022-10-12,North America,Accessories,ExpressKey Remote,Support Plan,147,204780.91,35471.31,240252.22,0,2022,10,2,1634.37,6744644.859999999
2022-10-13,Latin America,Display Tablet,Wacom One Display,Cloud Services,127,150324.3,20953.66,171277.96,0,2022,10,3,1348.65,6744644.859999999
2022-10-14,Japan,Mobile Studio,MobileStudio Pro 16,Cloud Services,226,225407.15,19235.3,244642.45,0,2022,10,4,1082.49,6744644.859999999
2022-10-15,APAC,Accessories,Pro Pen 2,Extended Warranty,199,110264.37,5865.2,116129.57,0,2022,10,5,583.57,6744644.859999999
2022-10-16,Latin America,Pen Tablet,One by Wacom,Extended Warranty,177,142345.96,7490.82,149836.78,0,2022,10,6,846.54,6744644.859999999
2022-10-17,Japan,Pen Tablet,Wacom Intuos S,Training,127,136642.57,14869.34,151511.91,0,2022,10,0,1193.01,6744644.859999999
2022-10-18,North America,Pen Tablet,Wacom Intuos S,Cloud Services,183,171069.29,18320.01,189389.3,0,2022,10,1,1034.91,6744644.859999999
2022-10-19,North America,Pen Tablet,One by Wacom,Cloud Services,143,74390.78,13384.18,87774.96,0,2022,10,2,613.81,6744644.859999999
2022-10-20,Europe,Pen Tablet,Wacom Intuos M,Support Plan,121,14987.39,1857.64,16845.03,0,2022,10,3,139.22,6744644.859999999
2022-10-21,North America,Display Tablet,Wacom One Display,Cloud Services,160,163074.08,20601.06,183675.14,0,2022,10,4,1147.97,6744644.859999999
2022-10-22,Japan,Display Tablet,Wacom One Display,Support Plan,133,33924.56,1763.33,35687.89,0,2022,10,5,268.33,6744644.859999999
2022-10-23,Europe,Accessories,Pro Pen 2,Support Plan,199,258145.02,39286.79,297431.81,0,2022,10,6,1494.63,6744644.859999999
2022-10-24,Europe,Mobile Studio,MobileStudio Pro 16,Cloud Services,187,287959.05,31936.46,319895.51,0,2022,10,0,1710.67,6744644.859999999
2022-10-25,North America,Mobile Studio,MobileStudio Pro 13,Cloud Services,165,20635.98,1526.53,22162.51,0,2022,10,1,134.32,6744644.859999999
2022-10-26,North America,Display Tablet,Cintiq 16,Training,166,265430.39,21480.58,286910.97,0,2022,10,2,1728.38,6744644.859999999
2022-10-27,North America,Accessories,ExpressKey Remote,Training,160,56171.94,3060.89,59232.83,0,2022,10,3,370.21,6744644.859999999
2022-10-28,Japan,Mobile Studio,MobileStudio Pro 16,Extended Warranty,147,160840.75,23858.95,184699.7,0,2022,10,4,1256.46,6744644.859999999
2022-10-29,Latin America,Display Tablet,Cintiq 16,Support Plan,103,15100.1,1299.4,16399.5,0,2022,10,5,159.22,6744644.859999999
2022-10-30,Europe,Pen Tablet,Wacom Intuos S,Training,164,148690.23,20060.1,168750.33,0,2022,10,6,1028.97,6744644.859999999
2022-10-31,Latin America,Pen Tablet,Wacom Intuos M,Training,150,162968.14,20126.65,183094.79,0,2022,10,0,1220.63,6744644.859999999
2022-11-01,APAC,Pen Tablet,One by Wacom,Training,138,164709.43,9702.56,174411.99,0,2022,11,1,1263.86,6064619.61
2022-11-02,North America,Display Tablet,Cintiq 16,Cloud Services,156,241937.59,15204.55,257142.14,0,2022,11,2,1648.35,6064619.61
2022-11-03,APAC,Display Tablet,Cintiq 16,Training,186,307733.79,31908.77,339642.56,0,2022,11,3,1826.04,6064619.61
2022-11-04,North America,Display Tablet,Cintiq Pro 24,Training,303,504952.55,59562.45,564515.0,1,2022,11,4,1863.09,6064619.61
2022-11-05,Japan,Mobile Studio,MobileStudio Pro 13,Extended Warranty,162,276143.75,28028.06,304171.81,0,2022,11,5,1877.6,6064619.61
2022-11-06,Latin America,Pen Tablet,One by Wacom,Support Plan,223,391469.49,17212.18,408681.67,0,2022,11,6,1832.65,6064619.61
2022-11-07,Latin America,Pen Tablet,Wacom Intuos M,Cloud Services,210,56593.42,7746.17,64339.59,0,2022,11,0,306.38,6064619.61
2022-11-08,Latin America,Display Tablet,Cintiq 16,Support Plan,216,211742.43,35362.6,247105.03,0,2022,11,1,1144.0,6064619.61
2022-11-09,Latin America,Pen Tablet,Wacom Intuos M,Cloud Services,169,86687.25,9608.12,96295.37,0,2022,11,2,569.8,6064619.61
2022-11-10,APAC,Mobile Studio,MobileStudio Pro 13,Extended Warranty,182,174577.58,8312.25,182889.83,0,2022,11,3,1004.89,6064619.61
2022-11-11,APAC,Display Tablet,Wacom One Display,Support Plan,114,163393.14,7846.53,171239.67,0,2022,11,4,1502.1,6064619.61
2022-11-12,Europe,Pen Tablet,Wacom Intuos M,Cloud Services,121,146831.93,14149.58,160981.51,0,2022,11,5,1330.43,6064619.61
2022-11-13,Europe,Display Tablet,Wacom One Display,Extended Warranty,143,227509.01,38540.16,266049.17,0,2022,11,6,1860.48,6064619.61
2022-11-14,APAC,Display Tablet,Cintiq Pro 24,Extended Warranty,166,294405.1,21993.9,316399.0,0,2022,11,0,1906.02,6064619.61
2022-11-15,North America,Mobile Studio,MobileStudio Pro 13,Extended Warranty,139,88184.75,3614.86,91799.61,0,2022,11,1,660.43,6064619.61
2022-11-16,Europe,Mobile Studio,MobileStudio Pro 16,Training,142,21235.09,1932.62,23167.71,0,2022,11,2,163.15,6064619.61
2022-11-17,North America,Pen Tablet,Wacom Intuos M,Training,192,265202.07,22789.9,287991.97,0,2022,11,3,1499.96,6064619.61
2022-11-18,North America,Accessories,Wacom Stand,Extended Warranty,156,12746.3,572.47,13318.77,0,2022,11,4,85.38,6064619.61
2022-11-19,APAC,Pen Tablet,Wacom Intuos M,Cloud Services,141,230106.57,9862.83,239969.4,0,2022,11,5,1701.91,6064619.61
2022-11-20,Europe,Pen Tablet,Wacom Intuos M,Training,153,14007.33,1125.46,15132.79,0,2022,11,6,98.91,6064619.61
2022-11-21,North America,Mobile Studio,MobileStudio Pro 16,Cloud Services,118,70582.96,5890.2,76473.16,0,2022,11,0,648.08,6064619.61
2022-11-22,Latin America,Accessories,Wacom Stand,Training,138,142141.7,13834.7,155976.4,0,2022,11,1,1130.26,6064619.61
2022-11-23,APAC,Display Tablet,Cintiq 16,Training,105,172574.61,29423.18,201997.79,0,2022,11,2,1923.79,6064619.61
2022-11-24,Europe,Display Tablet,Cintiq 16,Training,222,337865.48,40144.34,378009.82,0,2022,11,3,1702.75,6064619.61
2022-11-25,North America,Mobile Studio,MobileStudio Pro 16,Extended Warranty,165,224952.7,15569.05,240521.75,0,2022,11,4,1457.71,6064619.61
2022-11-26,Europe,Mobile Studio,MobileStudio Pro 13,Extended Warranty,178,276301.48,34649.15,310950.63,0,2022,11,5,1746.91,6064619.61
2022-11-27,Japan,Display Tablet,Wacom One Display,Cloud Services,135,186877.15,17732.01,204609.16,0,2022,11,6,1515.62,6064619.61
2022-11-28,Latin America,Display Tablet,Cintiq Pro 24,Training,229,18572.99,2419.73,20992.72,0,2022,11,0,91.67,6064619.61
2022-11-29,North America,Accessories,Wacom Stand,Extended Warranty,292,430142.49,58237.93,488380.42,0,2022,11,1,1672.54,6064619.61
2022-11-30,Japan,Display Tablet,Wacom One Display,Cloud Services,211,375422.8,66065.62,441488.42,0,2022,11,2,2092.36,6064619.61
2022-12-01,Latin America,Display Tablet,Cintiq Pro 24,Cloud Services,128,48145.09,5588.16,53733.25,0,2022,12,3,419.79,5839945.5200000005
2022-12-02,Japan,Accessories,Wacom Stand,Extended Warranty,257,69032.29,6442.9,75475.19,0,2022,12,4,293.68,5839945.5200000005
2022-12-03,Latin America,Accessories,ExpressKey Remote,Training,224,77071.38,12120.74,89192.12,0,2022,12,5,398.18,5839945.5200000005
2022-12-04,Japan,Accessories,ExpressKey Remote,Support Plan,178,159199.23,10031.62,169230.85,0,2022,12,6,950.74,5839945.5200000005
2022-12-05,Europe,Mobile Studio,MobileStudio Pro 16,Cloud Services,238,261453.55,16111.36,277564.91,0,2022,12,0,1166.24,5839945.5200000005
2022-12-06,Europe,Pen Tablet,One by Wacom,Cloud Services,210,336783.0,24091.67,360874.67,0,2022,12,1,1718.45,5839945.5200000005
2022-12-07,APAC,Pen Tablet,One by Wacom,Training,199,357394.95,20022.1,377417.05,0,2022,12,2,1896.57,5839945.5200000005
2022-12-08,Japan,Pen Tablet,Wacom Intuos M,Cloud Services,217,145768.43,16426.89,162195.32,0,2022,12,3,747.44,5839945.5200000005
2022-12-09,North America,Display Tablet,Wacom One Display,Cloud Services,127,212400.97,27012.47,239413.44,0,2022,12,4,1885.15,5839945.5200000005
2022-12-10,Japan,Display Tablet,Cintiq 16,Extended Warranty,180,294435.17,19380.44,313815.61,0,2022,12,5,1743.42,5839945.5200000005
2022-12-11,Europe,Display Tablet,Cintiq Pro 24,Cloud Services,214,194868.71,30634.96,225503.67,0,2022,12,6,1053.76,5839945.5200000005
2022-12-12,North America,Pen Tablet,One by Wacom,Cloud Services,170,103381.98,10586.58,113968.56,0,2022,12,0,670.4,5839945.5200000005
2022-12-13,Japan,Display Tablet,Wacom One Display,Training,237,123591.36,17839.1,141430.46,0,2022,12,1,596.75,5839945.5200000005
2022-12-14,North America,Pen Tablet,One by Wacom,Cloud Services,203,156497.14,22089.09,178586.23,0,2022,12,2,879.74,5839945.5200000005
2022-12-15,Latin America,Display Tablet,Cintiq Pro 24,Cloud Services,186,169789.59,25317.34,195106.93,0,2022,12,3,1048.96,5839945.5200000005
2022-12-16,Japan,Display Tablet,Wacom One Display,Cloud Services,138,202349.92,10552.97,212902.89,0,2022,12,4,1542.77,5839945.5200000005
2022-12-17,Japan,Display Tablet,Wacom One Display,Cloud Services,194,161777.39,12967.59,174744.98,0,2022,12,5,900.75,5839945.5200000005
2022-12-18,North America,Display Tablet,Wacom One Display,Extended Warranty,206,347964.38,14113.59,362077.97,0,2022,12,6,1757.66,5839945.5200000005
2022-12-19,Europe,Mobile Studio,MobileStudio Pro 13,Support Plan,143,66972.46,8830.1,75802.56,0,2022,12,0,530.09,5839945.5200000005
2022-12-20,Japan,Display Tablet,Wacom One Display,Extended Warranty,175,195369.59,26811.47,222181.06,0,2022,12,1,1269.61,5839945.5200000005
2022-12-21,Europe,Display Tablet,Cintiq 16,Support Plan,198,344236.1,43736.43,387972.53,0,2022,12,2,1959.46,5839945.5200000005
2022-12-22,APAC,Pen Tablet,One by Wacom,Training,147,180769.27,21419.6,202188.87,0,2022,12,3,1375.43,5839945.5200000005
2022-12-23,Europe,Accessories,Wacom Stand,Extended Warranty,169,68681.8,3770.25,72452.05,0,2022,12,4,428.71,5839945.5200000005
2022-12-24,Japan,Accessories,Wacom Stand,Extended Warranty,202,220809.39,10743.19,231552.58,0,2022,12,5,1146.3,5839945.5200000005
2022-12-25,North America,Mobile Studio,MobileStudio Pro 16,Support Plan,217,216811.41,17067.41,233878.82,0,2022,12,6,1077.78,5839945.5200000005
2022-12-26,North America,Mobile Studio,MobileStudio Pro 13,Cloud Services,146,24689.3,3600.26,28289.56,0,2022,12,0,193.76,5839945.5200000005
2022-12-27,Europe,Display Tablet,Cintiq 16,Training,235,366079.94,29881.69,395961.63,0,2022,12,1,1684.94,5839945.5200000005
2022-12-28,Latin America,Accessories,Pro Pen 2,Training,214,134042.53,6918.08,140960.61,0,2022,12,2,658.69,5839945.5200000005
2022-12-29,Latin America,Mobile Studio,MobileStudio Pro 13,Training,178,31780.14,2217.44,33997.58,0,2022,12,3,191.0,5839945.5200000005
2022-12-30,Japan,Accessories,Wacom Stand,Cloud Services,202,99710.13,9848.72,109558.85,0,2022,12,4,542.37,5839945.5200000005
2022-12-31,Europe,Display Tablet,Wacom One Display,Support Plan,177,189463.13,17125.68,206588.81,0,2022,12,5,1167.17,5839945.5200000005
2023-01-01,APAC,Accessories,ExpressKey Remote,Training,148,213113.87,34729.9,247843.77,0,2023,1,6,1674.62,5270986.22
2023-01-02,Latin America,Display Tablet,Wacom One Display,Extended Warranty,197,33831.91,4848.11,38680.02,0,2023,1,0,196.35,5270986.22
2023-01-03,Latin America,Pen Tablet,One by Wacom,Training,109,43304.73,2305.45,45610.18,0,2023,1,1,418.44,5270986.22
2023-01-04,Europe,Mobile Studio,MobileStudio Pro 13,Cloud Services,238,175174.09,7961.23,183135.32,0,2023,1,2,769.48,5270986.22
2023-01-05,APAC,Pen Tablet,Wacom Intuos S,Support Plan,211,289777.88,28775.51,318553.39,0,2023,1,3,1509.73,5270986.22
2023-01-06,Japan,Display Tablet,Wacom One Display,Support Plan,161,131962.96,21598.16,153561.12,0,2023,1,4,953.8,5270986.22
2023-01-07,Japan,Pen Tablet,One by Wacom,Extended Warranty,227,41910.41,2574.73,44485.14,0,2023,1,5,195.97,5270986.22
2023-01-08,Europe,Mobile Studio,MobileStudio Pro 13,Extended Warranty,154,206793.59,33389.66,240183.25,0,2023,1,6,1559.63,5270986.22
2023-01-09,Latin America,Pen Tablet,Wacom Intuos M,Cloud Services,181,279780.43,43794.39,323574.82,0,2023,1,0,1787.71,5270986.22
2023-01-10,Japan,Display Tablet,Cintiq Pro 24,Cloud Services,227,203699.97,26350.67,230050.64,0,2023,1,1,1013.44,5270986.22
2023-01-11,APAC,Mobile Studio,MobileStudio Pro 16,Cloud Services,169,251798.18,38250.57,290048.75,0,2023,1,2,1716.26,5270986.22
2023-01-12,APAC,Accessories,Wacom Stand,Support Plan,246,339947.78,58157.92,398105.7,0,2023,1,3,1618.32,5270986.22
2023-01-13,Japan,Pen Tablet,Wacom Intuos M,Extended Warranty,236,86786.86,15317.43,102104.29,0,2023,1,4,432.65,5270986.22
2023-01-14,Japan,Pen Tablet,One by Wacom,Extended Warranty,190,159389.23,11088.25,170477.48,0,2023,1,5,897.25,5270986.22
2023-01-15,North America,Display Tablet,Wacom One Display,Cloud Services,170,39956.05,5609.14,45565.19,0,2023,1,6,268.03,5270986.22
2023-01-16,Latin America,Pen Tablet,One by Wacom,Cloud Services,196,83195.3,4316.19,87511.49,0,2023,1,0,446.49,5270986.22
2023-01-17,APAC,Mobile Studio,MobileStudio Pro 16,Training,180,158240.96,13946.45,172187.41,0,2023,1,1,956.6,5270986.22
2023-01-18,Europe,Display Tablet,Wacom One Display,Training,201,73150.97,13046.09,86197.06,0,2023,1,2,428.84,5270986.22
2023-01-19,Japan,Display Tablet,Wacom One Display,Support Plan,138,24905.24,3750.83,28656.07,0,2023,1,3,207.65,5270986.22
2023-01-20,Europe,Accessories,ExpressKey Remote,Training,202,235271.83,40368.43,275640.26,0,2023,1,4,1364.56,5270986.22
2023-01-21,Japan,Display Tablet,Cintiq Pro 24,Extended Warranty,131,189029.22,20563.07,209592.29,0,2023,1,5,1599.94,5270986.22
2023-01-22,APAC,Display Tablet,Cintiq Pro 24,Support Plan,176,305246.09,15841.19,321087.28,0,2023,1,6,1824.36,5270986.22
2023-01-23,Europe,Display Tablet,Cintiq Pro 24,Cloud Services,152,149366.64,25377.41,174744.05,0,2023,1,0,1149.63,5270986.22
2023-01-24,Japan,Pen Tablet,Wacom Intuos M,Support Plan,144,184436.46,13098.34,197534.8,0,2023,1,1,1371.77,5270986.22
2023-01-25,North America,Mobile Studio,MobileStudio Pro 13,Support Plan,172,180119.56,23673.58,203793.14,0,2023,1,2,1184.84,5270986.22
2023-01-26,Japan,Mobile Studio,MobileStudio Pro 16,Cloud Services,206,113383.23,4782.65,118165.88,0,2023,1,3,573.62,5270986.22
2023-01-27,North America,Display Tablet,Wacom One Display,Training,210,24076.18,1493.75,25569.93,0,2023,1,4,121.76,5270986.22
2023-01-28,APAC,Display Tablet,Cintiq 16,Extended Warranty,207,300739.84,35934.16,336674.0,0,2023,1,5,1626.44,5270986.22
2023-01-29,Latin America,Accessories,Pro Pen 2,Extended Warranty,189,155192.06,14686.79,169878.85,0,2023,1,6,898.83,5270986.22
2023-01-30,North America,Accessories,ExpressKey Remote,Training,208,317496.29,46860.03,364356.32,0,2023,1,0,1751.71,5270986.22
2023-01-31,North America,Display Tablet,Cintiq 16,Extended Warranty,160,211751.44,24626.19,236377.63,0,2023,1,1,1477.36,5270986.22
2023-02-01,North America,Display Tablet,Wacom One Display,Training,149,171931.56,18332.67,190264.23,0,2023,2,2,1276.94,5253754.91
2023-02-02,APAC,Display Tablet,Cintiq 16,Training,113,65464.51,6649.85,72114.36,0,2023,2,3,638.18,5253754.91
2023-02-03,Latin America,Mobile Studio,MobileStudio Pro 16,Support Plan,154,87275.62,11830.94,99106.56,0,2023,2,4,643.55,5253754.91
2023-02-04,Japan,Accessories,ExpressKey Remote,Extended Warranty,172,230409.29,31972.26,262381.55,0,2023,2,5,1525.47,5253754.91
2023-02-05,North America,Mobile Studio,MobileStudio Pro 13,Training,210,117104.49,10696.8,127801.29,0,2023,2,6,608.58,5253754.91
2023-02-06,Japan,Accessories,ExpressKey Remote,Extended Warranty,216,316090.51,32005.77,348096.28,0,2023,2,0,1611.56,5253754.91
2023-02-07,Japan,Mobile Studio,MobileStudio Pro 16,Support Plan,126,16195.74,2180.39,18376.13,0,2023,2,1,145.84,5253754.91
2023-02-08,Europe,Pen Tablet,Wacom Intuos S,Cloud Services,143,150113.7,11413.78,161527.48,0,2023,2,2,1129.56,5253754.91
2023-02-09,APAC,Pen Tablet,Wacom Intuos S,Training,105,45186.3,2512.95,47699.25,0,2023,2,3,454.28,5253754.91
2023-02-10,Japan,Accessories,Pro Pen 2,Cloud Services,166,13830.97,2398.43,16229.4,0,2023,2,4,97.77,5253754.91
2023-02-11,Latin America,Pen Tablet,One by Wacom,Training,241,398399.68,55697.9,454097.58,0,2023,2,5,1884.22,5253754.91
2023-02-12,Europe,Accessories,ExpressKey Remote,Cloud Services,204,362600.74,57622.63,420223.37,0,2023,2,6,2059.92,5253754.91
2023-02-13,Japan,Accessories,Wacom Stand,Training,167,203890.68,22880.68,226771.36,0,2023,2,0,1357.91,5253754.91
2023-02-14,Latin America,Mobile Studio,MobileStudio Pro 16,Cloud Services,74,45512.2,4369.6,49881.8,0,2023,2,1,674.08,5253754.91
2023-02-15,Japan,Accessories,Pro Pen 2,Support Plan,190,280003.21,38831.49,318834.7,0,2023,2,2,1678.08,5253754.91
2023-02-16,North America,Pen Tablet,Wacom Intuos S,Training,163,240946.14,39364.01,280310.15,0,2023,2,3,1719.69,5253754.91
2023-02-17,APAC,Mobile Studio,MobileStudio Pro 16,Cloud Services,167,149664.02,24119.92,173783.94,0,2023,2,4,1040.62,5253754.91
2023-02-18,Japan,Display Tablet,Cintiq 16,Training,166,161379.72,18765.07,180144.79,0,2023,2,5,1085.21,5253754.91
2023-02-19,APAC,Display Tablet,Cintiq 16,Training,134,210509.76,18617.51,229127.27,0,2023,2,6,1709.9,5253754.91
2023-02-20,North America,Display Tablet,Cintiq Pro 24,Support Plan,237,237705.78,37084.64,274790.42,0,2023,2,0,1159.45,5253754.91
2023-02-21,North America,Pen Tablet,One by Wacom,Cloud Services,173,188242.71,20974.62,209217.33,0,2023,2,1,1209.35,5253754.91
2023-02-22,APAC,Mobile Studio,MobileStudio Pro 13,Training,183,122504.53,16032.69,138537.22,0,2023,2,2,757.03,5253754.91
2023-02-23,APAC,Display Tablet,Cintiq 16,Support Plan,147,58701.69,3916.81,62618.5,0,2023,2,3,425.98,5253754.91
2023-02-24,Latin America,Display Tablet,Cintiq 16,Support Plan,183,80664.27,4255.72,84919.99,0,2023,2,4,464.04,5253754.91
2023-02-25,Latin America,Accessories,Wacom Stand,Training,195,337257.45,58079.68,395337.13,0,2023,2,5,2027.37,5253754.91
2023-02-26,North America,Accessories,Wacom Stand,Support Plan,111,197714.76,34119.29,231834.05,0,2023,2,6,2088.6,5253754.91
2023-02-27,North America,Mobile Studio,MobileStudio Pro 13,Training,202,61232.73,8405.52,69638.25,0,2023,2,0,344.74,5253754.91
2023-02-28,Latin America,Accessories,Pro Pen 2,Training,128,119872.54,7449.3,127321.84,0,2023,2,1,994.7,5253754.91
2023-03-01,North America,Pen Tablet,Wacom Intuos S,Support Plan,127,41829.98,4729.47,46559.45,0,2023,3,2,366.61,6028777.42
2023-03-02,Japan,Mobile Studio,MobileStudio Pro 13,Support Plan,229,39894.43,2374.34,42268.77,0,2023,3,3,184.58,6028777.42
2023-03-03,Latin America,Mobile Studio,MobileStudio Pro 13,Extended Warranty,169,141715.29,17200.63,158915.92,0,2023,3,4,940.33,6028777.42
2023-03-04,North America,Pen Tablet,One by Wacom,Training,137,62831.69,6619.03,69450.72,0,2023,3,5,506.94,6028777.42
2023-03-05,Japan,Pen Tablet,Wacom Intuos M,Cloud Services,154,124387.12,6380.47,130767.59,0,2023,3,6,849.14,6028777.42
2023-03-06,North America,Accessories,Pro Pen 2,Support Plan,170,41446.31,4287.49,45733.8,0,2023,3,0,269.02,6028777.42
2023-03-07,North America,Mobile Studio,MobileStudio Pro 13,Support Plan,138,95804.96,15258.04,111063.0,0,2023,3,1,804.8,6028777.42
2023-03-08,Europe,Display Tablet,Wacom One Display,Extended Warranty,127,118353.47,7260.43,125613.9,0,2023,3,2,989.09,6028777.42
2023-03-09,Europe,Display Tablet,Wacom One Display,Extended Warranty,188,70776.67,12043.89,82820.56,0,2023,3,3,440.53,6028777.42
2023-03-10,Japan,Mobile Studio,MobileStudio Pro 13,Extended Warranty,206,105275.74,10884.25,116159.99,0,2023,3,4,563.88,6028777.42
2023-03-11,Europe,Accessories,Pro Pen 2,Extended Warranty,122,50339.98,4232.74,54572.72,0,2023,3,5,447.32,6028777.42
2023-03-12,APAC,Display Tablet,Cintiq Pro 24,Cloud Services,223,267906.68,35580.42,303487.1,0,2023,3,6,1360.93,6028777.42
2023-03-13,APAC,Mobile Studio,MobileStudio Pro 13,Cloud Services,182,125708.0,16298.36,142006.36,0,2023,3,0,780.25,6028777.42
2023-03-14,Latin America,Pen Tablet,Wacom Intuos S,Support Plan,187,115737.99,18351.04,134089.03,0,2023,3,1,717.05,6028777.42
2023-03-15,North America,Mobile Studio,MobileStudio Pro 13,Cloud Services,101,138978.12,8191.3,147169.42,0,2023,3,2,1457.12,6028777.42
2023-03-16,APAC,Mobile Studio,MobileStudio Pro 16,Training,177,87679.1,6761.01,94440.11,0,2023,3,3,533.56,6028777.42
2023-03-17,North America,Display Tablet,Cintiq 16,Extended Warranty,149,183380.91,21382.82,204763.73,0,2023,3,4,1374.25,6028777.42
2023-03-18,APAC,Display Tablet,Cintiq 16,Cloud Services,233,136077.78,23606.61,159684.39,0,2023,3,5,685.34,6028777.42
2023-03-19,Japan,Pen Tablet,Wacom Intuos S,Cloud Services,140,180640.87,11311.21,191952.08,0,2023,3,6,1371.09,6028777.42
2023-03-20,Europe,Display Tablet,Cintiq 16,Support Plan,188,106006.07,14557.82,120563.89,0,2023,3,0,641.3,6028777.42
2023-03-21,Latin America,Accessories,Wacom Stand,Support Plan,192,229064.51,22620.62,251685.13,0,2023,3,1,1310.86,6028777.42
2023-03-22,North America,Accessories,Pro Pen 2,Support Plan,169,202232.08,24340.21,226572.29,0,2023,3,2,1340.66,6028777.42
2023-03-23,Latin America,Pen Tablet,One by Wacom,Training,135,74469.8,10582.01,85051.81,0,2023,3,3,630.01,6028777.42
2023-03-24,Japan,Pen Tablet,One by Wacom,Extended Warranty,138,139042.55,17572.64,156615.19,0,2023,3,4,1134.89,6028777.42
2023-03-25,APAC,Pen Tablet,One by Wacom,Support Plan,220,307005.22,48208.71,355213.93,0,2023,3,5,1614.61,6028777.42
2023-03-26,North America,Display Tablet,Wacom One Display,Support Plan,215,235780.5,29956.26,265736.76,0,2023,3,6,1235.98,6028777.42
2023-03-27,Japan,Display Tablet,Cintiq Pro 24,Cloud Services,167,202581.93,23977.84,226559.77,0,2023,3,0,1356.65,6028777.42
2023-03-28,Europe,Display Tablet,Wacom One Display,Cloud Services,190,247881.94,35175.02,283056.96,0,2023,3,1,1489.77,6028777.42
2023-03-29,Japan,Mobile Studio,MobileStudio Pro 16,Extended Warranty,240,360891.35,53380.68,414272.03,0,2023,3,2,1726.13,6028777.42
2023-03-30,Europe,Mobile Studio,MobileStudio Pro 16,Cloud Services,194,212226.47,34195.14,246421.61,0,2023,3,3,1270.21,6028777.42
2023-03-31,Japan,Accessories,Pro Pen 2,Training,154,223750.35,36736.55,260486.9,0,2023,3,4,1691.47,6028777.42
2023-04-01,Japan,Display Tablet,Cintiq 16,Cloud Services,161,156537.95,16764.94,173302.89,0,2023,4,5,1076.42,5491259.82
2023-04-02,Japan,Mobile Studio,MobileStudio Pro 16,Cloud Services,267,309219.09,30872.46,340091.55,0,2023,4,6,1273.75,5491259.82
2023-04-03,North America,Pen Tablet,Wacom Intuos S,Extended Warranty,173,163526.31,26137.38,189663.69,0,2023,4,0,1096.32,5491259.82
2023-04-04,North America,Accessories,Wacom Stand,Cloud Services,173,171241.28,7652.38,178893.66,0,2023,4,1,1034.07,5491259.82
2023-04-05,Japan,Pen Tablet,Wacom Intuos S,Training,176,23537.27,3216.54,26753.81,0,2023,4,2,152.01,5491259.82
2023-04-06,North America,Accessories,ExpressKey Remote,Training,214,191584.2,23243.38,214827.58,0,2023,4,3,1003.87,5491259.82
2023-04-07,Japan,Pen Tablet,One by Wacom,Cloud Services,222,189941.11,13112.05,203053.16,0,2023,4,4,914.65,5491259.82
2023-04-08,APAC,Mobile Studio,MobileStudio Pro 16,Training,147,111975.62,14492.53,126468.15,0,2023,4,5,860.33,5491259.82
2023-04-09,APAC,Pen Tablet,One by Wacom,Support Plan,173,173476.92,18099.99,191576.91,0,2023,4,6,1107.38,5491259.82
2023-04-10,Europe,Accessories,Wacom Stand,Extended Warranty,75,44062.75,6630.01,50692.76,0,2023,4,0,675.9,5491259.82
2023-04-11,Europe,Pen Tablet,Wacom Intuos S,Extended Warranty,214,257839.61,42758.67,300598.28,0,2023,4,1,1404.66,5491259.82
2023-04-12,APAC,Pen Tablet,Wacom Intuos M,Support Plan,147,134214.35,22632.8,156847.15,0,2023,4,2,1066.99,5491259.82
2023-04-13,APAC,Accessories,Wacom Stand,Support Plan,182,36351.03,3964.24,40315.27,0,2023,4,3,221.51,5491259.82
2023-04-14,Japan,Pen Tablet,One by Wacom,Extended Warranty,202,306579.89,24272.36,330852.25,0,2023,4,4,1637.88,5491259.82
2023-04-15,Latin America,Accessories,ExpressKey Remote,Support Plan,186,70867.59,3850.29,74717.88,0,2023,4,5,401.71,5491259.82
2023-04-16,North America,Mobile Studio,MobileStudio Pro 13,Cloud Services,83,94355.67,13631.13,107986.8,0,2023,4,6,1301.05,5491259.82
2023-04-17,Europe,Accessories,Wacom Stand,Support Plan,202,172093.29,11762.22,183855.51,0,2023,4,0,910.18,5491259.82
2023-04-18,Europe,Accessories,Wacom Stand,Training,225,61918.67,7396.62,69315.29,0,2023,4,1,308.07,5491259.82
2023-04-19,North America,Pen Tablet,One by Wacom,Extended Warranty,209,367534.59,49923.61,417458.2,0,2023,4,2,1997.41,5491259.82
2023-04-20,Europe,Display Tablet,Wacom One Display,Support Plan,220,75424.54,5323.28,80747.82,0,2023,4,3,367.04,5491259.82
2023-04-21,APAC,Mobile Studio,MobileStudio Pro 16,Extended Warranty,149,154580.67,11718.65,166299.32,0,2023,4,4,1116.1,5491259.82
2023-04-22,APAC,Mobile Studio,MobileStudio Pro 16,Support Plan,235,331245.4,16364.45,347609.85,0,2023,4,5,1479.19,5491259.82
2023-04-23,Japan,Mobile Studio,MobileStudio Pro 13,Training,318,383866.63,57434.81,441301.44,0,2023,4,6,1387.74,5491259.82
2023-04-24,North America,Accessories,Wacom Stand,Training,183,240639.52,18497.46,259136.98,0,2023,4,0,1416.05,5491259.82
2023-04-25,Europe,Display Tablet,Cintiq Pro 24,Support Plan,238,346609.85,30375.55,376985.4,0,2023,4,1,1583.97,5491259.82
2023-04-26,North America,Display Tablet,Wacom One Display,Support Plan,194,297873.85,14861.25,312735.1,0,2023,4,2,1612.04,5491259.82
2023-04-27,Japan,Accessories,Pro Pen 2,Training,126,70547.0,12295.2,82842.2,0,2023,4,3,657.48,5491259.82
2023-04-28,Japan,Mobile Studio,MobileStudio Pro 16,Training,134,168798.7,18847.24,187645.94,0,2023,4,4,1400.34,5491259.82
2023-04-29,Japan,Display Tablet,Cintiq 16,Cloud Services,204,281913.82,50675.65,332589.47,0,2023,4,5,1630.34,5491259.82
2023-04-30,North America,Display Tablet,Cintiq 16,Cloud Services,137,60822.03,2791.08,63613.11,0,2023,4,6,464.33,5491259.82
2023-05-01,Latin America,Mobile Studio,MobileStudio Pro 13,Cloud Services,148,190034.58,7796.88,197831.46,0,2023,5,0,1336.7,5367225.3
2023-05-02,North America,Accessories,ExpressKey Remote,Extended Warranty,178,288745.17,17867.08,306612.25,0,2023,5,1,1722.54,5367225.3
2023-05-03,Latin America,Accessories,Wacom Stand,Support Plan,264,295724.3,15320.97,311045.27,0,2023,5,2,1178.2,5367225.3
2023-05-04,North America,Display Tablet,Wacom One Display,Support Plan,231,340142.01,32794.72,372936.73,0,2023,5,3,1614.44,5367225.3
2023-05-05,North America,Pen Tablet,Wacom Intuos S,Extended Warranty,192,242585.51,25726.19,268311.7,0,2023,5,4,1397.46,5367225.3
2023-05-06,North America,Display Tablet,Cintiq Pro 24,Cloud Services,235,23737.49,1366.98,25104.47,0,2023,5,5,106.83,5367225.3
2023-05-07,North America,Display Tablet,Cintiq 16,Training,166,192428.41,21715.49,214143.9,0,2023,5,6,1290.02,5367225.3
2023-05-08,Europe,Accessories,Wacom Stand,Training,175,200522.89,34262.54,234785.43,0,2023,5,0,1341.63,5367225.3
2023-05-09,North America,Accessories,Wacom Stand,Cloud Services,164,245621.32,28766.29,274387.61,0,2023,5,1,1673.1,5367225.3
2023-05-10,APAC,Pen Tablet,Wacom Intuos S,Support Plan,152,156204.14,7534.06,163738.2,0,2023,5,2,1077.23,5367225.3
2023-05-11,Europe,Pen Tablet,Wacom Intuos M,Cloud Services,216,55089.02,9451.12,64540.14,0,2023,5,3,298.8,5367225.3
2023-05-12,Latin America,Display Tablet,Wacom One Display,Training,229,46014.15,1958.01,47972.16,0,2023,5,4,209.49,5367225.3
2023-05-13,APAC,Accessories,Pro Pen 2,Extended Warranty,205,61330.64,3523.17,64853.81,0,2023,5,5,316.36,5367225.3
2023-05-14,North America,Mobile Studio,MobileStudio Pro 16,Support Plan,138,236445.46,34815.34,271260.8,0,2023,5,6,1965.66,5367225.3
2023-05-15,APAC,Display Tablet,Cintiq Pro 24,Extended Warranty,200,78918.7,3911.9,82830.6,0,2023,5,0,414.15,5367225.3
2023-05-16,Japan,Mobile Studio,MobileStudio Pro 16,Support Plan,199,252625.15,43781.99,296407.14,0,2023,5,1,1489.48,5367225.3
2023-05-17,APAC,Mobile Studio,MobileStudio Pro 13,Training,224,111457.89,12913.38,124371.27,0,2023,5,2,555.23,5367225.3
2023-05-18,Latin America,Accessories,ExpressKey Remote,Cloud Services,161,144509.34,17691.98,162201.32,0,2023,5,3,1007.46,5367225.3
2023-05-19,APAC,Display Tablet,Wacom One Display,Training,193,54885.99,6129.99,61015.98,0,2023,5,4,316.14,5367225.3
2023-05-20,Latin America,Pen Tablet,One by Wacom,Extended Warranty,195,258293.74,17391.91,275685.65,0,2023,5,5,1413.77,5367225.3
2023-05-21,Europe,Mobile Studio,MobileStudio Pro 16,Support Plan,170,107198.63,7665.85,114864.48,0,2023,5,6,675.67,5367225.3
2023-05-22,North America,Pen Tablet,Wacom Intuos S,Cloud Services,211,126934.99,7818.45,134753.44,0,2023,5,0,638.64,5367225.3
2023-05-23,North America,Accessories,Wacom Stand,Extended Warranty,152,210931.73,23761.51,234693.24,0,2023,5,1,1544.03,5367225.3
2023-05-24,North America,Pen Tablet,Wacom Intuos S,Training,145,56577.32,8255.32,64832.64,0,2023,5,2,447.12,5367225.3
2023-05-25,Latin America,Display Tablet,Wacom One Display,Cloud Services,153,208715.51,8916.16,217631.67,0,2023,5,3,1422.43,5367225.3
2023-05-26,APAC,Mobile Studio,MobileStudio Pro 13,Training,151,250820.36,23222.16,274042.52,0,2023,5,4,1814.85,5367225.3
2023-05-27,APAC,Display Tablet,Cintiq Pro 24,Support Plan,263,44690.29,6433.1,51123.39,0,2023,5,5,194.39,5367225.3
2023-05-28,APAC,Pen Tablet,One by Wacom,Training,181,18829.99,759.09,19589.08,0,2023,5,6,108.23,5367225.3
2023-05-29,Europe,Mobile Studio,MobileStudio Pro 16,Training,158,179390.29,12912.71,192303.0,0,2023,5,0,1217.11,5367225.3
2023-05-30,Europe,Display Tablet,Cintiq 16,Training,120,38104.82,2787.77,40892.59,0,2023,5,1,340.77,5367225.3
2023-05-31,Latin America,Display Tablet,Wacom One Display,Training,198,298968.69,27529.19,326497.88,0,2023,5,2,1648.98,5367225.3
2023-06-01,North America,Mobile Studio,MobileStudio Pro 16,Extended Warranty,241,117226.97,9553.32,126780.29,0,2023,6,3,526.06,5471691.92
2023-06-02,Japan,Display Tablet,Wacom One Display,Support Plan,161,255991.88,42924.28,298916.16,0,2023,6,4,1856.62,5471691.92
2023-06-03,Latin America,Mobile Studio,MobileStudio Pro 13,Training,176,162218.82,19086.79,181305.61,0,2023,6,5,1030.15,5471691.92
2023-06-04,North America,Mobile Studio,MobileStudio Pro 13,Cloud Services,89,107143.21,14192.54,121335.75,0,2023,6,6,1363.32,5471691.92
2023-06-05,Europe,Display Tablet,Cintiq 16,Training,183,198479.78,9187.99,207667.77,0,2023,6,0,1134.8,5471691.92
2023-06-06,APAC,Mobile Studio,MobileStudio Pro 16,Training,165,106051.09,18634.19,124685.28,0,2023,6,1,755.67,5471691.92
2023-06-07,Latin America,Mobile Studio,MobileStudio Pro 13,Support Plan,165,200090.1,35789.18,235879.28,0,2023,6,2,1429.57,5471691.92
2023-06-08,North America,Accessories,Pro Pen 2,Cloud Services,172,205434.71,9382.17,214816.88,0,2023,6,3,1248.94,5471691.92
2023-06-09,North America,Accessories,ExpressKey Remote,Extended Warranty,134,65536.3,10222.98,75759.28,0,2023,6,4,565.37,5471691.92
2023-06-10,Japan,Display Tablet,Cintiq Pro 24,Training,174,250474.88,18487.17,268962.05,0,2023,6,5,1545.76,5471691.92
2023-06-11,APAC,Display Tablet,Cintiq Pro 24,Training,198,54016.51,4341.53,58358.04,0,2023,6,6,294.74,5471691.92
2023-06-12,Latin America,Accessories,ExpressKey Remote,Extended Warranty,204,365841.13,20124.74,385965.87,0,2023,6,0,1891.99,5471691.92
2023-06-13,North America,Pen Tablet,One by Wacom,Training,136,126415.37,20209.68,146625.05,0,2023,6,1,1078.13,5471691.92
2023-06-14,Japan,Pen Tablet,Wacom Intuos M,Support Plan,161,184037.01,19223.66,203260.67,0,2023,6,2,1262.49,5471691.92
2023-06-15,Japan,Pen Tablet,One by Wacom,Training,152,61236.45,8933.36,70169.81,0,2023,6,3,461.64,5471691.92
2023-06-16,APAC,Pen Tablet,One by Wacom,Extended Warranty,189,300353.99,17144.83,317498.82,0,2023,6,4,1679.89,5471691.92
2023-06-17,Europe,Mobile Studio,MobileStudio Pro 13,Training,209,124039.97,18214.8,142254.77,0,2023,6,5,680.64,5471691.92
2023-06-18,APAC,Accessories,Pro Pen 2,Support Plan,192,270760.78,43072.27,313833.05,0,2023,6,6,1634.55,5471691.92
2023-06-19,North America,Display Tablet,Cintiq Pro 24,Extended Warranty,123,153994.77,11212.56,165207.33,0,2023,6,0,1343.15,5471691.92
2023-06-20,APAC,Accessories,ExpressKey Remote,Cloud Services,124,149399.39,16046.58,165445.97,0,2023,6,1,1334.24,5471691.92
2023-06-21,North America,Mobile Studio,MobileStudio Pro 16,Support Plan,201,315365.32,18858.97,334224.29,0,2023,6,2,1662.81,5471691.92
2023-06-22,Latin America,Pen Tablet,Wacom Intuos S,Support Plan,163,290500.66,31689.56,322190.22,0,2023,6,3,1976.63,5471691.92
2023-06-23,Japan,Pen Tablet,Wacom Intuos S,Training,93,47790.04,6767.03,54557.07,0,2023,6,4,586.64,5471691.92
2023-06-24,Europe,Display Tablet,Wacom One Display,Support Plan,196,16229.79,2184.61,18414.4,0,2023,6,5,93.95,5471691.92
2023-06-25,North America,Display Tablet,Wacom One Display,Extended Warranty,170,225328.96,9785.51,235114.47,0,2023,6,6,1383.03,5471691.92
2023-06-26,APAC,Display Tablet,Cintiq Pro 24,Cloud Services,155,85512.0,13159.76,98671.76,0,2023,6,0,636.59,5471691.92
2023-06-27,Japan,Pen Tablet,One by Wacom,Extended Warranty,177,25473.19,2993.78,28466.97,0,2023,6,1,160.83,5471691.92
2023-06-28,Japan,Accessories,ExpressKey Remote,Training,179,64427.38,5862.07,70289.45,0,2023,6,2,392.68,5471691.92
2023-06-29,Latin America,Display Tablet,Cintiq Pro 24,Support Plan,149,32183.85,3491.69,35675.54,0,2023,6,3,239.43,5471691.92
2023-06-30,APAC,Mobile Studio,MobileStudio Pro 13,Extended Warranty,190,292933.77,51959.63,344893.4,0,2023,6,4,1815.23,5471691.92
2023-07-01,Japan,Mobile Studio,MobileStudio Pro 16,Cloud Services,178,293683.53,38215.91,331899.44,0,2023,7,5,1864.6,5759580.35
2023-07-02,Latin America,Pen Tablet,Wacom Intuos M,Support Plan,247,329816.27,22553.18,352369.45,0,2023,7,6,1426.6,5759580.35
2023-07-03,North America,Display Tablet,Wacom One Display,Cloud Services,143,56159.33,4852.44,61011.77,0,2023,7,0,426.66,5759580.35
2023-07-04,Japan,Pen Tablet,Wacom Intuos S,Extended Warranty,160,284309.59,37312.17,321621.76,0,2023,7,1,2010.14,5759580.35
2023-07-05,APAC,Display Tablet,Cintiq Pro 24,Training,223,101378.73,5565.01,106943.74,0,2023,7,2,479.57,5759580.35
2023-07-06,North America,Pen Tablet,Wacom Intuos M,Cloud Services,209,259430.37,27339.44,286769.81,0,2023,7,3,1372.1,5759580.35
2023-07-07,Japan,Accessories,Pro Pen 2,Training,173,177295.09,18176.92,195472.01,0,2023,7,4,1129.9,5759580.35
2023-07-08,Europe,Mobile Studio,MobileStudio Pro 16,Support Plan,212,249815.89,41455.47,291271.36,0,2023,7,5,1373.92,5759580.35
2023-07-09,APAC,Mobile Studio,MobileStudio Pro 13,Extended Warranty,211,136977.77,9221.35,146199.12,0,2023,7,6,692.89,5759580.35
2023-07-10,Europe,Pen Tablet,One by Wacom,Training,221,141585.28,11040.59,152625.87,0,2023,7,0,690.61,5759580.35
2023-07-11,Latin America,Mobile Studio,MobileStudio Pro 16,Support Plan,237,300130.49,19394.12,319524.61,0,2023,7,1,1348.21,5759580.35
2023-07-12,Japan,Accessories,Pro Pen 2,Support Plan,179,160183.62,7281.02,167464.64,0,2023,7,2,935.56,5759580.35
2023-07-13,Japan,Display Tablet,Wacom One Display,Cloud Services,207,93135.59,7767.54,100903.13,0,2023,7,3,487.45,5759580.35
2023-07-14,Europe,Accessories,ExpressKey Remote,Cloud Services,202,60021.32,3446.59,63467.91,0,2023,7,4,314.2,5759580.35
2023-07-15,APAC,Mobile Studio,MobileStudio Pro 13,Cloud Services,185,48963.81,5895.32,54859.13,0,2023,7,5,296.54,5759580.35
2023-07-16,Europe,Display Tablet,Wacom One Display,Extended Warranty,194,167267.42,8636.28,175903.7,0,2023,7,6,906.72,5759580.35
2023-07-17,North America,Display Tablet,Cintiq 16,Training,211,140397.81,22812.62,163210.43,0,2023,7,0,773.51,5759580.35
2023-07-18,APAC,Mobile Studio,MobileStudio Pro 13,Support Plan,150,21008.27,1667.52,22675.79,0,2023,7,1,151.17,5759580.35
2023-07-19,APAC,Pen Tablet,Wacom Intuos S,Support Plan,57,17539.05,891.99,18431.04,0,2023,7,2,323.35,5759580.35
2023-07-20,APAC,Accessories,Wacom Stand,Cloud Services,197,273302.72,39137.29,312440.01,0,2023,7,3,1585.99,5759580.35
2023-07-21,Europe,Accessories,Wacom Stand,Training,192,164985.84,26384.62,191370.46,0,2023,7,4,996.72,5759580.35
2023-07-22,North America,Accessories,Wacom Stand,Training,82,109098.3,17415.77,126514.07,0,2023,7,5,1542.85,5759580.35
2023-07-23,Europe,Display Tablet,Cintiq 16,Extended Warranty,185,167056.61,18958.83,186015.44,0,2023,7,6,1005.49,5759580.35
2023-07-24,Japan,Accessories,Wacom Stand,Cloud Services,240,160507.63,14815.29,175322.92,0,2023,7,0,730.51,5759580.35
2023-07-25,Latin America,Display Tablet,Wacom One Display,Training,241,196650.73,12473.56,209124.29,0,2023,7,1,867.74,5759580.35
2023-07-26,Japan,Pen Tablet,Wacom Intuos S,Cloud Services,210,237816.34,39516.85,277333.19,0,2023,7,2,1320.63,5759580.35
2023-07-27,North America,Display Tablet,Cintiq 16,Support Plan,255,279335.93,30985.49,310321.42,0,2023,7,3,1216.95,5759580.35
2023-07-28,Japan,Display Tablet,Wacom One Display,Training,175,94467.15,11878.52,106345.67,0,2023,7,4,607.69,5759580.35
2023-07-29,APAC,Accessories,Pro Pen 2,Training,162,85207.12,10627.44,95834.56,0,2023,7,5,591.57,5759580.35
2023-07-30,North America,Accessories,ExpressKey Remote,Training,157,105254.39,7697.74,112952.13,0,2023,7,6,719.44,5759580.35
2023-07-31,Europe,Accessories,Wacom Stand,Extended Warranty,203,33535.62,1957.43,35493.05,0,2023,7,0,174.84,5759580.35
2023-08-01,Japan,Display Tablet,Cintiq 16,Support Plan,253,359289.92,28753.79,388043.71,0,2023,8,1,1533.77,5868744.73
2023-08-02,Europe,Mobile Studio,MobileStudio Pro 13,Support Plan,138,157521.64,25462.42,182984.06,0,2023,8,2,1325.97,5868744.73
2023-08-03,Latin America,Accessories,Pro Pen 2,Support Plan,192,135603.15,14584.83,150187.98,0,2023,8,3,782.23,5868744.73
2023-08-04,Europe,Accessories,Wacom Stand,Extended Warranty,155,276184.68,13569.01,289753.69,0,2023,8,4,1869.38,5868744.73
2023-08-05,Europe,Accessories,Wacom Stand,Extended Warranty,178,296508.6,32919.97,329428.57,0,2023,8,5,1850.72,5868744.73
2023-08-06,APAC,Pen Tablet,Wacom Intuos S,Training,170,180164.22,12613.0,192777.22,0,2023,8,6,1133.98,5868744.73
2023-08-07,North America,Mobile Studio,MobileStudio Pro 16,Extended Warranty,185,16200.37,1660.88,17861.25,0,2023,8,0,96.55,5868744.73
2023-08-08,APAC,Accessories,Pro Pen 2,Support Plan,142,31368.11,2465.32,33833.43,0,2023,8,1,238.26,5868744.73
2023-08-09,Japan,Accessories,ExpressKey Remote,Training,280,463691.06,56544.06,520235.12,0,2023,8,2,1857.98,5868744.73
2023-08-10,Latin America,Display Tablet,Cintiq Pro 24,Cloud Services,148,202657.22,11988.48,214645.7,0,2023,8,3,1450.31,5868744.73
2023-08-11,Japan,Pen Tablet,Wacom Intuos M,Training,186,102611.6,17829.13,120440.73,0,2023,8,4,647.53,5868744.73
2023-08-12,Europe,Mobile Studio,MobileStudio Pro 13,Support Plan,142,128403.05,20283.94,148686.99,0,2023,8,5,1047.09,5868744.73
2023-08-13,Japan,Mobile Studio,MobileStudio Pro 16,Training,155,24680.9,2585.77,27266.67,0,2023,8,6,175.91,5868744.73
2023-08-14,Latin America,Display Tablet,Cintiq Pro 24,Extended Warranty,172,189696.84,19173.52,208870.36,0,2023,8,0,1214.36,5868744.73
2023-08-15,North America,Display Tablet,Cintiq 16,Extended Warranty,150,142988.88,24549.12,167538.0,0,2023,8,1,1116.92,5868744.73
2023-08-16,North America,Mobile Studio,MobileStudio Pro 13,Support Plan,223,209852.77,24275.78,234128.55,0,2023,8,2,1049.9,5868744.73
2023-08-17,Europe,Accessories,ExpressKey Remote,Extended Warranty,190,232490.52,32214.94,264705.46,0,2023,8,3,1393.19,5868744.73
2023-08-18,Europe,Accessories,ExpressKey Remote,Training,147,116432.57,17482.85,133915.42,0,2023,8,4,910.99,5868744.73
2023-08-19,North America,Accessories,Wacom Stand,Extended Warranty,144,180509.52,25924.86,206434.38,0,2023,8,5,1433.57,5868744.73
2023-08-20,APAC,Pen Tablet,One by Wacom,Cloud Services,191,18812.81,1076.39,19889.2,0,2023,8,6,104.13,5868744.73
2023-08-21,North America,Accessories,Pro Pen 2,Cloud Services,165,91225.61,9128.99,100354.6,0,2023,8,0,608.21,5868744.73
2023-08-22,North America,Display Tablet,Cintiq 16,Training,192,231969.52,13715.11,245684.63,0,2023,8,1,1279.61,5868744.73
2023-08-23,North America,Mobile Studio,MobileStudio Pro 16,Support Plan,90,131904.73,7590.54,139495.27,0,2023,8,2,1549.95,5868744.73
2023-08-24,North America,Accessories,Pro Pen 2,Cloud Services,212,246769.07,10674.36,257443.43,0,2023,8,3,1214.36,5868744.73
2023-08-25,Latin America,Mobile Studio,MobileStudio Pro 13,Extended Warranty,176,96250.14,14295.72,110545.86,0,2023,8,4,628.1,5868744.73
2023-08-26,Latin America,Accessories,ExpressKey Remote,Support Plan,137,67010.28,6831.96,73842.24,0,2023,8,5,538.99,5868744.73
2023-08-27,Europe,Accessories,ExpressKey Remote,Training,122,155783.2,18978.44,174761.64,0,2023,8,6,1432.47,5868744.73
2023-08-28,Europe,Mobile Studio,MobileStudio Pro 16,Extended Warranty,140,175047.8,16498.27,191546.07,0,2023,8,0,1368.19,5868744.73
2023-08-29,Japan,Accessories,ExpressKey Remote,Support Plan,244,272446.2,23877.75,296323.95,0,2023,8,1,1214.44,5868744.73
2023-08-30,North America,Mobile Studio,MobileStudio Pro 16,Cloud Services,120,153055.92,14561.26,167617.18,0,2023,8,2,1396.81,5868744.73
2023-08-31,Europe,Mobile Studio,MobileStudio Pro 16,Support Plan,166,139510.19,10828.8,150338.99,0,2023,8,3,905.66,5868744.73
2023-09-01,Europe,Mobile Studio,MobileStudio Pro 16,Training,127,120772.35,19858.63,140630.98,0,2023,9,4,1107.33,5394337.36
2023-09-02,APAC,Mobile Studio,MobileStudio Pro 16,Training,145,56463.68,9202.09,65665.77,0,2023,9,5,452.87,5394337.36
2023-09-03,Latin America,Pen Tablet,Wacom Intuos M,Extended Warranty,180,52075.31,7058.73,59134.04,0,2023,9,6,328.52,5394337.36
2023-09-04,APAC,Display Tablet,Wacom One Display,Support Plan,209,155980.01,26791.8,182771.81,0,2023,9,0,874.51,5394337.36
2023-09-05,North America,Accessories,Pro Pen 2,Cloud Services,213,354237.92,34399.85,388637.77,0,2023,9,1,1824.59,5394337.36
2023-09-06,APAC,Accessories,ExpressKey Remote,Support Plan,201,320236.32,34077.47,354313.79,0,2023,9,2,1762.76,5394337.36
2023-09-07,Latin America,Pen Tablet,Wacom Intuos S,Support Plan,259,339980.09,27244.94,367225.03,0,2023,9,3,1417.86,5394337.36
2023-09-08,Latin America,Mobile Studio,MobileStudio Pro 16,Extended Warranty,164,83896.59,10767.62,94664.21,0,2023,9,4,577.22,5394337.36
2023-09-09,APAC,Mobile Studio,MobileStudio Pro 13,Training,255,297449.75,19721.07,317170.82,0,2023,9,5,1243.81,5394337.36
2023-09-10,Europe,Display Tablet,Cintiq Pro 24,Support Plan,153,271142.2,31021.56,302163.76,0,2023,9,6,1974.93,5394337.36
2023-09-11,North America,Mobile Studio,MobileStudio Pro 16,Extended Warranty,161,194427.13,26589.56,221016.69,0,2023,9,0,1372.77,5394337.36
2023-09-12,Europe,Mobile Studio,MobileStudio Pro 13,Extended Warranty,102,180203.53,12954.87,193158.4,0,2023,9,1,1893.71,5394337.36
2023-09-13,Japan,Accessories,Pro Pen 2,Cloud Services,99,69374.53,9715.88,79090.41,0,2023,9,2,798.89,5394337.36
2023-09-14,APAC,Pen Tablet,One by Wacom,Support Plan,139,69383.02,5064.41,74447.43,0,2023,9,3,535.59,5394337.36
2023-09-15,North America,Display Tablet,Wacom One Display,Training,216,28855.01,3663.8,32518.81,0,2023,9,4,150.55,5394337.36
2023-09-16,Latin America,Mobile Studio,MobileStudio Pro 16,Support Plan,171,270389.56,32853.25,303242.81,0,2023,9,5,1773.35,5394337.36
2023-09-17,North America,Display Tablet,Cintiq 16,Training,121,178648.78,30005.97,208654.75,0,2023,9,6,1724.42,5394337.36
2023-09-18,APAC,Pen Tablet,Wacom Intuos M,Support Plan,203,72323.05,6003.4,78326.45,0,2023,9,0,385.84,5394337.36
2023-09-19,APAC,Pen Tablet,One by Wacom,Extended Warranty,144,239236.23,13022.57,252258.8,0,2023,9,1,1751.8,5394337.36
2023-09-20,Europe,Display Tablet,Wacom One Display,Cloud Services,187,129257.95,15946.55,145204.5,0,2023,9,2,776.49,5394337.36
2023-09-21,Latin America,Display Tablet,Wacom One Display,Support Plan,217,149183.83,18816.89,168000.72,0,2023,9,3,774.2,5394337.36
2023-09-22,Japan,Display Tablet,Wacom One Display,Extended Warranty,190,69656.69,3213.97,72870.66,0,2023,9,4,383.53,5394337.36
2023-09-23,APAC,Mobile Studio,MobileStudio Pro 13,Cloud Services,189,243287.71,23452.33,266740.04,0,2023,9,5,1411.32,5394337.36
2023-09-24,APAC,Pen Tablet,One by Wacom,Extended Warranty,121,160822.72,10867.64,171690.36,0,2023,9,6,1418.93,5394337.36
2023-09-25,Latin America,Pen Tablet,One by Wacom,Extended Warranty,204,227146.03,22996.77,250142.8,0,2023,9,0,1226.19,5394337.36
2023-09-26,Europe,Mobile Studio,MobileStudio Pro 16,Cloud Services,182,211623.87,27278.55,238902.42,0,2023,9,1,1312.65,5394337.36
2023-09-27,APAC,Display Tablet,Cintiq 16,Training,211,231729.69,10097.5,241827.19,0,2023,9,2,1146.1,5394337.36
2023-09-28,Latin America,Pen Tablet,One by Wacom,Cloud Services,200,196529.53,24782.04,221311.57,0,2023,9,3,1106.56,5394337.36
2023-09-29,Europe,Pen Tablet,One by Wacom,Cloud Services,110,176150.24,25862.14,202012.38,0,2023,9,4,1836.48,5394337.36
2023-09-30,Europe,Pen Tablet,One by Wacom,Support Plan,213,162833.17,12116.39,174949.56,0,2023,9,5,821.36,5394337.36
2023-10-01,Japan,Pen Tablet,Wacom Intuos M,Support Plan,227,80285.93,14229.42,94515.35,0,2023,10,6,416.37,5131244.52
2023-10-02,Latin America,Accessories,Pro Pen 2,Training,143,41025.47,6332.48,47357.95,0,2023,10,0,331.17,5131244.52
2023-10-03,North America,Mobile Studio,MobileStudio Pro 13,Extended Warranty,190,212142.97,10133.65,222276.62,0,2023,10,1,1169.88,5131244.52
2023-10-04,APAC,Mobile Studio,MobileStudio Pro 13,Support Plan,159,52351.12,8850.95,61202.07,0,2023,10,2,384.92,5131244.52
2023-10-05,Latin America,Display Tablet,Cintiq 16,Extended Warranty,235,130458.69,14408.48,144867.17,0,2023,10,3,616.46,5131244.52
2023-10-06,Japan,Display Tablet,Wacom One Display,Training,146,138679.84,24657.82,163337.66,0,2023,10,4,1118.75,5131244.52
2023-10-07,Europe,Mobile Studio,MobileStudio Pro 13,Training,183,124805.76,17525.66,142331.42,0,2023,10,5,777.77,5131244.52
2023-10-08,Japan,Accessories,Pro Pen 2,Extended Warranty,205,34586.95,5901.59,40488.54,0,2023,10,6,197.51,5131244.52
2023-10-09,Japan,Pen Tablet,Wacom Intuos S,Cloud Services,163,275838.34,22250.73,298089.07,0,2023,10,0,1828.77,5131244.52
2023-10-10,North America,Accessories,ExpressKey Remote,Cloud Services,123,86923.38,15583.21,102506.59,0,2023,10,1,833.39,5131244.52
2023-10-11,North America,Pen Tablet,Wacom Intuos S,Extended Warranty,185,278245.46,44701.67,322947.13,0,2023,10,2,1745.66,5131244.52
2023-10-12,Latin America,Pen Tablet,Wacom Intuos S,Training,187,212576.66,33069.62,245646.28,0,2023,10,3,1313.62,5131244.52
2023-10-13,Latin America,Pen Tablet,Wacom Intuos S,Support Plan,195,186650.29,29329.36,215979.65,0,2023,10,4,1107.59,5131244.52
2023-10-14,Japan,Display Tablet,Wacom One Display,Extended Warranty,177,299130.31,16852.56,315982.87,0,2023,10,5,1785.21,5131244.52
2023-10-15,North America,Pen Tablet,Wacom Intuos M,Extended Warranty,166,28633.76,3174.36,31808.12,0,2023,10,6,191.62,5131244.52
2023-10-16,Japan,Mobile Studio,MobileStudio Pro 16,Training,168,173609.99,20374.3,193984.29,0,2023,10,0,1154.67,5131244.52
2023-10-17,APAC,Mobile Studio,MobileStudio Pro 13,Training,113,187208.86,33083.77,220292.63,0,2023,10,1,1949.49,5131244.52
2023-10-18,Latin America,Pen Tablet,One by Wacom,Support Plan,129,116323.67,18894.54,135218.21,0,2023,10,2,1048.2,5131244.52
2023-10-19,Japan,Accessories,ExpressKey Remote,Support Plan,163,76791.33,12132.11,88923.44,0,2023,10,3,545.54,5131244.52
2023-10-20,North America,Mobile Studio,MobileStudio Pro 16,Extended Warranty,148,248434.53,21456.04,269890.57,0,2023,10,4,1823.58,5131244.52
2023-10-21,North America,Display Tablet,Cintiq Pro 24,Cloud Services,75,121363.32,9557.66,130920.98,0,2023,10,5,1745.61,5131244.52
2023-10-22,North America,Pen Tablet,Wacom Intuos S,Support Plan,226,102561.22,5003.64,107564.86,0,2023,10,6,475.95,5131244.52
2023-10-23,Japan,Display Tablet,Wacom One Display,Training,121,104422.54,8588.51,113011.05,0,2023,10,0,933.98,5131244.52
2023-10-24,Japan,Accessories,Wacom Stand,Cloud Services,180,142917.26,18699.09,161616.35,0,2023,10,1,897.87,5131244.52
2023-10-25,Japan,Display Tablet,Cintiq Pro 24,Training,234,68687.9,5938.33,74626.23,0,2023,10,2,318.92,5131244.52
2023-10-26,Latin America,Mobile Studio,MobileStudio Pro 16,Extended Warranty,220,35330.7,2275.82,37606.52,0,2023,10,3,170.94,5131244.52
2023-10-27,Europe,Accessories,Pro Pen 2,Support Plan,181,171450.75,19539.22,190989.97,0,2023,10,4,1055.19,5131244.52
2023-10-28,Japan,Display Tablet,Cintiq 16,Training,181,224275.79,10675.7,234951.49,0,2023,10,5,1298.07,5131244.52
2023-10-29,Europe,Pen Tablet,Wacom Intuos M,Support Plan,168,272035.47,32684.66,304720.13,0,2023,10,6,1813.81,5131244.52
2023-10-30,Europe,Mobile Studio,MobileStudio Pro 16,Extended Warranty,228,282919.41,46186.5,329105.91,0,2023,10,0,1443.45,5131244.52
2023-10-31,APAC,Pen Tablet,Wacom Intuos M,Training,229,315033.59,36544.65,351578.24,0,2023,10,1,1535.28,5131244.52
2023-11-01,APAC,Accessories,Pro Pen 2,Support Plan,152,132207.24,8437.12,140644.36,0,2023,11,2,925.29,5421203.12
2023-11-02,Latin America,Mobile Studio,MobileStudio Pro 13,Support Plan,208,42742.65,2147.62,44890.27,0,2023,11,3,215.82,5421203.12
2023-11-03,Latin America,Accessories,ExpressKey Remote,Support Plan,261,429839.76,41550.05,471389.81,0,2023,11,4,1806.09,5421203.12
2023-11-04,Europe,Mobile Studio,MobileStudio Pro 13,Training,200,116739.31,6674.49,123413.8,0,2023,11,5,617.07,5421203.12
2023-11-05,Europe,Display Tablet,Wacom One Display,Extended Warranty,139,35728.82,3832.7,39561.52,0,2023,11,6,284.62,5421203.12
2023-11-06,Latin America,Accessories,ExpressKey Remote,Support Plan,181,74556.8,5444.5,80001.3,0,2023,11,0,442.0,5421203.12
2023-11-07,North America,Accessories,Wacom Stand,Cloud Services,204,158435.78,22140.99,180576.77,0,2023,11,1,885.18,5421203.12
2023-11-08,APAC,Mobile Studio,MobileStudio Pro 16,Support Plan,245,204009.65,24292.65,228302.3,0,2023,11,2,931.85,5421203.12
2023-11-09,Latin America,Display Tablet,Wacom One Display,Training,206,109063.18,11397.82,120461.0,0,2023,11,3,584.76,5421203.12
2023-11-10,North America,Accessories,ExpressKey Remote,Extended Warranty,159,40871.77,6337.65,47209.42,0,2023,11,4,296.91,5421203.12
2023-11-11,APAC,Pen Tablet,Wacom Intuos S,Support Plan,183,267717.67,38883.77,306601.44,0,2023,11,5,1675.42,5421203.12
2023-11-12,Latin America,Mobile Studio,MobileStudio Pro 16,Extended Warranty,158,128582.33,8635.59,137217.92,0,2023,11,6,868.47,5421203.12
2023-11-13,Europe,Accessories,ExpressKey Remote,Extended Warranty,198,317461.36,29074.87,346536.23,0,2023,11,0,1750.18,5421203.12
2023-11-14,APAC,Display Tablet,Wacom One Display,Training,112,185602.52,20166.79,205769.31,0,2023,11,1,1837.23,5421203.12
2023-11-15,APAC,Display Tablet,Cintiq Pro 24,Cloud Services,127,197955.07,18501.39,216456.46,0,2023,11,2,1704.38,5421203.12
2023-11-16,Latin America,Accessories,Wacom Stand,Extended Warranty,206,79473.17,11316.59,90789.76,0,2023,11,3,440.73,5421203.12
2023-11-17,Europe,Accessories,Wacom Stand,Training,95,69426.64,4718.32,74144.96,0,2023,11,4,780.47,5421203.12
2023-11-18,North America,Accessories,Pro Pen 2,Cloud Services,143,86982.01,10888.67,97870.68,0,2023,11,5,684.41,5421203.12
2023-11-19,APAC,Mobile Studio,MobileStudio Pro 13,Training,269,330667.27,48520.88,379188.15,0,2023,11,6,1409.62,5421203.12
2023-11-20,Europe,Accessories,ExpressKey Remote,Cloud Services,262,139158.89,7369.61,146528.5,0,2023,11,0,559.27,5421203.12
2023-11-21,North America,Mobile Studio,MobileStudio Pro 16,Extended Warranty,153,100515.95,4193.12,104709.07,0,2023,11,1,684.37,5421203.12
2023-11-22,North America,Display Tablet,Cintiq 16,Cloud Services,195,77291.62,6140.62,83432.24,0,2023,11,2,427.86,5421203.12
2023-11-23,Latin America,Display Tablet,Cintiq 16,Training,210,247320.27,21839.35,269159.62,0,2023,11,3,1281.71,5421203.12
2023-11-24,Japan,Pen Tablet,Wacom Intuos S,Support Plan,193,150509.86,12934.83,163444.69,0,2023,11,4,846.86,5421203.12
2023-11-25,APAC,Display Tablet,Wacom One Display,Extended Warranty,133,20054.21,1210.03,21264.24,0,2023,11,5,159.88,5421203.12
2023-11-26,Latin America,Mobile Studio,MobileStudio Pro 13,Extended Warranty,142,118280.55,10424.41,128704.96,0,2023,11,6,906.37,5421203.12
2023-11-27,Europe,Mobile Studio,MobileStudio Pro 16,Extended Warranty,139,49570.37,4465.96,54036.33,0,2023,11,0,388.75,5421203.12
2023-11-28,Europe,Display Tablet,Cintiq Pro 24,Extended Warranty,158,238045.51,18757.57,256803.08,0,2023,11,1,1625.34,5421203.12
2023-11-29,APAC,Accessories,ExpressKey Remote,Support Plan,227,245563.87,20071.68,265635.55,0,2023,11,2,1170.2,5421203.12
2023-11-30,APAC,Display Tablet,Wacom One Display,Extended Warranty,234,286843.58,19657.2,306500.78,0,2023,11,3,1309.83,5421203.12
2023-12-01,Japan,Display Tablet,Cintiq Pro 24,Cloud Services,168,201536.76,33578.06,235114.82,0,2023,12,4,1399.49,5748721.0
2023-12-02,APAC,Display Tablet,Cintiq Pro 24,Extended Warranty,158,111488.35,17244.02,128732.37,0,2023,12,5,814.76,5748721.0
2023-12-03,North America,Display Tablet,Cintiq 16,Support Plan,193,314265.71,51486.07,365751.78,0,2023,12,6,1895.09,5748721.0
2023-12-04,Europe,Display Tablet,Cintiq Pro 24,Training,211,317459.43,26729.31,344188.74,0,2023,12,0,1631.23,5748721.0
2023-12-05,Japan,Mobile Studio,MobileStudio Pro 13,Cloud Services,170,188261.02,24667.79,212928.81,0,2023,12,1,1252.52,5748721.0
2023-12-06,Europe,Mobile Studio,MobileStudio Pro 16,Training,237,107173.12,16726.01,123899.13,0,2023,12,2,522.78,5748721.0
2023-12-07,Latin America,Pen Tablet,One by Wacom,Extended Warranty,199,80592.35,5908.88,86501.23,0,2023,12,3,434.68,5748721.0
2023-12-08,APAC,Pen Tablet,Wacom Intuos M,Support Plan,216,186518.84,31750.26,218269.1,0,2023,12,4,1010.51,5748721.0
2023-12-09,Japan,Pen Tablet,Wacom Intuos S,Training,119,104432.43,10518.74,114951.17,0,2023,12,5,965.98,5748721.0
2023-12-10,Europe,Mobile Studio,MobileStudio Pro 13,Training,224,282929.86,12934.7,295864.56,0,2023,12,6,1320.82,5748721.0
2023-12-11,Europe,Mobile Studio,MobileStudio Pro 16,Support Plan,184,61096.65,7171.84,68268.49,0,2023,12,0,371.02,5748721.0
2023-12-12,Japan,Display Tablet,Cintiq Pro 24,Training,195,91569.97,14150.84,105720.81,0,2023,12,1,542.16,5748721.0
2023-12-13,North America,Accessories,Pro Pen 2,Cloud Services,142,57456.04,8148.6,65604.64,0,2023,12,2,462.0,5748721.0
2023-12-14,Europe,Display Tablet,Cintiq 16,Support Plan,144,48115.57,4305.24,52420.81,0,2023,12,3,364.03,5748721.0
2023-12-15,Latin America,Accessories,ExpressKey Remote,Training,150,13571.29,2314.53,15885.82,0,2023,12,4,105.91,5748721.0
2023-12-16,Latin America,Pen Tablet,Wacom Intuos S,Cloud Services,147,246354.62,30582.48,276937.1,0,2023,12,5,1883.93,5748721.0
2023-12-17,North America,Pen Tablet,Wacom Intuos S,Training,185,150649.72,21457.67,172107.39,0,2023,12,6,930.31,5748721.0
2023-12-18,Japan,Display Tablet,Wacom One Display,Cloud Services,138,235095.4,14523.35,249618.75,0,2023,12,0,1808.83,5748721.0
2023-12-19,Europe,Pen Tablet,One by Wacom,Cloud Services,210,283639.9,49487.86,333127.76,0,2023,12,1,1586.32,5748721.0
2023-12-20,Europe,Display Tablet,Wacom One Display,Cloud Services,118,118510.43,12133.57,130644.0,0,2023,12,2,1107.15,5748721.0
2023-12-21,North America,Pen Tablet,One by Wacom,Extended Warranty,260,98859.83,16848.86,115708.69,0,2023,12,3,445.03,5748721.0
2023-12-22,North America,Mobile Studio,MobileStudio Pro 16,Support Plan,195,79970.88,3910.15,83881.03,0,2023,12,4,430.16,5748721.0
2023-12-23,APAC,Mobile Studio,MobileStudio Pro 16,Support Plan,211,285420.32,13622.63,299042.95,0,2023,12,5,1417.27,5748721.0
2023-12-24,North America,Display Tablet,Cintiq Pro 24,Cloud Services,188,182663.57,9777.54,192441.11,0,2023,12,6,1023.62,5748721.0
2023-12-25,APAC,Display Tablet,Cintiq 16,Support Plan,132,57723.19,7827.57,65550.76,0,2023,12,0,496.6,5748721.0
2023-12-26,Latin America,Pen Tablet,One by Wacom,Support Plan,191,203553.54,36607.24,240160.78,0,2023,12,1,1257.39,5748721.0
2023-12-27,North America,Accessories,Pro Pen 2,Support Plan,214,151894.84,24870.84,176765.68,0,2023,12,2,826.01,5748721.0
2023-12-28,APAC,Display Tablet,Cintiq Pro 24,Cloud Services,159,125422.43,18114.0,143536.43,0,2023,12,3,902.74,5748721.0
2023-12-29,Latin America,Mobile Studio,MobileStudio Pro 13,Extended Warranty,259,164796.81,26443.32,191240.13,0,2023,12,4,738.38,5748721.0
2023-12-30,Latin America,Display Tablet,Wacom One Display,Cloud Services,210,25298.35,1914.73,27213.08,0,2023,12,5,129.59,5748721.0
2023-12-31,APAC,Accessories,Pro Pen 2,Extended Warranty,215,248712.87,40412.33,289125.2,0,2023,12,6,1344.77,5748721.0
2024-01-01,North America,Mobile Studio,MobileStudio Pro 13,Support Plan,169,241984.84,29717.74,271702.58,0,2024,1,0,1607.71,7058306.4
2024-01-02,APAC,Display Tablet,Wacom One Display,Extended Warranty,195,125313.45,6945.18,132258.63,0,2024,1,1,678.25,7058306.4
2024-01-03,APAC,Pen Tablet,Wacom Intuos M,Support Plan,142,46917.12,5621.94,52539.06,0,2024,1,2,369.99,7058306.4
2024-01-04,Europe,Mobile Studio,MobileStudio Pro 13,Support Plan,154,190722.47,15150.63,205873.1,0,2024,1,3,1336.84,7058306.4
2024-01-05,Latin America,Accessories,Wacom Stand,Training,227,152134.65,24006.92,176141.57,0,2024,1,4,775.95,7058306.4
2024-01-06,Latin America,Accessories,ExpressKey Remote,Training,127,174462.94,14254.05,188716.99,0,2024,1,5,1485.96,7058306.4
2024-01-07,Japan,Pen Tablet,Wacom Intuos S,Training,181,313912.48,36711.46,350623.94,0,2024,1,6,1937.15,7058306.4
2024-01-08,Japan,Pen Tablet,Wacom Intuos S,Extended Warranty,158,91463.4,16099.45,107562.85,0,2024,1,0,680.78,7058306.4
2024-01-09,APAC,Mobile Studio,MobileStudio Pro 16,Extended Warranty,218,125376.51,6144.56,131521.07,0,2024,1,1,603.31,7058306.4
2024-01-10,APAC,Display Tablet,Cintiq 16,Support Plan,172,273804.51,22557.57,296362.08,0,2024,1,2,1723.04,7058306.4
2024-01-11,Europe,Mobile Studio,MobileStudio Pro 13,Extended Warranty,183,307189.72,27935.39,335125.11,0,2024,1,3,1831.28,7058306.4
2024-01-12,Europe,Mobile Studio,MobileStudio Pro 13,Support Plan,136,68686.14,9115.86,77802.0,0,2024,1,4,572.07,7058306.4
2024-01-13,APAC,Accessories,Pro Pen 2,Support Plan,176,58892.62,2510.3,61402.92,0,2024,1,5,348.88,7058306.4
2024-01-14,Europe,Mobile Studio,MobileStudio Pro 16,Cloud Services,209,62791.77,11146.31,73938.08,0,2024,1,6,353.77,7058306.4
2024-01-15,Europe,Mobile Studio,MobileStudio Pro 16,Cloud Services,178,228013.85,21396.58,249410.43,0,2024,1,0,1401.18,7058306.4
2024-01-16,Latin America,Mobile Studio,MobileStudio Pro 13,Extended Warranty,250,428753.01,51284.17,480037.18,0,2024,1,1,1920.15,7058306.4
2024-01-17,Japan,Pen Tablet,One by Wacom,Training,230,187214.31,28224.17,215438.48,0,2024,1,2,936.69,7058306.4
2024-01-18,Japan,Display Tablet,Cintiq 16,Support Plan,137,160262.4,26945.97,187208.37,0,2024,1,3,1366.48,7058306.4
2024-01-19,North America,Pen Tablet,Wacom Intuos S,Extended Warranty,239,237673.32,11746.43,249419.75,0,2024,1,4,1043.6,7058306.4
2024-01-20,Japan,Display Tablet,Cintiq Pro 24,Cloud Services,198,205380.55,9870.15,215250.7,0,2024,1,5,1087.12,7058306.4
2024-01-21,Japan,Display Tablet,Cintiq 16,Training,205,33016.25,4606.57,37622.82,0,2024,1,6,183.53,7058306.4
2024-01-22,Latin America,Accessories,Pro Pen 2,Extended Warranty,180,84630.12,8603.78,93233.9,0,2024,1,0,517.97,7058306.4
2024-01-23,Latin America,Pen Tablet,Wacom Intuos M,Extended Warranty,151,127112.28,10632.69,137744.97,0,2024,1,1,912.22,7058306.4
2024-01-24,North America,Mobile Studio,MobileStudio Pro 16,Extended Warranty,171,192415.4,27492.11,219907.51,0,2024,1,2,1286.01,7058306.4
2024-01-25,North America,Mobile Studio,MobileStudio Pro 16,Support Plan,203,163331.88,10644.02,173975.9,0,2024,1,3,857.02,7058306.4
2024-01-26,North America,Accessories,ExpressKey Remote,Support Plan,136,167301.08,12842.06,180143.14,0,2024,1,4,1324.58,7058306.4
2024-01-27,Japan,Pen Tablet,Wacom Intuos M,Support Plan,130,97927.92,14843.52,112771.44,0,2024,1,5,867.47,7058306.4
2024-01-28,North America,Mobile Studio,MobileStudio Pro 16,Training,118,25933.48,2615.25,28548.73,0,2024,1,6,241.94,7058306.4
2024-01-29,Latin America,Display Tablet,Wacom One Display,Cloud Services,237,259783.01,23498.27,283281.28,0,2024,1,0,1195.28,7058306.4
2024-01-30,Latin America,Display Tablet,Wacom One Display,Support Plan,147,213896.93,12546.46,226443.39,0,2024,1,1,1540.43,7058306.4
2024-01-31,APAC,Accessories,Wacom Stand,Training,188,185892.86,10820.17,196713.03,0,2024,1,2,1046.35,7058306.4
2024-02-01,Latin America,Pen Tablet,One by Wacom,Extended Warranty,178,287300.49,37924.75,325225.24,0,2024,2,3,1827.11,4928087.61
2024-02-02,Latin America,Mobile Studio,MobileStudio Pro 16,Extended Warranty,91,63890.89,7467.55,71358.44,0,2024,2,4,784.16,4928087.61
2024-02-03,APAC,Pen Tablet,Wacom Intuos S,Cloud Services,204,219149.96,31912.7,251062.66,0,2024,2,5,1230.7,4928087.61
2024-02-04,Latin America,Display Tablet,Cintiq 16,Cloud Services,219,82801.94,10082.52,92884.46,0,2024,2,6,424.13,4928087.61
2024-02-05,Latin America,Accessories,ExpressKey Remote,Support Plan,202,84007.1,12408.37,96415.47,0,2024,2,0,477.3,4928087.61
2024-02-06,Europe,Pen Tablet,Wacom Intuos M,Extended Warranty,199,198840.92,31771.75,230612.67,0,2024,2,1,1158.86,4928087.61
2024-02-07,North America,Pen Tablet,Wacom Intuos M,Training,279,454539.13,72531.91,527071.04,1,2024,2,2,1889.14,4928087.61
2024-02-08,Europe,Mobile Studio,MobileStudio Pro 13,Cloud Services,233,44001.55,6433.21,50434.76,0,2024,2,3,216.46,4928087.61
2024-02-09,North America,Mobile Studio,MobileStudio Pro 16,Training,166,252917.96,12157.08,265075.04,0,2024,2,4,1596.84,4928087.61
2024-02-10,Japan,Mobile Studio,MobileStudio Pro 16,Cloud Services,196,347070.81,47217.82,394288.63,0,2024,2,5,2011.68,4928087.61
2024-02-11,Japan,Mobile Studio,MobileStudio Pro 13,Support Plan,199,357089.87,19199.83,376289.7,0,2024,2,6,1890.9,4928087.61
2024-02-12,APAC,Accessories,Pro Pen 2,Cloud Services,157,31073.97,5109.63,36183.6,0,2024,2,0,230.47,4928087.61
2024-02-13,APAC,Accessories,Wacom Stand,Cloud Services,186,118065.85,19703.28,137769.13,0,2024,2,1,740.69,4928087.61
2024-02-14,North America,Display Tablet,Wacom One Display,Training,172,215174.56,35588.6,250763.16,0,2024,2,2,1457.93,4928087.61
2024-02-15,Japan,Accessories,Pro Pen 2,Cloud Services,233,286361.72,48099.74,334461.46,0,2024,2,3,1435.46,4928087.61
2024-02-16,Europe,Pen Tablet,Wacom Intuos S,Extended Warranty,171,245373.83,40627.03,286000.86,0,2024,2,4,1672.52,4928087.61
2024-02-17,Japan,Display Tablet,Cintiq Pro 24,Support Plan,152,261568.06,45934.25,307502.31,0,2024,2,5,2023.04,4928087.61
2024-02-18,Europe,Pen Tablet,Wacom Intuos M,Support Plan,175,242661.48,35283.95,277945.43,0,2024,2,6,1588.26,4928087.61
2024-02-19,Europe,Pen Tablet,One by Wacom,Extended Warranty,187,173595.85,12769.02,186364.87,0,2024,2,0,996.6,4928087.61
2024-02-20,APAC,Pen Tablet,One by Wacom,Support Plan,196,266715.05,45463.01,312178.06,0,2024,2,1,1592.75,4928087.61
2024-02-21,APAC,Accessories,ExpressKey Remote,Training,256,291852.34,26038.57,317890.91,0,2024,2,2,1241.76,4928087.61
2024-02-22,Latin America,Accessories,Wacom Stand,Cloud Services,179,89073.55,10135.06,99208.61,0,2024,2,3,554.24,4928087.61
2024-02-23,Europe,Display Tablet,Wacom One Display,Support Plan,203,207922.3,29389.78,237312.08,0,2024,2,4,1169.03,4928087.61
2024-02-24,Europe,Accessories,Pro Pen 2,Cloud Services,225,197954.93,31919.88,229874.81,0,2024,2,5,1021.67,4928087.61
2024-02-25,North America,Mobile Studio,MobileStudio Pro 13,Extended Warranty,181,268101.9,41193.42,309295.32,0,2024,2,6,1708.81,4928087.61
2024-02-26,APAC,Accessories,ExpressKey Remote,Cloud Services,158,48634.99,2722.87,51357.86,0,2024,2,0,325.05,4928087.61
2024-02-27,North America,Accessories,Wacom Stand,Extended Warranty,186,305131.19,40381.87,345513.06,0,2024,2,1,1857.6,4928087.61
2024-02-28,Latin America,Mobile Studio,MobileStudio Pro 13,Training,220,305288.17,36332.18,341620.35,0,2024,2,2,1552.82,4928087.61
2024-02-29,Europe,Mobile Studio,MobileStudio Pro 16,Extended Warranty,200,301639.31,14707.1,316346.41,0,2024,2,3,1581.73,4928087.61
2024-03-01,Latin America,Display Tablet,Cintiq Pro 24,Extended Warranty,166,207150.94,29066.51,236217.45,0,2024,3,4,1423.0,5519481.03
2024-03-02,APAC,Display Tablet,Cintiq 16,Cloud Services,213,91010.73,8109.31,99120.04,0,2024,3,5,465.35,5519481.03
2024-03-03,Japan,Display Tablet,Cintiq 16,Extended Warranty,140,184797.1,11893.22,196690.32,0,2024,3,6,1404.93,5519481.03
2024-03-04,Japan,Display Tablet,Cintiq 16,Support Plan,144,72987.21,8288.0,81275.21,0,2024,3,0,564.41,5519481.03
2024-03-05,Europe,Mobile Studio,MobileStudio Pro 16,Extended Warranty,206,134421.35,17672.51,152093.86,0,2024,3,1,738.32,5519481.03
2024-03-06,Europe,Mobile Studio,MobileStudio Pro 16,Support Plan,106,101939.65,10833.18,112772.83,0,2024,3,2,1063.89,5519481.03
2024-03-07,Europe,Pen Tablet,One by Wacom,Training,140,76393.15,9124.16,85517.31,0,2024,3,3,610.84,5519481.03
2024-03-08,North America,Pen Tablet,Wacom Intuos S,Cloud Services,148,67709.16,3657.29,71366.45,0,2024,3,4,482.21,5519481.03
2024-03-09,APAC,Accessories,Wacom Stand,Cloud Services,119,14370.38,1080.32,15450.7,0,2024,3,5,129.84,5519481.03
2024-03-10,APAC,Display Tablet,Wacom One Display,Cloud Services,198,190791.99,22441.52,213233.51,0,2024,3,6,1076.94,5519481.03
2024-03-11,Japan,Accessories,Pro Pen 2,Extended Warranty,186,221552.07,31642.23,253194.3,0,2024,3,0,1361.26,5519481.03
2024-03-12,Japan,Accessories,Wacom Stand,Training,126,165152.7,9572.52,174725.22,0,2024,3,1,1386.71,5519481.03
2024-03-13,APAC,Pen Tablet,One by Wacom,Extended Warranty,166,47380.49,2923.17,50303.66,0,2024,3,2,303.03,5519481.03
2024-03-14,North America,Pen Tablet,One by Wacom,Training,225,86267.68,12055.87,98323.55,0,2024,3,3,436.99,5519481.03
2024-03-15,Europe,Accessories,Pro Pen 2,Training,200,286110.91,49890.29,336001.2,0,2024,3,4,1680.01,5519481.03
2024-03-16,Europe,Display Tablet,Cintiq 16,Support Plan,174,61221.29,9672.15,70893.44,0,2024,3,5,407.43,5519481.03
2024-03-17,North America,Accessories,Pro Pen 2,Cloud Services,145,140724.3,22322.97,163047.27,0,2024,3,6,1124.46,5519481.03
2024-03-18,APAC,Mobile Studio,MobileStudio Pro 13,Cloud Services,43,65623.95,7486.69,73110.64,0,2024,3,0,1700.25,5519481.03
2024-03-19,Europe,Accessories,Pro Pen 2,Cloud Services,166,52787.6,8007.64,60795.24,0,2024,3,1,366.24,5519481.03
2024-03-20,Europe,Accessories,ExpressKey Remote,Cloud Services,185,213206.85,17251.19,230458.04,0,2024,3,2,1245.72,5519481.03
2024-03-21,APAC,Accessories,Pro Pen 2,Cloud Services,281,278161.4,21740.98,299902.38,0,2024,3,3,1067.27,5519481.03
2024-03-22,Japan,Mobile Studio,MobileStudio Pro 13,Extended Warranty,156,221012.8,35722.79,256735.59,0,2024,3,4,1645.74,5519481.03
2024-03-23,Japan,Pen Tablet,One by Wacom,Training,177,241533.33,19884.96,261418.29,0,2024,3,5,1476.94,5519481.03
2024-03-24,Japan,Display Tablet,Cintiq 16,Support Plan,234,347655.72,56613.44,404269.16,0,2024,3,6,1727.65,5519481.03
2024-03-25,North America,Pen Tablet,One by Wacom,Cloud Services,140,85711.63,6420.4,92132.03,0,2024,3,0,658.09,5519481.03
2024-03-26,Europe,Pen Tablet,One by Wacom,Extended Warranty,148,112078.43,14770.25,126848.68,0,2024,3,1,857.09,5519481.03
2024-03-27,Europe,Accessories,Wacom Stand,Extended Warranty,224,74836.86,11544.05,86380.91,0,2024,3,2,385.63,5519481.03
2024-03-28,Japan,Accessories,Pro Pen 2,Training,157,192792.52,17654.39,210446.91,0,2024,3,3,1340.43,5519481.03
2024-03-29,Latin America,Accessories,ExpressKey Remote,Training,215,186553.98,8652.61,195206.59,0,2024,3,4,907.94,5519481.03
2024-03-30,Europe,Mobile Studio,MobileStudio Pro 13,Extended Warranty,197,41269.15,5510.58,46779.73,0,2024,3,5,237.46,5519481.03
2024-03-31,Latin America,Display Tablet,Wacom One Display,Support Plan,171,160022.25,13354.85,173377.1,0,2024,3,6,1013.9,5519481.03
2024-04-01,Europe,Accessories,Wacom Stand,Support Plan,164,93929.48,11921.62,105851.1,0,2024,4,0,645.43,5175884.78
2024-04-02,Europe,Mobile Studio,MobileStudio Pro 16,Training,147,147142.05,26391.0,173533.05,0,2024,4,1,1180.5,5175884.78
2024-04-03,APAC,Pen Tablet,Wacom Intuos M,Support Plan,178,119850.45,7483.24,127333.69,0,2024,4,2,715.36,5175884.78
2024-04-04,Latin America,Pen Tablet,Wacom Intuos S,Extended Warranty,199,299119.96,26058.17,325178.13,0,2024,4,3,1634.06,5175884.78
2024-04-05,APAC,Mobile Studio,MobileStudio Pro 16,Training,202,147497.57,25517.79,173015.36,0,2024,4,4,856.51,5175884.78
2024-04-06,APAC,Accessories,ExpressKey Remote,Support Plan,121,210178.51,35123.42,245301.93,0,2024,4,5,2027.29,5175884.78
2024-04-07,North America,Accessories,ExpressKey Remote,Training,225,333765.32,53593.77,387359.09,0,2024,4,6,1721.6,5175884.78
2024-04-08,Japan,Display Tablet,Cintiq Pro 24,Training,199,36784.82,4039.47,40824.29,0,2024,4,0,205.15,5175884.78
2024-04-09,Latin America,Mobile Studio,MobileStudio Pro 16,Cloud Services,198,307781.83,45062.22,352844.05,0,2024,4,1,1782.04,5175884.78
2024-04-10,Latin America,Accessories,Wacom Stand,Support Plan,180,51701.17,2492.69,54193.86,0,2024,4,2,301.08,5175884.78
2024-04-11,Japan,Accessories,Pro Pen 2,Cloud Services,231,395446.25,70016.4,465462.65,0,2024,4,3,2014.99,5175884.78
2024-04-12,APAC,Mobile Studio,MobileStudio Pro 16,Support Plan,177,269474.69,43641.97,313116.66,0,2024,4,4,1769.02,5175884.78
2024-04-13,APAC,Accessories,Pro Pen 2,Support Plan,215,81481.09,7464.24,88945.33,0,2024,4,5,413.7,5175884.78
2024-04-14,Europe,Pen Tablet,Wacom Intuos S,Support Plan,169,302482.22,49223.54,351705.76,0,2024,4,6,2081.1,5175884.78
2024-04-15,North America,Display Tablet,Cintiq Pro 24,Training,246,199872.66,20679.77,220552.43,0,2024,4,0,896.55,5175884.78
2024-04-16,APAC,Accessories,Pro Pen 2,Cloud Services,173,130707.25,6986.41,137693.66,0,2024,4,1,795.92,5175884.78
2024-04-17,Japan,Display Tablet,Wacom One Display,Extended Warranty,145,147531.67,23438.24,170969.91,0,2024,4,2,1179.1,5175884.78
2024-04-18,Europe,Accessories,Pro Pen 2,Support Plan,202,62775.61,7524.76,70300.37,0,2024,4,3,348.02,5175884.78
2024-04-19,North America,Pen Tablet,Wacom Intuos M,Cloud Services,185,143080.18,8818.33,151898.51,0,2024,4,4,821.07,5175884.78
2024-04-20,Latin America,Accessories,ExpressKey Remote,Training,288,264141.31,18930.33,283071.64,0,2024,4,5,982.89,5175884.78
2024-04-21,Japan,Pen Tablet,One by Wacom,Support Plan,215,35817.89,1497.13,37315.02,0,2024,4,6,173.56,5175884.78
2024-04-22,North America,Pen Tablet,One by Wacom,Cloud Services,170,196596.58,17709.9,214306.48,0,2024,4,0,1260.63,5175884.78
2024-04-23,North America,Accessories,Pro Pen 2,Cloud Services,210,28740.98,3454.05,32195.03,0,2024,4,1,153.31,5175884.78
2024-04-24,Latin America,Mobile Studio,MobileStudio Pro 13,Support Plan,206,190667.11,14073.37,204740.48,0,2024,4,2,993.89,5175884.78
2024-04-25,North America,Accessories,ExpressKey Remote,Extended Warranty,144,40369.92,5097.78,45467.7,0,2024,4,3,315.75,5175884.78
2024-04-26,North America,Pen Tablet,Wacom Intuos S,Cloud Services,107,107488.39,13905.62,121394.01,0,2024,4,4,1134.52,5175884.78
2024-04-27,Japan,Display Tablet,Wacom One Display,Extended Warranty,211,323449.43,50756.53,374205.96,0,2024,4,5,1773.49,5175884.78
2024-04-28,Latin America,Mobile Studio,MobileStudio Pro 13,Cloud Services,243,73461.79,6720.28,80182.07,0,2024,4,6,329.97,5175884.78
2024-04-29,APAC,Accessories,ExpressKey Remote,Support Plan,176,93142.01,16140.3,109282.31,0,2024,4,0,620.92,5175884.78
2024-04-30,North America,Mobile Studio,MobileStudio Pro 13,Cloud Services,172,52755.28,8485.22,61240.5,0,2024,4,1,356.05,5175884.78
2024-05-01,Europe,Display Tablet,Wacom One Display,Support Plan,157,198050.0,17396.43,215446.43,0,2024,5,2,1372.27,5150164.46
2024-05-02,Europe,Accessories,Pro Pen 2,Training,171,170975.94,9631.15,180607.09,0,2024,5,3,1056.18,5150164.46
2024-05-03,Europe,Pen Tablet,One by Wacom,Extended Warranty,160,85302.99,7343.49,92646.48,0,2024,5,4,579.04,5150164.46
2024-05-04,Europe,Accessories,Pro Pen 2,Cloud Services,189,74668.35,7638.94,82307.29,0,2024,5,5,435.49,5150164.46
2024-05-05,APAC,Mobile Studio,MobileStudio Pro 13,Support Plan,244,288187.07,36222.67,324409.74,0,2024,5,6,1329.55,5150164.46
2024-05-06,Europe,Mobile Studio,MobileStudio Pro 16,Cloud Services,214,355173.41,50665.01,405838.42,0,2024,5,0,1896.44,5150164.46
2024-05-07,Europe,Accessories,Wacom Stand,Extended Warranty,123,69718.35,6912.74,76631.09,0,2024,5,1,623.02,5150164.46
2024-05-08,Japan,Pen Tablet,One by Wacom,Training,210,18225.28,3105.77,21331.05,0,2024,5,2,101.58,5150164.46
2024-05-09,North America,Pen Tablet,Wacom Intuos M,Extended Warranty,119,126297.72,20816.47,147114.19,0,2024,5,3,1236.25,5150164.46
2024-05-10,APAC,Accessories,ExpressKey Remote,Extended Warranty,174,222981.18,39542.89,262524.07,0,2024,5,4,1508.76,5150164.46
2024-05-11,Japan,Display Tablet,Cintiq 16,Training,154,125038.09,22342.74,147380.83,0,2024,5,5,957.02,5150164.46
2024-05-12,Japan,Mobile Studio,MobileStudio Pro 16,Training,237,194570.06,8782.84,203352.9,0,2024,5,6,858.03,5150164.46
2024-05-13,Europe,Accessories,ExpressKey Remote,Cloud Services,201,84678.06,12017.92,96695.98,0,2024,5,0,481.07,5150164.46
2024-05-14,North America,Pen Tablet,Wacom Intuos M,Training,126,142484.87,22451.38,164936.25,0,2024,5,1,1309.02,5150164.46
2024-05-15,Latin America,Pen Tablet,One by Wacom,Support Plan,158,24636.89,2418.93,27055.82,0,2024,5,2,171.24,5150164.46
2024-05-16,APAC,Display Tablet,Cintiq Pro 24,Support Plan,132,235277.21,26075.49,261352.7,0,2024,5,3,1979.94,5150164.46
2024-05-17,Europe,Display Tablet,Cintiq 16,Extended Warranty,205,68289.99,9207.52,77497.51,0,2024,5,4,378.04,5150164.46
2024-05-18,North America,Display Tablet,Cintiq 16,Training,159,244097.89,10868.71,254966.6,0,2024,5,5,1603.56,5150164.46
2024-05-19,Europe,Display Tablet,Cintiq Pro 24,Training,199,100695.23,6218.53,106913.76,0,2024,5,6,537.26,5150164.46
2024-05-20,Europe,Mobile Studio,MobileStudio Pro 16,Extended Warranty,133,110461.47,11294.87,121756.34,0,2024,5,0,915.46,5150164.46
2024-05-21,Europe,Accessories,Pro Pen 2,Extended Warranty,191,182742.8,10211.74,192954.54,0,2024,5,1,1010.23,5150164.46
2024-05-22,North America,Accessories,ExpressKey Remote,Training,262,216424.81,36166.89,252591.7,0,2024,5,2,964.09,5150164.46
2024-05-23,Latin America,Accessories,ExpressKey Remote,Cloud Services,135,92553.62,4675.12,97228.74,0,2024,5,3,720.21,5150164.46
2024-05-24,Latin America,Mobile Studio,MobileStudio Pro 13,Extended Warranty,252,265450.16,34405.04,299855.2,0,2024,5,4,1189.9,5150164.46
2024-05-25,Japan,Pen Tablet,One by Wacom,Support Plan,159,58401.61,3081.49,61483.1,0,2024,5,5,386.69,5150164.46
2024-05-26,APAC,Display Tablet,Cintiq Pro 24,Cloud Services,219,160145.09,25087.29,185232.38,0,2024,5,6,845.81,5150164.46
2024-05-27,Japan,Pen Tablet,One by Wacom,Training,249,410811.15,69332.12,480143.27,0,2024,5,0,1928.29,5150164.46
2024-05-28,Latin America,Accessories,ExpressKey Remote,Support Plan,232,116455.83,19085.74,135541.57,0,2024,5,1,584.23,5150164.46
2024-05-29,APAC,Display Tablet,Wacom One Display,Support Plan,151,129807.46,20427.94,150235.4,0,2024,5,2,994.94,5150164.46
2024-05-30,North America,Pen Tablet,One by Wacom,Cloud Services,160,20524.87,2146.58,22671.45,0,2024,5,3,141.7,5150164.46
2024-05-31,APAC,Pen Tablet,One by Wacom,Extended Warranty,169,23807.03,3375.86,27182.89,0,2024,5,4,160.85,5150164.46
2024-06-01,APAC,Mobile Studio,MobileStudio Pro 13,Extended Warranty,231,324318.64,25160.31,349478.95,0,2024,6,5,1512.9,5841204.28
2024-06-02,Japan,Accessories,ExpressKey Remote,Support Plan,121,126378.88,13984.22,140363.1,0,2024,6,6,1160.03,5841204.28
2024-06-03,Europe,Pen Tablet,Wacom Intuos M,Training,174,229308.19,38981.0,268289.19,0,2024,6,0,1541.89,5841204.28
2024-06-04,Latin America,Accessories,Wacom Stand,Cloud Services,178,257948.38,39370.46,297318.84,0,2024,6,1,1670.33,5841204.28
2024-06-05,APAC,Accessories,ExpressKey Remote,Training,97,41865.79,4602.75,46468.54,0,2024,6,2,479.06,5841204.28
2024-06-06,APAC,Accessories,ExpressKey Remote,Support Plan,147,34229.17,4690.55,38919.72,0,2024,6,3,264.76,5841204.28
2024-06-07,North America,Display Tablet,Cintiq Pro 24,Training,113,39510.6,6259.78,45770.38,0,2024,6,4,405.05,5841204.28
2024-06-08,Latin America,Pen Tablet,Wacom Intuos M,Support Plan,154,146304.54,16738.69,163043.23,0,2024,6,5,1058.72,5841204.28
2024-06-09,Latin America,Display Tablet,Cintiq Pro 24,Training,206,98292.85,9140.34,107433.19,0,2024,6,6,521.52,5841204.28
2024-06-10,Europe,Mobile Studio,MobileStudio Pro 16,Support Plan,106,42079.22,6670.21,48749.43,0,2024,6,0,459.9,5841204.28
2024-06-11,Europe,Mobile Studio,MobileStudio Pro 16,Training,149,142420.16,15057.87,157478.03,0,2024,6,1,1056.9,5841204.28
2024-06-12,Latin America,Accessories,Wacom Stand,Training,213,140484.17,8587.62,149071.79,0,2024,6,2,699.87,5841204.28
2024-06-13,Japan,Mobile Studio,MobileStudio Pro 16,Cloud Services,189,301451.42,31124.78,332576.2,0,2024,6,3,1759.66,5841204.28
2024-06-14,Latin America,Display Tablet,Wacom One Display,Extended Warranty,214,284732.8,31115.26,315848.06,0,2024,6,4,1475.93,5841204.28
2024-06-15,Latin America,Mobile Studio,MobileStudio Pro 16,Cloud Services,161,224229.71,22567.98,246797.69,0,2024,6,5,1532.9,5841204.28
2024-06-16,Latin America,Accessories,Pro Pen 2,Training,140,238217.71,26469.61,264687.32,0,2024,6,6,1890.62,5841204.28
2024-06-17,Japan,Accessories,ExpressKey Remote,Training,185,180280.32,10468.31,190748.63,0,2024,6,0,1031.07,5841204.28
2024-06-18,Latin America,Accessories,Wacom Stand,Training,149,64628.35,7592.26,72220.61,0,2024,6,1,484.7,5841204.28
2024-06-19,Japan,Pen Tablet,Wacom Intuos M,Cloud Services,154,270136.16,37423.17,307559.33,0,2024,6,2,1997.14,5841204.28
2024-06-20,APAC,Accessories,Pro Pen 2,Support Plan,168,266489.71,21530.94,288020.65,0,2024,6,3,1714.41,5841204.28
2024-06-21,Japan,Accessories,ExpressKey Remote,Extended Warranty,239,289845.43,42153.75,331999.18,0,2024,6,4,1389.12,5841204.28
2024-06-22,North America,Mobile Studio,MobileStudio Pro 13,Cloud Services,168,50536.15,8928.43,59464.58,0,2024,6,5,353.96,5841204.28
2024-06-23,Japan,Display Tablet,Wacom One Display,Support Plan,180,113120.03,6636.63,119756.66,0,2024,6,6,665.31,5841204.28
2024-06-24,North America,Display Tablet,Cintiq 16,Cloud Services,170,59071.88,6968.2,66040.08,0,2024,6,0,388.47,5841204.28
2024-06-25,Latin America,Mobile Studio,MobileStudio Pro 16,Support Plan,225,18933.21,2147.95,21081.16,0,2024,6,1,93.69,5841204.28
2024-06-26,North America,Pen Tablet,One by Wacom,Extended Warranty,230,100983.67,13216.09,114199.76,0,2024,6,2,496.52,5841204.28
2024-06-27,Japan,Pen Tablet,One by Wacom,Support Plan,169,139676.48,24101.2,163777.68,0,2024,6,3,969.1,5841204.28
2024-06-28,Latin America,Mobile Studio,MobileStudio Pro 16,Support Plan,217,93087.33,15166.17,108253.5,0,2024,6,4,498.86,5841204.28
2024-06-29,North America,Mobile Studio,MobileStudio Pro 16,Training,157,193346.43,28924.64,222271.07,0,2024,6,5,1415.74,5841204.28
2024-06-30,Latin America,Display Tablet,Wacom One Display,Support Plan,134,101758.75,10719.16,112477.91,0,2024,6,6,839.39,5841204.28
2024-07-01,Latin America,Accessories,Pro Pen 2,Training,194,51921.14,8740.01,60661.15,0,2024,7,0,312.69,5503302.77
2024-07-02,APAC,Mobile Studio,MobileStudio Pro 16,Training,175,108573.44,17329.01,125902.45,0,2024,7,1,719.44,5503302.77
2024-07-03,APAC,Pen Tablet,Wacom Intuos S,Training,202,307307.67,47261.54,354569.21,0,2024,7,2,1755.29,5503302.77
2024-07-04,North America,Accessories,Pro Pen 2,Support Plan,128,113416.28,15392.83,128809.11,0,2024,7,3,1006.32,5503302.77
2024-07-05,North America,Display Tablet,Cintiq Pro 24,Training,158,146028.39,11433.57,157461.96,0,2024,7,4,996.59,5503302.77
2024-07-06,Latin America,Display Tablet,Cintiq Pro 24,Extended Warranty,105,139118.24,15506.29,154624.53,0,2024,7,5,1472.61,5503302.77
2024-07-07,Latin America,Pen Tablet,Wacom Intuos M,Support Plan,242,317023.22,24513.76,341536.98,0,2024,7,6,1411.31,5503302.77
2024-07-08,Japan,Pen Tablet,Wacom Intuos S,Cloud Services,263,412893.19,39725.61,452618.8,0,2024,7,0,1720.98,5503302.77
2024-07-09,APAC,Pen Tablet,Wacom Intuos S,Cloud Services,202,56125.19,2601.98,58727.17,0,2024,7,1,290.73,5503302.77
2024-07-10,Europe,Accessories,Wacom Stand,Training,250,169498.97,24752.31,194251.28,0,2024,7,2,777.01,5503302.77
2024-07-11,Latin America,Pen Tablet,Wacom Intuos S,Cloud Services,219,384411.65,63193.63,447605.28,0,2024,7,3,2043.86,5503302.77
2024-07-12,North America,Accessories,Pro Pen 2,Extended Warranty,191,340878.38,26091.12,366969.5,0,2024,7,4,1921.31,5503302.77
2024-07-13,Europe,Mobile Studio,MobileStudio Pro 16,Cloud Services,189,290748.62,12128.4,302877.02,0,2024,7,5,1602.52,5503302.77
2024-07-14,Europe,Mobile Studio,MobileStudio Pro 13,Training,115,125186.9,21041.15,146228.05,0,2024,7,6,1271.55,5503302.77
2024-07-15,Europe,Pen Tablet,One by Wacom,Extended Warranty,181,255128.93,11660.07,266789.0,0,2024,7,0,1473.97,5503302.77
2024-07-16,Europe,Accessories,Wacom Stand,Support Plan,140,149745.15,22475.94,172221.09,0,2024,7,1,1230.15,5503302.77
2024-07-17,APAC,Pen Tablet,One by Wacom,Support Plan,180,60686.67,6415.94,67102.61,0,2024,7,2,372.79,5503302.77
2024-07-18,Latin America,Mobile Studio,MobileStudio Pro 16,Extended Warranty,242,145880.42,25624.84,171505.26,0,2024,7,3,708.7,5503302.77
2024-07-19,Europe,Pen Tablet,Wacom Intuos S,Support Plan,146,97672.3,17574.03,115246.33,0,2024,7,4,789.36,5503302.77
2024-07-20,Europe,Pen Tablet,One by Wacom,Support Plan,181,40508.03,3174.59,43682.62,0,2024,7,5,241.34,5503302.77
2024-07-21,Europe,Display Tablet,Cintiq Pro 24,Extended Warranty,142,120947.24,7744.16,128691.4,0,2024,7,6,906.28,5503302.77
2024-07-22,Latin America,Display Tablet,Wacom One Display,Extended Warranty,185,251180.15,41425.35,292605.5,0,2024,7,0,1581.65,5503302.77
2024-07-23,North America,Pen Tablet,One by Wacom,Cloud Services,192,100837.64,15973.69,116811.33,0,2024,7,1,608.39,5503302.77
2024-07-24,North America,Accessories,Pro Pen 2,Extended Warranty,133,74687.7,12016.42,86704.12,0,2024,7,2,651.91,5503302.77
2024-07-25,North America,Display Tablet,Wacom One Display,Cloud Services,158,56101.92,5236.43,61338.35,0,2024,7,3,388.22,5503302.77
2024-07-26,APAC,Display Tablet,Cintiq Pro 24,Support Plan,179,85049.74,8789.99,93839.73,0,2024,7,4,524.24,5503302.77
2024-07-27,North America,Display Tablet,Cintiq 16,Support Plan,138,115046.0,15720.62,130766.62,0,2024,7,5,947.58,5503302.77
2024-07-28,APAC,Mobile Studio,MobileStudio Pro 16,Extended Warranty,124,201518.45,27790.15,229308.6,0,2024,7,6,1849.26,5503302.77
2024-07-29,Latin America,Pen Tablet,Wacom Intuos S,Extended Warranty,134,110545.78,14090.93,124636.71,0,2024,7,0,930.12,5503302.77
2024-07-30,Latin America,Pen Tablet,Wacom Intuos S,Cloud Services,139,240604.61,37270.38,277874.99,0,2024,7,1,1999.1,5503302.77
2024-07-31,APAC,Accessories,ExpressKey Remote,Extended Warranty,174,157280.64,11956.89,169237.53,0,2024,7,2,972.63,5503302.77
2024-08-01,North America,Mobile Studio,MobileStudio Pro 13,Cloud Services,73,70340.0,5316.39,75656.39,0,2024,8,3,1036.39,5473007.12
2024-08-02,Japan,Mobile Studio,MobileStudio Pro 16,Training,134,241088.93,21425.95,262514.88,0,2024,8,4,1959.07,5473007.12
2024-08-03,Latin America,Accessories,Pro Pen 2,Training,143,108359.6,4598.73,112958.33,0,2024,8,5,789.92,5473007.12
2024-08-04,Latin America,Accessories,Pro Pen 2,Training,188,251790.97,13794.29,265585.26,0,2024,8,6,1412.69,5473007.12
2024-08-05,North America,Mobile Studio,MobileStudio Pro 16,Support Plan,204,19866.22,2783.83,22650.05,0,2024,8,0,111.03,5473007.12
2024-08-06,Japan,Display Tablet,Wacom One Display,Extended Warranty,248,440127.83,25331.06,465458.89,0,2024,8,1,1876.85,5473007.12
2024-08-07,North America,Display Tablet,Cintiq 16,Cloud Services,212,114308.59,17510.93,131819.52,0,2024,8,2,621.79,5473007.12
2024-08-08,Europe,Display Tablet,Wacom One Display,Support Plan,153,15538.77,2600.74,18139.51,0,2024,8,3,118.56,5473007.12
2024-08-09,Japan,Accessories,ExpressKey Remote,Extended Warranty,231,296582.62,39983.98,336566.6,0,2024,8,4,1457.0,5473007.12
2024-08-10,APAC,Mobile Studio,MobileStudio Pro 13,Cloud Services,130,187595.59,14408.84,202004.43,0,2024,8,5,1553.88,5473007.12
2024-08-11,Latin America,Display Tablet,Wacom One Display,Extended Warranty,208,154747.36,6703.18,161450.54,0,2024,8,6,776.2,5473007.12
2024-08-12,Japan,Mobile Studio,MobileStudio Pro 16,Support Plan,145,168280.81,9086.1,177366.91,0,2024,8,0,1223.22,5473007.12
2024-08-13,Europe,Pen Tablet,One by Wacom,Support Plan,171,105263.89,13946.65,119210.54,0,2024,8,1,697.14,5473007.12
2024-08-14,APAC,Mobile Studio,MobileStudio Pro 16,Extended Warranty,157,153229.22,14214.83,167444.05,0,2024,8,2,1066.52,5473007.12
2024-08-15,APAC,Pen Tablet,Wacom Intuos S,Cloud Services,220,178127.35,15415.55,193542.9,0,2024,8,3,879.74,5473007.12
2024-08-16,Europe,Mobile Studio,MobileStudio Pro 16,Support Plan,101,52391.93,7344.72,59736.65,0,2024,8,4,591.45,5473007.12
2024-08-17,Latin America,Accessories,Wacom Stand,Training,230,352590.12,32244.78,384834.9,0,2024,8,5,1673.2,5473007.12
2024-08-18,APAC,Pen Tablet,One by Wacom,Extended Warranty,218,273557.26,16196.69,289753.95,0,2024,8,6,1329.15,5473007.12
2024-08-19,Latin America,Display Tablet,Cintiq 16,Cloud Services,153,132593.16,17565.21,150158.37,0,2024,8,0,981.43,5473007.12
2024-08-20,Japan,Pen Tablet,Wacom Intuos M,Extended Warranty,121,56026.45,5008.39,61034.84,0,2024,8,1,504.42,5473007.12
2024-08-21,Latin America,Pen Tablet,Wacom Intuos M,Cloud Services,222,199320.47,20559.79,219880.26,0,2024,8,2,990.45,5473007.12
2024-08-22,North America,Accessories,Pro Pen 2,Cloud Services,223,192839.69,15257.78,208097.47,0,2024,8,3,933.17,5473007.12
2024-08-23,Japan,Mobile Studio,MobileStudio Pro 13,Support Plan,168,174295.32,12684.25,186979.57,0,2024,8,4,1112.97,5473007.12
2024-08-24,Japan,Display Tablet,Cintiq 16,Cloud Services,236,204988.24,22381.07,227369.31,0,2024,8,5,963.43,5473007.12
2024-08-25,Japan,Display Tablet,Wacom One Display,Extended Warranty,117,41024.01,2529.6,43553.61,0,2024,8,6,372.25,5473007.12
2024-08-26,Latin America,Mobile Studio,MobileStudio Pro 16,Training,178,206132.84,32462.61,238595.45,0,2024,8,0,1340.42,5473007.12
2024-08-27,Japan,Mobile Studio,MobileStudio Pro 16,Cloud Services,180,153551.94,14602.68,168154.62,0,2024,8,1,934.19,5473007.12
2024-08-28,Europe,Pen Tablet,Wacom Intuos S,Training,182,147275.93,13920.86,161196.79,0,2024,8,2,885.7,5473007.12
2024-08-29,Europe,Display Tablet,Wacom One Display,Training,179,192257.88,29389.2,221647.08,0,2024,8,3,1238.25,5473007.12
2024-08-30,APAC,Mobile Studio,MobileStudio Pro 16,Cloud Services,203,50557.04,8937.52,59494.56,0,2024,8,4,293.08,5473007.12
2024-08-31,Latin America,Pen Tablet,One by Wacom,Extended Warranty,151,98279.55,12166.99,110446.54,0,2024,8,5,731.43,5473007.12
2024-09-01,Europe,Pen Tablet,Wacom Intuos S,Support Plan,176,42796.63,2301.49,45098.12,0,2024,9,6,256.24,6748656.18
2024-09-02,North America,Display Tablet,Cintiq 16,Extended Warranty,102,129550.7,5487.21,135037.91,0,2024,9,0,1323.9,6748656.18
2024-09-03,North America,Display Tablet,Wacom One Display,Cloud Services,165,137599.93,7073.7,144673.63,0,2024,9,1,876.81,6748656.18
2024-09-04,Europe,Display Tablet,Cintiq Pro 24,Cloud Services,195,97221.35,4487.35,101708.7,0,2024,9,2,521.58,6748656.18
2024-09-05,Japan,Display Tablet,Cintiq 16,Cloud Services,159,99481.15,12932.98,112414.13,0,2024,9,3,707.01,6748656.18
2024-09-06,Europe,Pen Tablet,Wacom Intuos M,Training,215,162128.2,14395.49,176523.69,0,2024,9,4,821.04,6748656.18
2024-09-07,Latin America,Pen Tablet,Wacom Intuos S,Training,126,121991.92,11457.98,133449.9,0,2024,9,5,1059.13,6748656.18
2024-09-08,North America,Accessories,ExpressKey Remote,Extended Warranty,80,105871.95,9877.09,115749.04,0,2024,9,6,1446.86,6748656.18
2024-09-09,Japan,Pen Tablet,Wacom Intuos S,Extended Warranty,203,245063.72,27127.6,272191.32,0,2024,9,0,1340.84,6748656.18
2024-09-10,APAC,Pen Tablet,Wacom Intuos S,Extended Warranty,174,267188.95,24707.61,291896.56,0,2024,9,1,1677.57,6748656.18
2024-09-11,North America,Accessories,Pro Pen 2,Extended Warranty,151,176171.5,20748.28,196919.78,0,2024,9,2,1304.1,6748656.18
2024-09-12,Latin America,Mobile Studio,MobileStudio Pro 16,Support Plan,153,53846.07,5223.89,59069.96,0,2024,9,3,386.08,6748656.18
2024-09-13,Europe,Display Tablet,Cintiq 16,Training,183,293193.16,43449.94,336643.1,0,2024,9,4,1839.58,6748656.18
2024-09-14,North America,Accessories,ExpressKey Remote,Cloud Services,208,298580.97,18963.2,317544.17,0,2024,9,5,1526.65,6748656.18
2024-09-15,North America,Mobile Studio,MobileStudio Pro 13,Training,156,147124.27,9845.03,156969.3,0,2024,9,6,1006.21,6748656.18
2024-09-16,Japan,Accessories,ExpressKey Remote,Support Plan,113,197391.7,26086.03,223477.73,0,2024,9,0,1977.68,6748656.18
2024-09-17,Europe,Accessories,Wacom Stand,Training,196,209312.01,24733.57,234045.58,0,2024,9,1,1194.11,6748656.18
2024-09-18,APAC,Mobile Studio,MobileStudio Pro 13,Cloud Services,107,145612.96,15893.5,161506.46,0,2024,9,2,1509.41,6748656.18
2024-09-19,North America,Mobile Studio,MobileStudio Pro 16,Training,151,116155.0,7285.91,123440.91,0,2024,9,3,817.49,6748656.18
2024-09-20,Europe,Display Tablet,Wacom One Display,Extended Warranty,143,231769.61,32052.49,263822.1,0,2024,9,4,1844.91,6748656.18
2024-09-21,North America,Mobile Studio,MobileStudio Pro 16,Extended Warranty,259,288550.65,14764.37,303315.02,0,2024,9,5,1171.1,6748656.18
2024-09-22,North America,Mobile Studio,MobileStudio Pro 13,Training,201,345724.37,62017.3,407741.67,0,2024,9,6,2028.57,6748656.18
2024-09-23,Japan,Accessories,ExpressKey Remote,Extended Warranty,164,52472.76,4574.04,57046.8,0,2024,9,0,347.85,6748656.18
2024-09-24,North America,Accessories,Pro Pen 2,Training,239,65302.83,4599.93,69902.76,0,2024,9,1,292.48,6748656.18
2024-09-25,Europe,Accessories,Wacom Stand,Support Plan,204,201742.5,18082.54,219825.04,0,2024,9,2,1077.57,6748656.18
2024-09-26,APAC,Display Tablet,Cintiq 16,Support Plan,166,174164.47,23570.6,197735.07,0,2024,9,3,1191.18,6748656.18
2024-09-27,Europe,Display Tablet,Cintiq 16,Training,244,114550.32,12601.62,127151.94,0,2024,9,4,521.11,6748656.18
2024-09-28,Latin America,Accessories,Pro Pen 2,Training,212,56602.58,2762.48,59365.06,0,2024,9,5,280.02,6748656.18
2024-09-29,Japan,Accessories,ExpressKey Remote,Training,148,250441.97,43573.31,294015.28,0,2024,9,6,1986.59,6748656.18
2024-09-30,APAC,Accessories,ExpressKey Remote,Training,103,119530.66,15195.73,134726.39,0,2024,9,0,1308.02,6748656.18
2024-10-01,Latin America,Display Tablet,Wacom One Display,Support Plan,124,42854.58,2457.54,45312.12,0,2024,10,1,365.42,5257185.71
2024-10-02,Japan,Accessories,Wacom Stand,Support Plan,253,432542.7,39105.08,471647.78,0,2024,10,2,1864.22,5257185.71
2024-10-03,APAC,Accessories,ExpressKey Remote,Extended Warranty,125,112695.18,17399.5,130094.68,0,2024,10,3,1040.76,5257185.71
2024-10-04,Latin America,Display Tablet,Cintiq Pro 24,Cloud Services,156,111846.27,16172.16,128018.43,0,2024,10,4,820.63,5257185.71
2024-10-05,Japan,Pen Tablet,Wacom Intuos S,Extended Warranty,239,327319.55,53681.82,381001.37,0,2024,10,5,1594.15,5257185.71
2024-10-06,North America,Accessories,ExpressKey Remote,Extended Warranty,167,184143.91,26731.16,210875.07,0,2024,10,6,1262.72,5257185.71
2024-10-07,Japan,Pen Tablet,Wacom Intuos M,Training,174,113834.58,7247.29,121081.87,0,2024,10,0,695.87,5257185.71
2024-10-08,Japan,Display Tablet,Wacom One Display,Cloud Services,161,282810.35,20873.36,303683.71,0,2024,10,1,1886.23,5257185.71
2024-10-09,Latin America,Display Tablet,Cintiq Pro 24,Extended Warranty,164,194767.66,27061.95,221829.61,0,2024,10,2,1352.62,5257185.71
2024-10-10,Latin America,Pen Tablet,Wacom Intuos M,Extended Warranty,254,138638.22,19291.6,157929.82,0,2024,10,3,621.77,5257185.71
2024-10-11,Japan,Accessories,ExpressKey Remote,Extended Warranty,262,193388.06,28688.22,222076.28,0,2024,10,4,847.62,5257185.71
2024-10-12,Latin America,Accessories,Wacom Stand,Extended Warranty,149,240100.95,29617.65,269718.6,0,2024,10,5,1810.19,5257185.71
2024-10-13,Europe,Mobile Studio,MobileStudio Pro 16,Support Plan,178,233734.23,24965.35,258699.58,0,2024,10,6,1453.37,5257185.71
2024-10-14,Latin America,Display Tablet,Wacom One Display,Extended Warranty,109,179162.58,16115.84,195278.42,0,2024,10,0,1791.55,5257185.71
2024-10-15,APAC,Display Tablet,Wacom One Display,Extended Warranty,164,40170.95,4783.47,44954.42,0,2024,10,1,274.11,5257185.71
2024-10-16,Latin America,Pen Tablet,Wacom Intuos S,Support Plan,256,270299.5,40086.97,310386.47,0,2024,10,2,1212.45,5257185.71
2024-10-17,APAC,Accessories,ExpressKey Remote,Support Plan,160,167247.06,7325.35,174572.41,0,2024,10,3,1091.08,5257185.71
2024-10-18,Latin America,Mobile Studio,MobileStudio Pro 16,Support Plan,161,208153.58,36558.83,244712.41,0,2024,10,4,1519.95,5257185.71
2024-10-19,Japan,Pen Tablet,Wacom Intuos M,Training,193,120623.21,15450.35,136073.56,0,2024,10,5,705.04,5257185.71
2024-10-20,Latin America,Pen Tablet,Wacom Intuos S,Support Plan,181,32463.09,1880.0,34343.09,0,2024,10,6,189.74,5257185.71
2024-10-21,APAC,Pen Tablet,One by Wacom,Cloud Services,174,252413.76,39720.75,292134.51,0,2024,10,0,1678.93,5257185.71
2024-10-22,Japan,Accessories,Wacom Stand,Training,226,306529.58,44152.89,350682.47,0,2024,10,1,1551.69,5257185.71
2024-10-23,Japan,Pen Tablet,Wacom Intuos M,Extended Warranty,170,273883.53,28381.08,302264.61,0,2024,10,2,1778.03,5257185.71
2024-10-24,North America,Accessories,Wacom Stand,Support Plan,180,177959.35,8952.36,186911.71,0,2024,10,3,1038.4,5257185.71
2024-10-25,Japan,Accessories,Wacom Stand,Support Plan,250,124655.42,21871.7,146527.12,0,2024,10,4,586.11,5257185.71
2024-10-26,Japan,Mobile Studio,MobileStudio Pro 13,Support Plan,205,211519.45,37680.01,249199.46,0,2024,10,5,1215.61,5257185.71
2024-10-27,Latin America,Mobile Studio,MobileStudio Pro 16,Training,229,57887.53,6547.36,64434.89,0,2024,10,6,281.38,5257185.71
2024-10-28,North America,Display Tablet,Cintiq 16,Training,128,208316.36,8360.52,216676.88,0,2024,10,0,1692.79,5257185.71
2024-10-29,Europe,Mobile Studio,MobileStudio Pro 13,Support Plan,269,98371.71,12554.96,110926.67,0,2024,10,1,412.37,5257185.71
2024-10-30,Latin America,Pen Tablet,One by Wacom,Extended Warranty,183,306292.75,40560.7,346853.45,0,2024,10,2,1895.37,5257185.71
2024-10-31,Japan,Pen Tablet,One by Wacom,Support Plan,206,357320.67,62434.04,419754.71,0,2024,10,3,2037.64,5257185.71
2024-11-01,Europe,Pen Tablet,Wacom Intuos S,Training,171,99471.3,17621.61,117092.91,0,2024,11,4,684.75,6470418.17
2024-11-02,Japan,Display Tablet,Wacom One Display,Training,160,47217.62,4419.36,51636.98,0,2024,11,5,322.73,6470418.17
2024-11-03,Latin America,Display Tablet,Cintiq Pro 24,Support Plan,211,164456.75,10504.7,174961.45,0,2024,11,6,829.2,6470418.17
2024-11-04,North America,Accessories,Pro Pen 2,Training,138,100469.76,15415.01,115884.77,0,2024,11,0,839.74,6470418.17
2024-11-05,Japan,Accessories,Wacom Stand,Cloud Services,124,160879.88,21420.81,182300.69,0,2024,11,1,1470.17,6470418.17
2024-11-06,APAC,Accessories,Pro Pen 2,Training,164,237841.1,24890.97,262732.07,0,2024,11,2,1602.02,6470418.17
2024-11-07,Japan,Accessories,Pro Pen 2,Cloud Services,234,403446.17,61834.77,465280.94,0,2024,11,3,1988.38,6470418.17
2024-11-08,Europe,Display Tablet,Cintiq Pro 24,Cloud Services,138,161189.75,23524.83,184714.58,0,2024,11,4,1338.51,6470418.17
2024-11-09,Europe,Pen Tablet,Wacom Intuos M,Training,156,100521.96,10773.77,111295.73,0,2024,11,5,713.43,6470418.17
2024-11-10,Japan,Mobile Studio,MobileStudio Pro 16,Cloud Services,170,211306.41,16247.03,227553.44,0,2024,11,6,1338.55,6470418.17
2024-11-11,Europe,Mobile Studio,MobileStudio Pro 13,Training,123,12007.51,1050.95,13058.46,0,2024,11,0,106.17,6470418.17
2024-11-12,Latin America,Accessories,Pro Pen 2,Extended Warranty,126,68707.01,3178.92,71885.93,0,2024,11,1,570.52,6470418.17
2024-11-13,Latin America,Accessories,ExpressKey Remote,Extended Warranty,212,70684.09,12306.72,82990.81,0,2024,11,2,391.47,6470418.17
2024-11-14,APAC,Mobile Studio,MobileStudio Pro 16,Extended Warranty,150,220085.58,36422.67,256508.25,0,2024,11,3,1710.06,6470418.17
2024-11-15,Japan,Mobile Studio,MobileStudio Pro 13,Extended Warranty,99,118917.88,11402.06,130319.94,0,2024,11,4,1316.36,6470418.17
2024-11-16,Europe,Mobile Studio,MobileStudio Pro 13,Cloud Services,258,149701.63,26899.29,176600.92,0,2024,11,5,684.5,6470418.17
2024-11-17,Latin America,Accessories,Pro Pen 2,Training,254,153392.05,15810.98,169203.03,0,2024,11,6,666.15,6470418.17
2024-11-18,Latin America,Display Tablet,Cintiq 16,Support Plan,166,101622.73,13693.5,115316.23,0,2024,11,0,694.68,6470418.17
2024-11-19,Japan,Mobile Studio,MobileStudio Pro 13,Support Plan,248,86479.07,8568.58,95047.65,0,2024,11,1,383.26,6470418.17
2024-11-20,Europe,Display Tablet,Cintiq Pro 24,Cloud Services,237,366267.49,51774.15,418041.64,0,2024,11,2,1763.89,6470418.17
2024-11-21,Europe,Pen Tablet,Wacom Intuos S,Cloud Services,237,263907.3,31190.51,295097.81,0,2024,11,3,1245.14,6470418.17
2024-11-22,North America,Pen Tablet,Wacom Intuos M,Cloud Services,202,297140.94,42847.22,339988.16,0,2024,11,4,1683.11,6470418.17
2024-11-23,Latin America,Display Tablet,Cintiq Pro 24,Cloud Services,157,57240.72,6988.48,64229.2,0,2024,11,5,409.1,6470418.17
2024-11-24,North America,Display Tablet,Cintiq 16,Extended Warranty,135,227144.1,22359.66,249503.76,0,2024,11,6,1848.18,6470418.17
2024-11-25,APAC,Display Tablet,Cintiq Pro 24,Support Plan,193,22678.31,2506.52,25184.83,0,2024,11,0,130.49,6470418.17
2024-11-26,North America,Display Tablet,Cintiq 16,Extended Warranty,167,116305.88,4745.55,121051.43,0,2024,11,1,724.86,6470418.17
2024-11-27,Latin America,Display Tablet,Wacom One Display,Cloud Services,144,92039.07,7017.0,99056.07,0,2024,11,2,687.89,6470418.17
2024-11-28,Europe,Accessories,ExpressKey Remote,Extended Warranty,115,22510.72,2169.84,24680.56,0,2024,11,3,214.61,6470418.17
2024-11-29,APAC,Accessories,Pro Pen 2,Training,155,188046.76,21386.24,209433.0,0,2024,11,4,1351.18,6470418.17
2024-11-30,APAC,Display Tablet,Wacom One Display,Extended Warranty,239,346329.34,60205.13,406534.47,0,2024,11,5,1700.98,6470418.17
2024-12-01,Japan,Mobile Studio,MobileStudio Pro 13,Cloud Services,228,289831.8,26781.07,316612.87,0,2024,12,6,1388.65,6022165.87
2024-12-02,Latin America,Display Tablet,Cintiq 16,Support Plan,239,268442.42,25857.99,294300.41,0,2024,12,0,1231.38,6022165.87
2024-12-03,North America,Mobile Studio,MobileStudio Pro 16,Support Plan,172,198174.8,22194.91,220369.71,0,2024,12,1,1281.22,6022165.87
2024-12-04,Latin America,Accessories,Wacom Stand,Extended Warranty,131,194175.67,9622.73,203798.4,0,2024,12,2,1555.71,6022165.87
2024-12-05,Latin America,Accessories,Wacom Stand,Extended Warranty,185,77055.71,5389.23,82444.94,0,2024,12,3,445.65,6022165.87
2024-12-06,North America,Display Tablet,Wacom One Display,Extended Warranty,185,224584.76,12287.25,236872.01,0,2024,12,4,1280.39,6022165.87
2024-12-07,Europe,Mobile Studio,MobileStudio Pro 13,Training,200,356099.75,29349.56,385449.31,0,2024,12,5,1927.25,6022165.87
2024-12-08,APAC,Pen Tablet,One by Wacom,Support Plan,107,120060.43,17945.71,138006.14,0,2024,12,6,1289.78,6022165.87
2024-12-09,Japan,Accessories,ExpressKey Remote,Extended Warranty,222,340985.78,40804.35,381790.13,0,2024,12,0,1719.78,6022165.87
2024-12-10,Japan,Pen Tablet,One by Wacom,Extended Warranty,197,173469.91,30913.66,204383.57,0,2024,12,1,1037.48,6022165.87
2024-12-11,North America,Pen Tablet,Wacom Intuos M,Support Plan,188,209363.59,24050.35,233413.94,0,2024,12,2,1241.56,6022165.87
2024-12-12,Europe,Mobile Studio,MobileStudio Pro 16,Cloud Services,88,88427.18,4141.96,92569.14,0,2024,12,3,1051.92,6022165.87
2024-12-13,Europe,Display Tablet,Cintiq 16,Cloud Services,229,38389.75,6286.66,44676.41,0,2024,12,4,195.09,6022165.87
2024-12-14,Latin America,Display Tablet,Cintiq Pro 24,Extended Warranty,176,184338.69,8782.35,193121.04,0,2024,12,5,1097.28,6022165.87
2024-12-15,Europe,Accessories,Pro Pen 2,Extended Warranty,138,95966.37,15393.33,111359.7,0,2024,12,6,806.95,6022165.87
2024-12-16,Europe,Mobile Studio,MobileStudio Pro 16,Support Plan,229,297920.56,43483.9,341404.46,0,2024,12,0,1490.85,6022165.87
2024-12-17,Europe,Pen Tablet,Wacom Intuos S,Extended Warranty,229,309702.56,43547.95,353250.51,0,2024,12,1,1542.58,6022165.87
2024-12-18,APAC,Pen Tablet,One by Wacom,Support Plan,174,292992.64,49192.28,342184.92,0,2024,12,2,1966.58,6022165.87
2024-12-19,Latin America,Display Tablet,Cintiq Pro 24,Support Plan,140,56285.13,5154.24,61439.37,0,2024,12,3,438.85,6022165.87
2024-12-20,North America,Pen Tablet,One by Wacom,Cloud Services,175,208499.93,37059.87,245559.8,0,2024,12,4,1403.2,6022165.87
2024-12-21,North America,Mobile Studio,MobileStudio Pro 16,Support Plan,204,241963.8,25136.06,267099.86,0,2024,12,5,1309.31,6022165.87
2024-12-22,North America,Accessories,ExpressKey Remote,Cloud Services,200,198774.59,20541.89,219316.48,0,2024,12,6,1096.58,6022165.87
2024-12-23,Latin America,Pen Tablet,One by Wacom,Cloud Services,180,136558.88,12857.73,149416.61,0,2024,12,0,830.09,6022165.87
2024-12-24,North America,Mobile Studio,MobileStudio Pro 13,Training,280,172364.13,11057.45,183421.58,0,2024,12,1,655.08,6022165.87
2024-12-25,North America,Accessories,Wacom Stand,Cloud Services,124,79666.76,3716.25,83383.01,0,2024,12,2,672.44,6022165.87
2024-12-26,Japan,Mobile Studio,MobileStudio Pro 13,Training,162,216564.63,19252.1,235816.73,0,2024,12,3,1455.66,6022165.87
2024-12-27,Europe,Pen Tablet,Wacom Intuos M,Training,162,131759.07,9172.55,140931.62,0,2024,12,4,869.95,6022165.87
2024-12-28,Japan,Pen Tablet,Wacom Intuos M,Training,214,160320.49,26652.06,186972.55,0,2024,12,5,873.7,6022165.87
2024-12-29,Latin America,Pen Tablet,Wacom Intuos S,Training,176,287108.21,33463.71,320571.92,0,2024,12,6,1821.43,6022165.87
2024-12-30,APAC,Display Tablet,Wacom One Display,Cloud Services,210,130244.58,14998.44,145243.02,0,2024,12,0,691.63,6022165.87
2024-12-31,APAC,Pen Tablet,Wacom Intuos S,Training,174,52851.27,2386.74,55238.01,0,2024,12,1,317.46,6022165.87
2025-01-01,Japan,Mobile Studio,MobileStudio Pro 13,Cloud Services,235,216437.68,20303.01,236740.69,0,2025,1,2,1007.41,5297608.66
2025-01-02,Europe,Accessories,Wacom Stand,Support Plan,172,207802.08,22249.16,230051.24,0,2025,1,3,1337.51,5297608.66
2025-01-03,APAC,Mobile Studio,MobileStudio Pro 16,Cloud Services,204,80954.8,4274.89,85229.69,0,2025,1,4,417.79,5297608.66
2025-01-04,Latin America,Accessories,Pro Pen 2,Cloud Services,158,264139.98,21593.5,285733.48,0,2025,1,5,1808.44,5297608.66
2025-01-05,Latin America,Pen Tablet,Wacom Intuos M,Extended Warranty,230,235333.13,14220.02,249553.15,0,2025,1,6,1085.01,5297608.66
2025-01-06,Latin America,Pen Tablet,One by Wacom,Cloud Services,213,145456.74,13074.01,158530.75,0,2025,1,0,744.28,5297608.66
2025-01-07,APAC,Mobile Studio,MobileStudio Pro 13,Cloud Services,147,41863.46,6302.59,48166.05,0,2025,1,1,327.66,5297608.66
2025-01-08,APAC,Display Tablet,Cintiq 16,Support Plan,167,77769.07,5950.38,83719.45,0,2025,1,2,501.31,5297608.66
2025-01-09,North America,Pen Tablet,One by Wacom,Support Plan,120,186161.51,30856.83,217018.34,0,2025,1,3,1808.49,5297608.66
2025-01-10,APAC,Display Tablet,Cintiq 16,Training,206,106750.61,9071.96,115822.57,0,2025,1,4,562.25,5297608.66
2025-01-11,Europe,Mobile Studio,MobileStudio Pro 16,Extended Warranty,184,318350.94,38388.31,356739.25,0,2025,1,5,1938.8,5297608.66
2025-01-12,Japan,Accessories,ExpressKey Remote,Support Plan,166,223783.77,11932.62,235716.39,0,2025,1,6,1419.98,5297608.66
2025-01-13,APAC,Pen Tablet,Wacom Intuos S,Extended Warranty,226,98191.76,15992.38,114184.14,0,2025,1,0,505.24,5297608.66
2025-01-14,Europe,Mobile Studio,MobileStudio Pro 13,Support Plan,223,93709.88,7457.91,101167.79,0,2025,1,1,453.67,5297608.66
2025-01-15,North America,Mobile Studio,MobileStudio Pro 13,Extended Warranty,198,353897.5,22158.61,376056.11,0,2025,1,2,1899.27,5297608.66
2025-01-16,Latin America,Display Tablet,Cintiq 16,Cloud Services,141,168406.09,23605.32,192011.41,0,2025,1,3,1361.78,5297608.66
2025-01-17,Latin America,Mobile Studio,MobileStudio Pro 13,Support Plan,167,39073.42,3519.94,42593.36,0,2025,1,4,255.05,5297608.66
2025-01-18,Japan,Pen Tablet,One by Wacom,Cloud Services,182,270921.87,37916.11,308837.98,0,2025,1,5,1696.91,5297608.66
2025-01-19,APAC,Mobile Studio,MobileStudio Pro 13,Support Plan,196,232198.06,21297.07,253495.13,0,2025,1,6,1293.34,5297608.66
2025-01-20,Europe,Mobile Studio,MobileStudio Pro 13,Training,254,157573.11,15532.7,173105.81,0,2025,1,0,681.52,5297608.66
2025-01-21,APAC,Pen Tablet,Wacom Intuos S,Cloud Services,198,264845.18,40516.06,305361.24,0,2025,1,1,1542.23,5297608.66
2025-01-22,Europe,Accessories,Pro Pen 2,Extended Warranty,150,159687.18,7246.34,166933.52,0,2025,1,2,1112.89,5297608.66
2025-01-23,Japan,Mobile Studio,MobileStudio Pro 16,Cloud Services,181,80726.28,5265.55,85991.83,0,2025,1,3,475.09,5297608.66
2025-01-24,Europe,Accessories,Wacom Stand,Extended Warranty,155,229404.66,20528.62,249933.28,0,2025,1,4,1612.47,5297608.66
2025-01-25,Europe,Accessories,ExpressKey Remote,Training,195,176639.78,13855.94,190495.72,0,2025,1,5,976.9,5297608.66
2025-01-26,Europe,Display Tablet,Cintiq 16,Cloud Services,181,299769.42,35078.35,334847.77,0,2025,1,6,1849.99,5297608.66
2025-01-27,Europe,Pen Tablet,Wacom Intuos M,Training,157,83937.41,3587.23,87524.64,0,2025,1,0,557.48,5297608.66
2025-01-28,North America,Display Tablet,Wacom One Display,Support Plan,107,192595.77,28256.16,220851.93,0,2025,1,1,2064.04,5297608.66
2025-01-29,North America,Pen Tablet,One by Wacom,Cloud Services,145,94461.78,10420.92,104882.7,0,2025,1,2,723.33,5297608.66
2025-01-30,Japan,Mobile Studio,MobileStudio Pro 16,Support Plan,179,239809.91,15911.76,255721.67,0,2025,1,3,1428.61,5297608.66
2025-01-31,Latin America,Display Tablet,Cintiq 16,Extended Warranty,77,133892.25,21256.54,155148.79,0,2025,1,4,2014.92,5297608.66
2025-02-01,North America,Mobile Studio,MobileStudio Pro 16,Extended Warranty,235,239161.21,11554.07,250715.28,0,2025,2,5,1066.87,6090098.29
2025-02-02,Japan,Mobile Studio,MobileStudio Pro 16,Extended Warranty,182,287026.14,38502.02,325528.16,0,2025,2,6,1788.62,6090098.29
2025-02-03,APAC,Accessories,ExpressKey Remote,Support Plan,233,159626.67,16712.07,176338.74,0,2025,2,0,756.82,6090098.29
2025-02-04,Europe,Accessories,Pro Pen 2,Support Plan,130,184922.78,27364.93,212287.71,0,2025,2,1,1632.98,6090098.29
2025-02-05,Latin America,Mobile Studio,MobileStudio Pro 13,Support Plan,105,24135.55,2287.55,26423.1,0,2025,2,2,251.65,6090098.29
2025-02-06,Europe,Mobile Studio,MobileStudio Pro 13,Training,234,222980.46,34599.93,257580.39,0,2025,2,3,1100.77,6090098.29
2025-02-07,Europe,Pen Tablet,One by Wacom,Training,138,102079.88,13349.69,115429.57,0,2025,2,4,836.45,6090098.29
2025-02-08,Japan,Display Tablet,Cintiq Pro 24,Extended Warranty,157,156207.36,7443.16,163650.52,0,2025,2,5,1042.36,6090098.29
2025-02-09,APAC,Display Tablet,Wacom One Display,Support Plan,183,225932.23,18473.61,244405.84,0,2025,2,6,1335.55,6090098.29
2025-02-10,APAC,Mobile Studio,MobileStudio Pro 13,Extended Warranty,207,123065.48,10462.81,133528.29,0,2025,2,0,645.06,6090098.29
2025-02-11,Europe,Mobile Studio,MobileStudio Pro 16,Cloud Services,150,87633.79,4981.43,92615.22,0,2025,2,1,617.43,6090098.29
2025-02-12,North America,Pen Tablet,Wacom Intuos S,Training,177,25313.14,3258.9,28572.04,0,2025,2,2,161.42,6090098.29
2025-02-13,Japan,Pen Tablet,Wacom Intuos M,Cloud Services,173,296499.08,15000.58,311499.66,0,2025,2,3,1800.58,6090098.29
2025-02-14,North America,Pen Tablet,Wacom Intuos S,Support Plan,130,212249.64,9323.57,221573.21,0,2025,2,4,1704.41,6090098.29
2025-02-15,Latin America,Mobile Studio,MobileStudio Pro 13,Training,180,64085.97,9657.17,73743.14,0,2025,2,5,409.68,6090098.29
2025-02-16,Latin America,Display Tablet,Cintiq 16,Training,187,335857.43,42492.03,378349.46,0,2025,2,6,2023.26,6090098.29
2025-02-17,North America,Display Tablet,Cintiq 16,Training,169,252224.03,38733.04,290957.07,0,2025,2,0,1721.64,6090098.29
2025-02-18,Latin America,Pen Tablet,Wacom Intuos S,Cloud Services,212,273559.41,26432.04,299991.45,0,2025,2,1,1415.05,6090098.29
2025-02-19,North America,Display Tablet,Cintiq 16,Cloud Services,127,122136.5,14698.01,136834.51,0,2025,2,2,1077.44,6090098.29
2025-02-20,North America,Display Tablet,Cintiq Pro 24,Cloud Services,188,36118.05,3076.16,39194.21,0,2025,2,3,208.48,6090098.29
2025-02-21,Japan,Accessories,Wacom Stand,Cloud Services,122,149917.01,14712.4,164629.41,0,2025,2,4,1349.42,6090098.29
2025-02-22,Latin America,Display Tablet,Cintiq 16,Cloud Services,151,189944.53,26909.29,216853.82,0,2025,2,5,1436.12,6090098.29
2025-02-23,Japan,Accessories,Wacom Stand,Training,92,24210.96,1436.4,25647.36,0,2025,2,6,278.78,6090098.29
2025-02-24,Europe,Accessories,ExpressKey Remote,Support Plan,145,236532.82,11081.73,247614.55,0,2025,2,0,1707.69,6090098.29
2025-02-25,Japan,Display Tablet,Cintiq Pro 24,Extended Warranty,223,358031.32,43241.74,401273.06,0,2025,2,1,1799.43,6090098.29
2025-02-26,APAC,Display Tablet,Wacom One Display,Support Plan,86,147290.42,17699.46,164989.88,0,2025,2,2,1918.49,6090098.29
2025-02-27,North America,Display Tablet,Cintiq 16,Support Plan,193,124042.93,17200.89,141243.82,0,2025,2,3,731.83,6090098.29
2025-02-28,North America,Mobile Studio,MobileStudio Pro 16,Training,194,143986.93,12152.26,156139.19,0,2025,2,4,804.84,6090098.29
2025-03-01,APAC,Accessories,Wacom Stand,Cloud Services,116,114672.66,5238.84,119911.5,0,2025,3,5,1033.72,4916834.99
2025-03-02,Europe,Display Tablet,Wacom One Display,Cloud Services,211,298652.71,17899.54,316552.25,0,2025,3,6,1500.25,4916834.99
2025-03-03,APAC,Display Tablet,Cintiq 16,Training,228,274740.04,46960.85,321700.89,0,2025,3,0,1410.97,4916834.99
2025-03-04,APAC,Display Tablet,Wacom One Display,Training,157,111896.3,14384.4,126280.7,0,2025,3,1,804.34,4916834.99
2025-03-05,Japan,Mobile Studio,MobileStudio Pro 16,Cloud Services,164,276963.16,26649.38,303612.54,0,2025,3,2,1851.3,4916834.99
2025-03-06,North America,Display Tablet,Cintiq 16,Extended Warranty,173,300585.91,50380.67,350966.58,0,2025,3,3,2028.71,4916834.99
2025-03-07,Europe,Mobile Studio,MobileStudio Pro 16,Cloud Services,136,116538.27,18541.56,135079.83,0,2025,3,4,993.23,4916834.99
2025-03-08,APAC,Accessories,Pro Pen 2,Cloud Services,108,133697.35,12349.15,146046.5,0,2025,3,5,1352.28,4916834.99
2025-03-09,North America,Display Tablet,Cintiq 16,Support Plan,155,121267.23,8667.06,129934.29,0,2025,3,6,838.29,4916834.99
2025-03-10,Europe,Display Tablet,Wacom One Display,Extended Warranty,150,226204.99,12575.62,238780.61,0,2025,3,0,1591.87,4916834.99
2025-03-11,Latin America,Pen Tablet,Wacom Intuos S,Support Plan,186,191650.48,24899.55,216550.03,0,2025,3,1,1164.25,4916834.99
2025-03-12,APAC,Pen Tablet,Wacom Intuos S,Extended Warranty,197,172648.12,15922.34,188570.46,0,2025,3,2,957.21,4916834.99
2025-03-13,North America,Display Tablet,Cintiq 16,Training,199,161728.58,11807.47,173536.05,0,2025,3,3,872.04,4916834.99
2025-03-14,APAC,Pen Tablet,One by Wacom,Support Plan,203,306350.37,45240.49,351590.86,0,2025,3,4,1731.97,4916834.99
2025-03-15,Japan,Display Tablet,Cintiq 16,Support Plan,242,42994.54,4122.8,47117.34,0,2025,3,5,194.7,4916834.99
2025-03-16,Latin America,Accessories,Wacom Stand,Training,127,68254.01,8463.78,76717.79,0,2025,3,6,604.08,4916834.99
2025-03-17,APAC,Display Tablet,Wacom One Display,Extended Warranty,156,102203.39,7535.41,109738.8,0,2025,3,0,703.45,4916834.99
2025-03-18,Japan,Pen Tablet,Wacom Intuos M,Training,210,175856.3,9296.01,185152.31,0,2025,3,1,881.68,4916834.99
2025-03-19,Japan,Pen Tablet,Wacom Intuos S,Extended Warranty,206,305690.76,51209.07,356899.83,0,2025,3,2,1732.52,4916834.99
2025-03-20,APAC,Pen Tablet,Wacom Intuos M,Extended Warranty,160,190198.33,15272.21,205470.54,0,2025,3,3,1284.19,4916834.99
2025-03-21,Japan,Mobile Studio,MobileStudio Pro 16,Cloud Services,165,269419.81,42789.95,312209.76,0,2025,3,4,1892.18,4916834.99
2025-03-22,North America,Accessories,ExpressKey Remote,Cloud Services,230,29471.48,2614.16,32085.64,0,2025,3,5,139.5,4916834.99
2025-03-23,Latin America,Display Tablet,Cintiq 16,Training,198,102584.12,8142.09,110726.21,0,2025,3,6,559.22,4916834.99
2025-03-24,Europe,Display Tablet,Cintiq 16,Support Plan,233,169914.67,30055.31,199969.98,0,2025,3,0,858.24,4916834.99
2025-03-25,Japan,Accessories,Wacom Stand,Support Plan,108,25018.11,4337.32,29355.43,0,2025,3,1,271.81,4916834.99
2025-03-26,Latin America,Display Tablet,Cintiq Pro 24,Training,132,208911.17,14251.47,223162.64,0,2025,3,2,1690.63,4916834.99
2025-03-27,North America,Mobile Studio,MobileStudio Pro 16,Cloud Services,163,154597.9,11010.23,165608.13,0,2025,3,3,1016.0,4916834.99
2025-03-28,Latin America,Display Tablet,Cintiq 16,Cloud Services,164,251932.94,29144.6,281077.54,0,2025,3,4,1713.89,4916834.99
2025-03-29,Europe,Accessories,Pro Pen 2,Extended Warranty,179,68768.23,6721.42,75489.65,0,2025,3,5,421.73,4916834.99
2025-03-30,North America,Accessories,ExpressKey Remote,Extended Warranty,253,401439.0,37388.89,438827.89,0,2025,3,6,1734.5,4916834.99
2025-03-31,Latin America,Pen Tablet,One by Wacom,Support Plan,159,109576.93,11798.79,121375.72,0,2025,3,0,763.37,4916834.99
2025-04-01,APAC,Pen Tablet,One by Wacom,Extended Warranty,169,112184.13,19330.57,131514.7,0,2025,4,1,778.19,6376490.78
2025-04-02,APAC,Accessories,Pro Pen 2,Support Plan,193,248279.02,18644.67,266923.69,0,2025,4,2,1383.02,6376490.78
2025-04-03,Japan,Accessories,ExpressKey Remote,Training,172,208815.5,36791.86,245607.36,0,2025,4,3,1427.95,6376490.78
2025-04-04,APAC,Mobile Studio,MobileStudio Pro 13,Extended Warranty,160,100191.11,7557.31,107748.42,0,2025,4,4,673.43,6376490.78
2025-04-05,APAC,Mobile Studio,MobileStudio Pro 16,Support Plan,163,54137.24,8261.84,62399.08,0,2025,4,5,382.82,6376490.78
2025-04-06,North America,Mobile Studio,MobileStudio Pro 13,Cloud Services,147,34545.5,4734.28,39279.78,0,2025,4,6,267.21,6376490.78
2025-04-07,Japan,Display Tablet,Cintiq 16,Training,174,229030.73,32932.46,261963.19,0,2025,4,0,1505.54,6376490.78
2025-04-08,Latin America,Display Tablet,Wacom One Display,Cloud Services,177,35429.53,4392.61,39822.14,0,2025,4,1,224.98,6376490.78
2025-04-09,North America,Mobile Studio,MobileStudio Pro 13,Training,181,103629.48,7264.37,110893.85,0,2025,4,2,612.67,6376490.78
2025-04-10,Europe,Pen Tablet,Wacom Intuos M,Extended Warranty,145,156561.15,16858.91,173420.06,0,2025,4,3,1196.0,6376490.78
2025-04-11,APAC,Pen Tablet,One by Wacom,Cloud Services,217,107769.33,17008.41,124777.74,0,2025,4,4,575.01,6376490.78
2025-04-12,APAC,Pen Tablet,Wacom Intuos M,Extended Warranty,155,46326.88,5095.68,51422.56,0,2025,4,5,331.76,6376490.78
2025-04-13,APAC,Pen Tablet,Wacom Intuos M,Training,171,67877.49,8310.06,76187.55,0,2025,4,6,445.54,6376490.78
2025-04-14,Latin America,Mobile Studio,MobileStudio Pro 16,Support Plan,201,106420.13,5500.88,111921.01,0,2025,4,0,556.82,6376490.78
2025-04-15,Latin America,Display Tablet,Cintiq 16,Support Plan,189,267780.41,47095.17,314875.58,0,2025,4,1,1666.01,6376490.78
2025-04-16,North America,Mobile Studio,MobileStudio Pro 16,Training,161,104100.83,14489.5,118590.33,0,2025,4,2,736.59,6376490.78
2025-04-17,APAC,Pen Tablet,One by Wacom,Training,155,70877.55,9841.94,80719.49,0,2025,4,3,520.77,6376490.78
2025-04-18,North America,Display Tablet,Cintiq 16,Extended Warranty,171,44015.2,2683.01,46698.21,0,2025,4,4,273.09,6376490.78
2025-04-19,APAC,Accessories,ExpressKey Remote,Extended Warranty,250,51838.36,9029.18,60867.54,0,2025,4,5,243.47,6376490.78
2025-04-20,Europe,Accessories,Pro Pen 2,Training,221,376956.32,50050.89,427007.21,0,2025,4,6,1932.16,6376490.78
2025-04-21,Europe,Mobile Studio,MobileStudio Pro 16,Support Plan,232,349315.83,38866.08,388181.91,0,2025,4,0,1673.2,6376490.78
2025-04-22,Latin America,Pen Tablet,Wacom Intuos S,Cloud Services,186,146344.57,23747.67,170092.24,0,2025,4,1,914.47,6376490.78
2025-04-23,APAC,Accessories,Wacom Stand,Cloud Services,171,28667.48,4878.27,33545.75,0,2025,4,2,196.17,6376490.78
2025-04-24,Japan,Display Tablet,Cintiq 16,Extended Warranty,174,257434.58,31054.0,288488.58,0,2025,4,3,1657.98,6376490.78
2025-04-25,North America,Pen Tablet,Wacom Intuos M,Support Plan,223,186750.93,7594.27,194345.2,0,2025,4,4,871.5,6376490.78
2025-04-26,APAC,Pen Tablet,Wacom Intuos M,Training,202,40482.04,2586.41,43068.45,0,2025,4,5,213.21,6376490.78
2025-04-27,North America,Display Tablet,Cintiq 16,Training,214,101353.82,7102.34,108456.16,0,2025,4,6,506.8,6376490.78
2025-04-28,Latin America,Pen Tablet,Wacom Intuos S,Support Plan,187,207069.42,15556.5,222625.92,0,2025,4,0,1190.51,6376490.78
2025-04-29,North America,Mobile Studio,MobileStudio Pro 16,Training,201,328723.65,43306.23,372029.88,0,2025,4,1,1850.89,6376490.78
2025-04-30,Europe,Mobile Studio,MobileStudio Pro 16,Cloud Services,141,214434.04,28927.37,243361.41,0,2025,4,2,1725.97,6376490.78
2025-05-01,Japan,Display Tablet,Cintiq 16,Training,202,343126.81,20542.21,363669.02,0,2025,5,3,1800.34,5893304.23
2025-05-02,Europe,Display Tablet,Wacom One Display,Extended Warranty,158,56330.5,8673.68,65004.18,0,2025,5,4,411.42,5893304.23
2025-05-03,Japan,Mobile Studio,MobileStudio Pro 16,Cloud Services,282,43334.26,5597.86,48932.12,0,2025,5,5,173.52,5893304.23
2025-05-04,Japan,Pen Tablet,One by Wacom,Extended Warranty,172,244494.27,40569.97,285064.24,0,2025,5,6,1657.35,5893304.23
2025-05-05,Japan,Accessories,Wacom Stand,Cloud Services,171,144274.58,13817.0,158091.58,0,2025,5,0,924.51,5893304.23
2025-05-06,Japan,Pen Tablet,Wacom Intuos M,Cloud Services,118,165377.67,11291.73,176669.4,0,2025,5,1,1497.2,5893304.23
2025-05-07,APAC,Accessories,Wacom Stand,Cloud Services,156,242505.44,28752.58,271258.02,0,2025,5,2,1738.83,5893304.23
2025-05-08,Europe,Accessories,Wacom Stand,Support Plan,145,25442.61,2225.59,27668.2,0,2025,5,3,190.82,5893304.23
2025-05-09,Japan,Display Tablet,Wacom One Display,Training,125,214695.56,25399.56,240095.12,0,2025,5,4,1920.76,5893304.23
2025-05-10,Latin America,Pen Tablet,Wacom Intuos M,Training,195,275754.69,38145.94,313900.63,0,2025,5,5,1609.75,5893304.23
2025-05-11,Europe,Display Tablet,Cintiq 16,Cloud Services,154,168043.83,29446.3,197490.13,0,2025,5,6,1282.4,5893304.23
2025-05-12,North America,Mobile Studio,MobileStudio Pro 16,Extended Warranty,235,19712.92,1453.47,21166.39,0,2025,5,0,90.07,5893304.23
2025-05-13,North America,Mobile Studio,MobileStudio Pro 16,Extended Warranty,137,158372.37,10664.83,169037.2,0,2025,5,1,1233.85,5893304.23
2025-05-14,Europe,Mobile Studio,MobileStudio Pro 13,Cloud Services,162,81223.34,8787.97,90011.31,0,2025,5,2,555.63,5893304.23
2025-05-15,Latin America,Mobile Studio,MobileStudio Pro 13,Extended Warranty,227,249197.96,30591.69,279789.65,0,2025,5,3,1232.55,5893304.23
2025-05-16,North America,Mobile Studio,MobileStudio Pro 13,Extended Warranty,170,13919.32,2244.54,16163.86,0,2025,5,4,95.08,5893304.23
2025-05-17,North America,Accessories,ExpressKey Remote,Training,216,328283.3,20959.97,349243.27,0,2025,5,5,1616.87,5893304.23
2025-05-18,Japan,Pen Tablet,Wacom Intuos S,Cloud Services,203,341361.15,23657.69,365018.84,0,2025,5,6,1798.12,5893304.23
2025-05-19,Europe,Mobile Studio,MobileStudio Pro 16,Cloud Services,164,208371.23,19806.05,228177.28,0,2025,5,0,1391.32,5893304.23
2025-05-20,Latin America,Display Tablet,Cintiq Pro 24,Cloud Services,221,373445.22,45713.94,419159.16,0,2025,5,1,1896.65,5893304.23
2025-05-21,Europe,Pen Tablet,Wacom Intuos S,Training,130,207604.58,27089.13,234693.71,0,2025,5,2,1805.34,5893304.23
2025-05-22,North America,Pen Tablet,One by Wacom,Extended Warranty,177,300139.77,18585.69,318725.46,0,2025,5,3,1800.71,5893304.23
2025-05-23,Japan,Pen Tablet,One by Wacom,Training,179,316174.45,31428.57,347603.02,0,2025,5,4,1941.92,5893304.23
2025-05-24,Latin America,Pen Tablet,Wacom Intuos S,Support Plan,210,372471.45,40381.94,412853.39,0,2025,5,5,1965.97,5893304.23
2025-05-25,Latin America,Accessories,Pro Pen 2,Support Plan,133,236899.08,16457.15,253356.23,0,2025,5,6,1904.93,5893304.23
2025-05-26,Europe,Mobile Studio,MobileStudio Pro 16,Support Plan,204,60503.06,9354.54,69857.6,0,2025,5,0,342.44,5893304.23
2025-05-27,Europe,Accessories,Wacom Stand,Support Plan,246,62856.43,5498.66,68355.09,0,2025,5,1,277.87,5893304.23
2025-05-28,North America,Mobile Studio,MobileStudio Pro 13,Training,261,40903.3,6554.98,47458.28,0,2025,5,2,181.83,5893304.23
2025-05-29,Latin America,Display Tablet,Wacom One Display,Extended Warranty,150,252341.1,17125.63,269466.73,0,2025,5,3,1796.44,5893304.23
2025-05-30,Japan,Mobile Studio,MobileStudio Pro 13,Extended Warranty,78,100042.23,4367.62,104409.85,0,2025,5,4,1338.59,5893304.23
2025-05-31,Latin America,Accessories,Pro Pen 2,Cloud Services,136,151745.44,12356.38,164101.82,0,2025,5,5,1206.63,5893304.23
2025-06-01,Latin America,Mobile Studio,MobileStudio Pro 13,Cloud Services,270,80516.63,13790.81,94307.44,0,2025,6,6,349.29,5744252.71
2025-06-02,APAC,Pen Tablet,Wacom Intuos S,Training,165,219069.8,20302.99,239372.79,0,2025,6,0,1450.74,5744252.71
2025-06-03,Latin America,Accessories,ExpressKey Remote,Extended Warranty,249,424319.74,38131.15,462450.89,0,2025,6,1,1857.23,5744252.71
2025-06-04,APAC,Display Tablet,Cintiq 16,Extended Warranty,223,186652.36,24444.72,211097.08,0,2025,6,2,946.62,5744252.71
2025-06-05,North America,Accessories,Wacom Stand,Cloud Services,210,110137.12,10872.35,121009.47,0,2025,6,3,576.24,5744252.71
2025-06-06,North America,Display Tablet,Cintiq 16,Support Plan,174,110726.13,8809.75,119535.88,0,2025,6,4,686.99,5744252.71
2025-06-07,Europe,Display Tablet,Wacom One Display,Training,231,258788.89,31494.39,290283.28,0,2025,6,5,1256.64,5744252.71
2025-06-08,Latin America,Accessories,Pro Pen 2,Support Plan,164,39275.4,4390.8,43666.2,0,2025,6,6,266.26,5744252.71
2025-06-09,APAC,Pen Tablet,Wacom Intuos S,Extended Warranty,172,198338.7,34968.84,233307.54,0,2025,6,0,1356.44,5744252.71
2025-06-10,APAC,Display Tablet,Cintiq Pro 24,Support Plan,237,159503.73,15122.87,174626.6,0,2025,6,1,736.82,5744252.71
2025-06-11,North America,Mobile Studio,MobileStudio Pro 16,Support Plan,243,178845.75,23980.22,202825.97,0,2025,6,2,834.67,5744252.71
2025-06-12,Japan,Accessories,Wacom Stand,Cloud Services,243,183639.41,32146.97,215786.38,0,2025,6,3,888.01,5744252.71
2025-06-13,Europe,Mobile Studio,MobileStudio Pro 16,Extended Warranty,199,41765.69,6894.36,48660.05,0,2025,6,4,244.52,5744252.71
2025-06-14,Europe,Mobile Studio,MobileStudio Pro 16,Extended Warranty,194,146293.93,11067.58,157361.51,0,2025,6,5,811.14,5744252.71
2025-06-15,Latin America,Accessories,Wacom Stand,Extended Warranty,165,126463.02,21499.28,147962.3,0,2025,6,6,896.74,5744252.71
2025-06-16,APAC,Accessories,ExpressKey Remote,Training,123,179442.32,23970.72,203413.04,0,2025,6,0,1653.76,5744252.71
2025-06-17,North America,Accessories,Wacom Stand,Support Plan,197,322044.91,36288.28,358333.19,0,2025,6,1,1818.95,5744252.71
2025-06-18,APAC,Mobile Studio,MobileStudio Pro 16,Support Plan,228,97732.15,4209.98,101942.13,0,2025,6,2,447.11,5744252.71
2025-06-19,Latin America,Pen Tablet,Wacom Intuos M,Training,148,88271.74,8111.03,96382.77,0,2025,6,3,651.23,5744252.71
2025-06-20,APAC,Mobile Studio,MobileStudio Pro 13,Training,185,320569.92,32059.83,352629.75,0,2025,6,4,1906.11,5744252.71
2025-06-21,APAC,Pen Tablet,Wacom Intuos M,Extended Warranty,225,109759.19,5357.23,115116.42,0,2025,6,5,511.63,5744252.71
2025-06-22,North America,Mobile Studio,MobileStudio Pro 16,Extended Warranty,209,308606.01,25762.82,334368.83,0,2025,6,6,1599.85,5744252.71
2025-06-23,Europe,Accessories,Wacom Stand,Training,216,116835.05,6923.36,123758.41,0,2025,6,0,572.96,5744252.71
2025-06-24,North America,Accessories,Wacom Stand,Support Plan,201,242718.51,17553.52,260272.03,0,2025,6,1,1294.89,5744252.71
2025-06-25,APAC,Mobile Studio,MobileStudio Pro 13,Cloud Services,124,200536.02,11116.02,211652.04,0,2025,6,2,1706.87,5744252.71
2025-06-26,Europe,Accessories,Wacom Stand,Extended Warranty,210,151482.62,7313.53,158796.15,0,2025,6,3,756.17,5744252.71
2025-06-27,North America,Pen Tablet,Wacom Intuos M,Cloud Services,140,238483.4,15139.33,253622.73,0,2025,6,4,1811.59,5744252.71
2025-06-28,APAC,Display Tablet,Wacom One Display,Support Plan,188,31952.46,3043.54,34996.0,0,2025,6,5,186.15,5744252.71
2025-06-29,Latin America,Pen Tablet,One by Wacom,Extended Warranty,230,290499.78,19774.08,310273.86,0,2025,6,6,1349.02,5744252.71
2025-06-30,APAC,Mobile Studio,MobileStudio Pro 16,Support Plan,187,197457.76,18035.74,215493.5,0,2025,6,0,1152.37,5744252.71
2025-07-01,APAC,Pen Tablet,One by Wacom,Cloud Services,154,188708.3,33030.71,221739.01,0,2025,7,1,1439.86,5504166.67
2025-07-02,Latin America,Mobile Studio,MobileStudio Pro 16,Support Plan,245,166797.05,18056.19,184853.24,0,2025,7,2,754.5,5504166.67
2025-07-03,Europe,Display Tablet,Wacom One Display,Cloud Services,145,78166.93,7191.83,85358.76,0,2025,7,3,588.68,5504166.67
2025-07-04,Latin America,Accessories,ExpressKey Remote,Extended Warranty,150,94931.55,10076.99,105008.54,0,2025,7,4,700.06,5504166.67
2025-07-05,Japan,Pen Tablet,Wacom Intuos S,Training,177,46341.63,2941.51,49283.14,0,2025,7,5,278.44,5504166.67
2025-07-06,Europe,Pen Tablet,Wacom Intuos S,Cloud Services,228,116198.75,16732.7,132931.45,0,2025,7,6,583.03,5504166.67
2025-07-07,North America,Accessories,Wacom Stand,Training,183,231241.88,22686.8,253928.68,0,2025,7,0,1387.59,5504166.67
2025-07-08,North America,Accessories,Wacom Stand,Training,179,120383.5,16693.69,137077.19,0,2025,7,1,765.79,5504166.67
2025-07-09,Latin America,Pen Tablet,Wacom Intuos S,Support Plan,233,320151.19,18159.18,338310.37,0,2025,7,2,1451.98,5504166.67
2025-07-10,Japan,Display Tablet,Cintiq Pro 24,Extended Warranty,82,143416.22,23700.78,167117.0,0,2025,7,3,2038.01,5504166.67
2025-07-11,Europe,Display Tablet,Wacom One Display,Support Plan,146,63089.77,7357.23,70447.0,0,2025,7,4,482.51,5504166.67
2025-07-12,North America,Display Tablet,Cintiq Pro 24,Cloud Services,125,102148.47,4608.52,106756.99,0,2025,7,5,854.06,5504166.67
2025-07-13,Latin America,Pen Tablet,Wacom Intuos S,Support Plan,148,232526.68,16273.67,248800.35,0,2025,7,6,1681.08,5504166.67
2025-07-14,North America,Accessories,Wacom Stand,Extended Warranty,214,192198.03,12848.07,205046.1,0,2025,7,0,958.16,5504166.67
2025-07-15,Latin America,Pen Tablet,Wacom Intuos S,Support Plan,141,62865.17,8542.82,71407.99,0,2025,7,1,506.44,5504166.67
2025-07-16,Europe,Display Tablet,Cintiq Pro 24,Support Plan,198,265648.11,16714.16,282362.27,0,2025,7,2,1426.07,5504166.67
2025-07-17,Europe,Pen Tablet,Wacom Intuos S,Extended Warranty,219,330911.08,36893.99,367805.07,0,2025,7,3,1679.48,5504166.67
2025-07-18,APAC,Display Tablet,Cintiq 16,Support Plan,197,32955.65,5488.72,38444.37,0,2025,7,4,195.15,5504166.67
2025-07-19,APAC,Display Tablet,Cintiq Pro 24,Cloud Services,223,219384.92,33227.25,252612.17,0,2025,7,5,1132.79,5504166.67
2025-07-20,Latin America,Pen Tablet,Wacom Intuos M,Support Plan,181,67963.44,11291.53,79254.97,0,2025,7,6,437.87,5504166.67
2025-07-21,Japan,Display Tablet,Cintiq 16,Training,208,367744.71,20868.87,388613.58,0,2025,7,0,1868.33,5504166.67
2025-07-22,Japan,Display Tablet,Cintiq Pro 24,Training,125,100715.67,11766.15,112481.82,0,2025,7,1,899.85,5504166.67
2025-07-23,Latin America,Display Tablet,Wacom One Display,Training,175,187510.85,26484.5,213995.35,0,2025,7,2,1222.83,5504166.67
2025-07-24,Japan,Pen Tablet,Wacom Intuos M,Training,172,160701.4,19169.99,179871.39,0,2025,7,3,1045.76,5504166.67
2025-07-25,Latin America,Display Tablet,Wacom One Display,Training,201,149477.02,26348.25,175825.27,0,2025,7,4,874.75,5504166.67
2025-07-26,Japan,Display Tablet,Cintiq 16,Training,206,253547.21,25581.26,279128.47,0,2025,7,5,1354.99,5504166.67
2025-07-27,North America,Display Tablet,Cintiq 16,Extended Warranty,157,158403.36,18473.93,176877.29,0,2025,7,6,1126.61,5504166.67
2025-07-28,Latin America,Mobile Studio,MobileStudio Pro 16,Cloud Services,138,130619.27,8323.51,138942.78,0,2025,7,0,1006.83,5504166.67
2025-07-29,Japan,Mobile Studio,MobileStudio Pro 16,Cloud Services,147,220431.48,14648.91,235080.39,0,2025,7,1,1599.19,5504166.67
2025-07-30,Latin America,Display Tablet,Cintiq Pro 24,Cloud Services,143,180107.57,19815.92,199923.49,0,2025,7,2,1398.07,5504166.67
2025-07-31,APAC,Display Tablet,Cintiq 16,Training,139,209010.08,35958.14,244968.22,0,2025,7,3,1762.36,5504166.67
2025-08-01,North America,Accessories,Wacom Stand,Training,213,119671.5,18907.73,138579.23,0,2025,8,4,650.61,4995619.73
2025-08-02,APAC,Mobile Studio,MobileStudio Pro 16,Cloud Services,251,258161.54,38880.51,297042.05,0,2025,8,5,1183.43,4995619.73
2025-08-03,Japan,Mobile Studio,MobileStudio Pro 13,Cloud Services,153,14318.32,623.15,14941.47,0,2025,8,6,97.66,4995619.73
2025-08-04,Japan,Display Tablet,Cintiq Pro 24,Extended Warranty,183,261416.88,25844.81,287261.69,0,2025,8,0,1569.74,4995619.73
2025-08-05,Japan,Display Tablet,Cintiq Pro 24,Cloud Services,196,273285.66,22707.55,295993.21,0,2025,8,1,1510.17,4995619.73
2025-08-06,Japan,Pen Tablet,One by Wacom,Training,238,28068.87,2827.93,30896.8,0,2025,8,2,129.82,4995619.73
2025-08-07,Europe,Mobile Studio,MobileStudio Pro 16,Support Plan,142,241410.29,12729.78,254140.07,0,2025,8,3,1789.72,4995619.73
2025-08-08,Europe,Accessories,Pro Pen 2,Cloud Services,173,37329.29,6469.43,43798.72,0,2025,8,4,253.17,4995619.73
2025-08-09,Japan,Display Tablet,Cintiq Pro 24,Extended Warranty,202,335538.21,44214.81,379753.02,0,2025,8,5,1879.97,4995619.73
2025-08-10,Europe,Mobile Studio,MobileStudio Pro 16,Cloud Services,190,179801.61,17002.22,196803.83,0,2025,8,6,1035.81,4995619.73
2025-08-11,APAC,Pen Tablet,Wacom Intuos S,Extended Warranty,233,198227.93,30182.6,228410.53,0,2025,8,0,980.3,4995619.73
2025-08-12,APAC,Accessories,ExpressKey Remote,Support Plan,198,94762.01,14318.68,109080.69,0,2025,8,1,550.91,4995619.73
2025-08-13,North America,Display Tablet,Cintiq 16,Training,140,15827.41,1019.21,16846.62,0,2025,8,2,120.33,4995619.73
2025-08-14,APAC,Mobile Studio,MobileStudio Pro 16,Extended Warranty,171,260204.33,44722.59,304926.92,0,2025,8,3,1783.2,4995619.73
2025-08-15,Europe,Accessories,Pro Pen 2,Cloud Services,139,60615.68,10331.23,70946.91,0,2025,8,4,510.41,4995619.73
2025-08-16,North America,Accessories,ExpressKey Remote,Cloud Services,242,238613.57,14873.58,253487.15,0,2025,8,5,1047.47,4995619.73
2025-08-17,North America,Pen Tablet,Wacom Intuos M,Extended Warranty,177,19726.55,2936.66,22663.21,0,2025,8,6,128.04,4995619.73
2025-08-18,Latin America,Accessories,Pro Pen 2,Extended Warranty,156,87439.38,10466.84,97906.22,0,2025,8,0,627.6,4995619.73
2025-08-19,Europe,Mobile Studio,MobileStudio Pro 13,Cloud Services,123,70778.33,8071.14,78849.47,0,2025,8,1,641.05,4995619.73
2025-08-20,Europe,Accessories,ExpressKey Remote,Cloud Services,184,192653.78,32754.79,225408.57,0,2025,8,2,1225.05,4995619.73
2025-08-21,Latin America,Pen Tablet,One by Wacom,Extended Warranty,199,227277.53,20726.72,248004.25,0,2025,8,3,1246.25,4995619.73
2025-08-22,Japan,Mobile Studio,MobileStudio Pro 16,Training,174,263519.51,40824.79,304344.3,0,2025,8,4,1749.11,4995619.73
2025-08-23,Latin America,Pen Tablet,Wacom Intuos M,Extended Warranty,170,201336.44,9125.13,210461.57,0,2025,8,5,1238.01,4995619.73
2025-08-24,Latin America,Accessories,Pro Pen 2,Cloud Services,132,62931.89,3498.61,66430.5,0,2025,8,6,503.26,4995619.73
2025-08-25,APAC,Pen Tablet,Wacom Intuos M,Support Plan,176,69366.96,2847.16,72214.12,0,2025,8,0,410.31,4995619.73
2025-08-26,Latin America,Display Tablet,Wacom One Display,Cloud Services,225,213165.99,30787.78,243953.77,0,2025,8,1,1084.24,4995619.73
2025-08-27,Latin America,Accessories,ExpressKey Remote,Extended Warranty,217,244500.06,32017.49,276517.55,0,2025,8,2,1274.27,4995619.73
2025-08-28,Japan,Display Tablet,Cintiq Pro 24,Extended Warranty,189,62450.88,8423.02,70873.9,0,2025,8,3,374.99,4995619.73
2025-08-29,Japan,Accessories,Wacom Stand,Training,84,41948.86,6770.28,48719.14,0,2025,8,4,579.99,4995619.73
2025-08-30,Japan,Pen Tablet,One by Wacom,Training,147,238825.95,24774.13,263600.08,0,2025,8,5,1793.2,4995619.73
2025-08-31,North America,Accessories,Wacom Stand,Cloud Services,179,304864.66,46446.45,351311.11,0,2025,8,6,1962.63,4995619.73
2025-09-01,Japan,Mobile Studio,MobileStudio Pro 13,Cloud Services,198,23528.93,1797.65,25326.58,0,2025,9,0,127.91,6469717.13
2025-09-02,North America,Display Tablet,Cintiq 16,Support Plan,216,151620.9,17408.2,169029.1,0,2025,9,1,782.54,6469717.13
2025-09-03,Japan,Display Tablet,Wacom One Display,Cloud Services,101,32428.32,3285.26,35713.58,0,2025,9,2,353.6,6469717.13
2025-09-04,Latin America,Mobile Studio,MobileStudio Pro 13,Extended Warranty,193,29888.09,4842.22,34730.31,0,2025,9,3,179.95,6469717.13
2025-09-05,Europe,Display Tablet,Cintiq 16,Support Plan,165,200551.82,26256.5,226808.32,0,2025,9,4,1374.6,6469717.13
2025-09-06,North America,Mobile Studio,MobileStudio Pro 13,Training,164,27391.67,2242.12,29633.79,0,2025,9,5,180.69,6469717.13
2025-09-07,Japan,Display Tablet,Cintiq Pro 24,Extended Warranty,160,73994.33,10679.55,84673.88,0,2025,9,6,529.21,6469717.13
2025-09-08,Latin America,Mobile Studio,MobileStudio Pro 13,Support Plan,187,249520.24,32435.99,281956.23,0,2025,9,0,1507.79,6469717.13
2025-09-09,APAC,Accessories,Pro Pen 2,Support Plan,176,186968.27,25435.14,212403.41,0,2025,9,1,1206.84,6469717.13
2025-09-10,Latin America,Accessories,Pro Pen 2,Extended Warranty,206,229444.15,15477.89,244922.04,0,2025,9,2,1188.94,6469717.13
2025-09-11,APAC,Mobile Studio,MobileStudio Pro 16,Training,196,117604.42,19614.29,137218.71,0,2025,9,3,700.1,6469717.13
2025-09-12,Latin America,Display Tablet,Cintiq 16,Cloud Services,177,171548.78,6987.23,178536.01,0,2025,9,4,1008.68,6469717.13
2025-09-13,Japan,Accessories,ExpressKey Remote,Support Plan,228,120325.86,11422.97,131748.83,0,2025,9,5,577.85,6469717.13
2025-09-14,North America,Pen Tablet,Wacom Intuos S,Support Plan,192,342169.45,16436.41,358605.86,0,2025,9,6,1867.74,6469717.13
2025-09-15,Europe,Pen Tablet,One by Wacom,Training,176,221376.88,16533.34,237910.22,0,2025,9,0,1351.76,6469717.13
2025-09-16,North America,Display Tablet,Cintiq 16,Extended Warranty,208,356072.88,63079.8,419152.68,0,2025,9,1,2015.16,6469717.13
2025-09-17,Europe,Display Tablet,Wacom One Display,Training,260,104332.31,11344.8,115677.11,0,2025,9,2,444.91,6469717.13
2025-09-18,Latin America,Pen Tablet,Wacom Intuos S,Training,168,93950.49,16807.55,110758.04,0,2025,9,3,659.27,6469717.13
2025-09-19,Latin America,Display Tablet,Cintiq Pro 24,Support Plan,195,168836.75,23035.07,191871.82,0,2025,9,4,983.96,6469717.13
2025-09-20,Europe,Display Tablet,Cintiq 16,Cloud Services,208,141712.15,25220.39,166932.54,0,2025,9,5,802.56,6469717.13
2025-09-21,Europe,Display Tablet,Wacom One Display,Support Plan,202,286272.07,38394.32,324666.39,0,2025,9,6,1607.26,6469717.13
2025-09-22,APAC,Accessories,Wacom Stand,Extended Warranty,188,211714.63,31495.25,243209.88,0,2025,9,0,1293.67,6469717.13
2025-09-23,Japan,Display Tablet,Cintiq Pro 24,Support Plan,181,257649.08,19559.89,277208.97,0,2025,9,1,1531.54,6469717.13
2025-09-24,North America,Pen Tablet,One by Wacom,Cloud Services,183,117451.04,4885.97,122337.01,0,2025,9,2,668.51,6469717.13
2025-09-25,North America,Mobile Studio,MobileStudio Pro 13,Cloud Services,107,36114.85,3257.23,39372.08,0,2025,9,3,367.96,6469717.13
2025-09-26,Europe,Mobile Studio,MobileStudio Pro 13,Support Plan,163,167100.22,11596.91,178697.13,0,2025,9,4,1096.3,6469717.13
2025-09-27,Europe,Mobile Studio,MobileStudio Pro 13,Training,212,63862.84,2902.0,66764.84,0,2025,9,5,314.93,6469717.13
2025-09-28,North America,Mobile Studio,MobileStudio Pro 13,Training,134,40971.72,6153.02,47124.74,0,2025,9,6,351.68,6469717.13
2025-09-29,Europe,Pen Tablet,Wacom Intuos M,Support Plan,167,69381.34,3320.38,72701.72,0,2025,9,0,435.34,6469717.13
2025-09-30,Latin America,Pen Tablet,Wacom Intuos S,Support Plan,217,201353.16,28574.75,229927.91,0,2025,9,1,1059.58,6469717.13
2025-10-01,APAC,Display Tablet,Cintiq Pro 24,Extended Warranty,196,349509.97,31557.27,381067.24,0,2025,10,2,1944.22,7016311.93
2025-10-02,Latin America,Pen Tablet,One by Wacom,Training,242,240385.8,22349.69,262735.49,0,2025,10,3,1085.68,7016311.93
2025-10-03,Latin America,Mobile Studio,MobileStudio Pro 13,Cloud Services,202,202900.22,17636.61,220536.83,0,2025,10,4,1091.77,7016311.93
2025-10-04,APAC,Pen Tablet,Wacom Intuos M,Extended Warranty,184,223613.05,14271.58,237884.63,0,2025,10,5,1292.85,7016311.93
2025-10-05,Latin America,Mobile Studio,MobileStudio Pro 16,Extended Warranty,192,244568.5,39112.14,283680.64,0,2025,10,6,1477.5,7016311.93
2025-10-06,APAC,Pen Tablet,Wacom Intuos M,Extended Warranty,239,189272.0,28478.56,217750.56,0,2025,10,0,911.09,7016311.93
2025-10-07,Europe,Pen Tablet,Wacom Intuos M,Support Plan,252,137183.92,8677.08,145861.0,0,2025,10,1,578.81,7016311.93
2025-10-08,Europe,Pen Tablet,Wacom Intuos S,Support Plan,234,59618.18,4637.62,64255.8,0,2025,10,2,274.6,7016311.93
2025-10-09,Latin America,Pen Tablet,Wacom Intuos S,Training,160,232389.03,41326.12,273715.15,0,2025,10,3,1710.72,7016311.93
2025-10-10,APAC,Pen Tablet,Wacom Intuos S,Support Plan,131,228702.58,30896.09,259598.67,0,2025,10,4,1981.67,7016311.93
2025-10-11,North America,Display Tablet,Cintiq Pro 24,Extended Warranty,151,128528.62,19501.81,148030.43,0,2025,10,5,980.33,7016311.93
2025-10-12,North America,Display Tablet,Cintiq Pro 24,Support Plan,105,36772.6,6404.27,43176.87,0,2025,10,6,411.21,7016311.93
2025-10-13,Japan,Pen Tablet,One by Wacom,Extended Warranty,246,280344.74,37088.77,317433.51,0,2025,10,0,1290.38,7016311.93
2025-10-14,Latin America,Display Tablet,Wacom One Display,Cloud Services,175,271376.05,23422.94,294798.99,0,2025,10,1,1684.57,7016311.93
2025-10-15,Japan,Mobile Studio,MobileStudio Pro 16,Extended Warranty,90,81105.4,10060.03,91165.43,0,2025,10,2,1012.95,7016311.93
2025-10-16,Europe,Display Tablet,Wacom One Display,Training,174,97749.98,5659.14,103409.12,0,2025,10,3,594.31,7016311.93
2025-10-17,Europe,Accessories,Pro Pen 2,Cloud Services,168,20271.92,3048.76,23320.68,0,2025,10,4,138.81,7016311.93
2025-10-18,Latin America,Display Tablet,Cintiq Pro 24,Cloud Services,226,403774.38,49299.35,453073.73,0,2025,10,5,2004.75,7016311.93
2025-10-19,Japan,Pen Tablet,Wacom Intuos M,Cloud Services,141,220679.95,33310.79,253990.74,0,2025,10,6,1801.35,7016311.93
2025-10-20,APAC,Pen Tablet,Wacom Intuos M,Cloud Services,183,140561.3,18217.77,158779.07,0,2025,10,0,867.65,7016311.93
2025-10-21,Latin America,Accessories,Wacom Stand,Cloud Services,180,237726.75,41356.13,279082.88,0,2025,10,1,1550.46,7016311.93
2025-10-22,APAC,Mobile Studio,MobileStudio Pro 13,Cloud Services,135,139815.4,7358.15,147173.55,0,2025,10,2,1090.17,7016311.93
2025-10-23,Latin America,Mobile Studio,MobileStudio Pro 16,Training,236,281963.57,40142.51,322106.08,0,2025,10,3,1364.86,7016311.93
2025-10-24,Japan,Accessories,Pro Pen 2,Extended Warranty,153,48397.25,2934.37,51331.62,0,2025,10,4,335.5,7016311.93
2025-10-25,Europe,Accessories,ExpressKey Remote,Cloud Services,150,220812.67,27117.3,247929.97,0,2025,10,5,1652.87,7016311.93
2025-10-26,North America,Accessories,Wacom Stand,Cloud Services,199,67242.21,3964.3,71206.51,0,2025,10,6,357.82,7016311.93
2025-10-27,Europe,Mobile Studio,MobileStudio Pro 16,Extended Warranty,169,269930.27,46952.96,316883.23,0,2025,10,0,1875.05,7016311.93
2025-10-28,Europe,Accessories,Pro Pen 2,Support Plan,132,98520.18,15709.22,114229.4,0,2025,10,1,865.37,7016311.93
2025-10-29,North America,Display Tablet,Cintiq 16,Support Plan,207,48721.69,4719.67,53441.36,0,2025,10,2,258.17,7016311.93
2025-10-30,Japan,Display Tablet,Cintiq 16,Extended Warranty,204,323253.96,13666.7,336920.66,0,2025,10,3,1651.57,7016311.93
2025-10-31,Europe,Pen Tablet,Wacom Intuos M,Support Plan,163,259662.36,35484.93,295147.29,0,2025,10,4,1810.72,7016311.93
2025-11-01,Europe,Mobile Studio,MobileStudio Pro 13,Training,240,406135.32,52312.25,458447.57,0,2025,11,5,1910.2,6129684.86
2025-11-02,North America,Pen Tablet,One by Wacom,Training,205,33247.07,4115.7,37362.77,0,2025,11,6,182.26,6129684.86
2025-11-03,Japan,Accessories,Wacom Stand,Support Plan,207,268062.34,38943.6,307005.94,0,2025,11,0,1483.12,6129684.86
2025-11-04,North America,Pen Tablet,One by Wacom,Training,127,62343.34,5136.5,67479.84,0,2025,11,1,531.34,6129684.86
2025-11-05,Latin America,Accessories,Pro Pen 2,Support Plan,168,273928.89,41019.51,314948.4,0,2025,11,2,1874.69,6129684.86
2025-11-06,Europe,Mobile Studio,MobileStudio Pro 13,Cloud Services,226,176219.25,27119.0,203338.25,0,2025,11,3,899.73,6129684.86
2025-11-07,APAC,Accessories,ExpressKey Remote,Support Plan,131,123302.47,15645.88,138948.35,0,2025,11,4,1060.67,6129684.86
2025-11-08,APAC,Mobile Studio,MobileStudio Pro 13,Training,171,171136.35,12103.43,183239.78,0,2025,11,5,1071.58,6129684.86
2025-11-09,Latin America,Pen Tablet,Wacom Intuos M,Extended Warranty,157,214341.41,8783.59,223125.0,0,2025,11,6,1421.18,6129684.86
2025-11-10,APAC,Pen Tablet,Wacom Intuos S,Training,156,213379.63,37297.27,250676.9,0,2025,11,0,1606.9,6129684.86
2025-11-11,APAC,Accessories,ExpressKey Remote,Training,271,152777.93,9134.45,161912.38,0,2025,11,1,597.46,6129684.86
2025-11-12,APAC,Mobile Studio,MobileStudio Pro 16,Cloud Services,232,105484.03,4482.36,109966.39,0,2025,11,2,473.99,6129684.86
2025-11-13,Europe,Mobile Studio,MobileStudio Pro 13,Cloud Services,179,35549.18,5229.37,40778.55,0,2025,11,3,227.81,6129684.86
2025-11-14,Japan,Accessories,Wacom Stand,Extended Warranty,211,279375.8,28722.08,308097.88,0,2025,11,4,1460.18,6129684.86
2025-11-15,Europe,Display Tablet,Wacom One Display,Training,180,116460.1,20469.6,136929.7,0,2025,11,5,760.72,6129684.86
2025-11-16,APAC,Mobile Studio,MobileStudio Pro 13,Training,236,282949.25,11414.6,294363.85,0,2025,11,6,1247.3,6129684.86
2025-11-17,Japan,Mobile Studio,MobileStudio Pro 16,Support Plan,179,231790.7,27359.2,259149.9,0,2025,11,0,1447.76,6129684.86
2025-11-18,North America,Mobile Studio,MobileStudio Pro 13,Support Plan,182,114534.34,19220.0,133754.34,0,2025,11,1,734.91,6129684.86
2025-11-19,Japan,Accessories,ExpressKey Remote,Cloud Services,181,272077.74,13036.65,285114.39,0,2025,11,2,1575.22,6129684.86
2025-11-20,APAC,Pen Tablet,One by Wacom,Support Plan,197,327107.28,45913.31,373020.59,0,2025,11,3,1893.51,6129684.86
2025-11-21,APAC,Display Tablet,Cintiq 16,Extended Warranty,218,256923.35,40008.4,296931.75,0,2025,11,4,1362.07,6129684.86
2025-11-22,Latin America,Display Tablet,Cintiq 16,Extended Warranty,204,359046.16,15965.21,375011.37,0,2025,11,5,1838.29,6129684.86
2025-11-23,North America,Pen Tablet,Wacom Intuos S,Cloud Services,197,63651.0,5802.44,69453.44,0,2025,11,6,352.56,6129684.86
2025-11-24,Latin America,Pen Tablet,Wacom Intuos S,Cloud Services,245,215167.37,37916.04,253083.41,0,2025,11,0,1032.99,6129684.86
2025-11-25,APAC,Accessories,ExpressKey Remote,Cloud Services,240,221044.37,9761.41,230805.78,0,2025,11,1,961.69,6129684.86
2025-11-26,APAC,Mobile Studio,MobileStudio Pro 13,Extended Warranty,228,233068.48,32033.18,265101.66,0,2025,11,2,1162.73,6129684.86
2025-11-27,APAC,Mobile Studio,MobileStudio Pro 13,Training,212,341391.51,27957.31,369348.82,0,2025,11,3,1742.21,6129684.86
2025-11-28,North America,Pen Tablet,Wacom Intuos M,Cloud Services,150,113116.78,15786.06,128902.84,0,2025,11,4,859.35,6129684.86
2025-11-29,Japan,Accessories,Wacom Stand,Training,255,418920.46,45230.93,464151.39,0,2025,11,5,1820.2,6129684.86
2025-11-30,Europe,Accessories,Wacom Stand,Extended Warranty,176,264424.05,11436.65,275860.7,0,2025,11,6,1567.39,6129684.86
2025-12-01,Europe,Mobile Studio,MobileStudio Pro 13,Training,196,149945.99,24628.89,174574.88,0,2025,12,0,890.69,
2025-12-02,North America,Display Tablet,Cintiq 16,Training,188,196338.5,17762.31,214100.81,0,2025,12,1,1138.83,
2025-12-03,Latin America,Display Tablet,Wacom One Display,Support Plan,175,123815.72,15480.26,139295.98,0,2025,12,2,795.98,
2025-12-04,North America,Pen Tablet,One by Wacom,Support Plan,185,144842.5,25914.9,170757.4,0,2025,12,3,923.01,
2025-12-05,Japan,Mobile Studio,MobileStudio Pro 13,Support Plan,138,229325.77,34430.37,263756.14,0,2025,12,4,1911.28,
2025-12-06,Europe,Display Tablet,Cintiq Pro 24,Cloud Services,173,309889.21,13839.47,323728.68,0,2025,12,5,1871.26,
2025-12-07,Latin America,Display Tablet,Cintiq Pro 24,Cloud Services,198,178685.39,26853.88,205539.27,0,2025,12,6,1038.08,
2025-12-08,Europe,Display Tablet,Wacom One Display,Extended Warranty,134,148126.1,19934.58,168060.68,0,2025,12,0,1254.18,
2025-12-09,APAC,Pen Tablet,Wacom Intuos S,Support Plan,198,241957.28,32606.74,274564.02,0,2025,12,1,1386.69,
2025-12-10,Japan,Pen Tablet,Wacom Intuos M,Support Plan,235,296949.34,13146.16,310095.5,0,2025,12,2,1319.56,
2025-12-11,APAC,Accessories,ExpressKey Remote,Training,238,67105.78,4632.21,71737.99,0,2025,12,3,301.42,
2025-12-12,North America,Accessories,Pro Pen 2,Support Plan,190,283166.28,32204.29,315370.57,0,2025,12,4,1659.85,
2025-12-13,Latin America,Mobile Studio,MobileStudio Pro 13,Extended Warranty,177,81935.46,5829.96,87765.42,0,2025,12,5,495.85,
2025-12-14,Latin America,Accessories,ExpressKey Remote,Training,173,179473.55,31554.36,211027.91,0,2025,12,6,1219.81,
2025-12-15,Latin America,Display Tablet,Wacom One Display,Extended Warranty,208,273026.21,38835.42,311861.63,0,2025,12,0,1499.33,
2025-12-16,Europe,Accessories,Wacom Stand,Support Plan,215,317172.4,29628.41,346800.81,0,2025,12,1,1613.03,
2025-12-17,North America,Mobile Studio,MobileStudio Pro 16,Training,118,105749.71,10650.36,116400.07,0,2025,12,2,986.44,
2025-12-18,North America,Display Tablet,Cintiq Pro 24,Support Plan,219,250534.84,39877.88,290412.72,0,2025,12,3,1326.09,
2025-12-19,Europe,Mobile Studio,MobileStudio Pro 16,Cloud Services,118,80220.26,12866.28,93086.54,0,2025,12,4,788.87,
2025-12-20,APAC,Display Tablet,Cintiq Pro 24,Training,202,114069.95,14936.25,129006.2,0,2025,12,5,638.64,
2025-12-21,North America,Pen Tablet,One by Wacom,Extended Warranty,204,222394.34,9701.0,232095.34,0,2025,12,6,1137.72,
2025-12-22,North America,Display Tablet,Cintiq Pro 24,Training,179,111507.86,6736.73,118244.59,0,2025,12,0,660.58,
2025-12-23,North America,Mobile Studio,MobileStudio Pro 13,Cloud Services,123,152820.5,7179.22,159999.72,0,2025,12,1,1300.81,
2025-12-24,Japan,Accessories,Wacom Stand,Support Plan,114,81229.03,4532.39,85761.42,0,2025,12,2,752.29,
2025-12-25,Europe,Pen Tablet,Wacom Intuos S,Training,177,310182.7,32818.09,343000.79,0,2025,12,3,1937.86,
2025-12-26,APAC,Pen Tablet,Wacom Intuos M,Training,90,42827.67,4156.53,46984.2,0,2025,12,4,522.05,
2025-12-27,Latin America,Pen Tablet,One by Wacom,Cloud Services,218,234282.54,25483.41,259765.95,0,2025,12,5,1191.59,
2025-12-28,Latin America,Pen Tablet,Wacom Intuos S,Extended Warranty,97,58331.93,3731.25,62063.18,0,2025,12,6,639.83,
2025-12-29,Japan,Display Tablet,Cintiq Pro 24,Support Plan,194,316702.27,56897.48,373599.75,0,2025,12,0,1925.77,
2025-12-30,North America,Pen Tablet,Wacom Intuos S,Training,166,23612.85,2356.16,25969.01,0,2025,12,1,156.44,
2025-12-31,APAC,Mobile Studio,MobileStudio Pro 13,Training,126,173407.4,30850.29,204257.69,0,2025,12,2,1621.09,
