Date,Region,Product_Category,Product_Name,Service_Type,Units_Sold,Product_Revenue_USD,Service_Revenue_USD,Total_Revenue_USD
1/1/2021,APAC,Pen Tablet,Wacom Intuos M,Training,210,268689.33,14290.2,282979.53
1/2/2021,APAC,Mobile Studio,MobileStudio Pro 16,Cloud Services,167,50159.36,5169.12,55328.48
1/3/2021,North America,Mobile Studio,MobileStudio Pro 13,Cloud Services,182,272117.3,27777.19,299894.49
1/4/2021,North America,Display Tablet,Wacom One Display,Extended Warranty,141,211997.11,27227.43,239224.54
1/5/2021,APAC,Pen Tablet,Wacom Intuos M,Training,228,368486.38,54894.78,423381.16
1/6/2021,Europe,Accessories,Pro Pen 2,Training,194,67003.32,9087.45,76090.77
1/7/2021,Europe,Accessories,Wacom Stand,Cloud Services,159,114033.32,12057.63,126090.95
1/8/2021,Japan,Accessories,Pro Pen 2,Support Plan,146,68661.48,9185.12,77846.6
1/9/2021,North America,Accessories,ExpressKey Remote,Cloud Services,133,82096.99,12849.52,94946.51
1/10/2021,Latin America,Display Tablet,Cintiq Pro 24,Training,188,235731.75,14041.44,249773.19
1/11/2021,Latin America,Accessories,Pro Pen 2,Support Plan,191,233696.8,32419.16,266115.96
1/12/2021,Japan,Display Tablet,Cintiq Pro 24,Training,154,49349.43,2765.26,52114.69
1/13/2021,APAC,Display Tablet,Cintiq Pro 24,Training,112,156329.38,20144.69,176474.07
1/14/2021,North America,Mobile Studio,MobileStudio Pro 16,Extended Warranty,211,28064.41,2838.45,30902.86
1/15/2021,Europe,Accessories,Pro Pen 2,Training,128,61744.12,2973.74,64717.86
1/16/2021,Latin America,Accessories,Pro Pen 2,Training,207,214885.73,32178.22,247063.95
1/17/2021,Japan,Accessories,ExpressKey Remote,Training,198,72704.3,3139.35,75843.65
1/18/2021,APAC,Pen Tablet,One by Wacom,Extended Warranty,199,71120.1,7833.61,78953.71
1/19/2021,Japan,Accessories,Pro Pen 2,Extended Warranty,206,151483.44,12453.71,163937.15
1/20/2021,APAC,Mobile Studio,MobileStudio Pro 16,Training,122,34522.36,6029.87,40552.23
1/21/2021,Japan,Display Tablet,Cintiq Pro 24,Extended Warranty,164,286505.27,42696.48,329201.75
1/22/2021,APAC,Display Tablet,Cintiq Pro 24,Training,171,42030.51,6992.38,49022.89
1/23/2021,APAC,Pen Tablet,Wacom Intuos S,Support Plan,197,212022.76,13728.09,225750.85
1/24/2021,North America,Display Tablet,Cintiq Pro 24,Cloud Services,158,130065.6,16625.41,146691.01
1/25/2021,North America,Pen Tablet,Wacom Intuos S,Extended Warranty,139,110531.23,5065.2,115596.43
1/26/2021,North America,Pen Tablet,Wacom Intuos S,Training,194,50023.5,6116.39,56139.89
1/27/2021,Europe,Accessories,Pro Pen 2,Cloud Services,164,110965.03,13618.53,124583.56
1/28/2021,North America,Display Tablet,Wacom One Display,Cloud Services,139,198256.34,10226.5,208482.84
1/29/2021,APAC,Display Tablet,Cintiq 16,Training,196,208420.96,22152.75,230573.71
1/30/2021,Latin America,Accessories,Pro Pen 2,Training,163,136093.22,5855.5,141948.72
1/31/2021,North America,Display Tablet,Cintiq Pro 24,Cloud Services,173,178698.99,9864.29,188563.28
2/1/2021,North America,Mobile Studio,MobileStudio Pro 16,Training,191,254112.27,37509.68,291621.95
2/2/2021,APAC,Display Tablet,Wacom One Display,Cloud Services,132,19054.15,2242.28,21296.43
2/3/2021,Europe,Mobile Studio,MobileStudio Pro 13,Cloud Services,213,133227,23102.35,156329.35
2/4/2021,APAC,Mobile Studio,MobileStudio Pro 13,Extended Warranty,178,300819.1,18965.17,319784.27
2/5/2021,Europe,Mobile Studio,MobileStudio Pro 13,Training,128,206551.67,29909.74,236461.41
2/6/2021,Europe,Accessories,Wacom Stand,Cloud Services,191,119069.01,17631.95,136700.96
2/7/2021,Japan,Display Tablet,Cintiq 16,Training,197,268802.19,20629.08,289431.27
2/8/2021,Latin America,Pen Tablet,Wacom Intuos M,Support Plan,246,371340.39,22822.51,394162.9
2/9/2021,Europe,Mobile Studio,MobileStudio Pro 13,Extended Warranty,135,82857.16,12332.18,95189.34
2/10/2021,Japan,Display Tablet,Cintiq Pro 24,Extended Warranty,173,17986.88,1297.79,19284.67
2/11/2021,North America,Display Tablet,Wacom One Display,Extended Warranty,97,92236.09,12654.49,104890.58
2/12/2021,Japan,Accessories,ExpressKey Remote,Support Plan,166,217543.04,31208.24,248751.28
2/13/2021,Japan,Accessories,Pro Pen 2,Support Plan,199,152003.06,12484.44,164487.5
2/14/2021,Japan,Pen Tablet,Wacom Intuos S,Extended Warranty,233,133436.19,22613.86,156050.05
2/15/2021,Japan,Display Tablet,Wacom One Display,Extended Warranty,187,49020.84,2923.97,51944.81
2/16/2021,North America,Mobile Studio,MobileStudio Pro 13,Cloud Services,255,429623.98,65565.14,495189.12
2/17/2021,APAC,Display Tablet,Cintiq 16,Cloud Services,192,51403.71,8025.15,59428.86
2/18/2021,Japan,Display Tablet,Cintiq Pro 24,Support Plan,173,194166.07,31354.61,225520.68
2/19/2021,Europe,Accessories,ExpressKey Remote,Training,144,172990.28,27929.05,200919.33
2/20/2021,Japan,Display Tablet,Cintiq 16,Support Plan,128,174482.5,26926.07,201408.57
2/21/2021,Latin America,Accessories,Pro Pen 2,Support Plan,165,54683.97,8500.79,63184.76
2/22/2021,Latin America,Display Tablet,Wacom One Display,Support Plan,211,76954.77,6145.67,83100.44
2/23/2021,Japan,Mobile Studio,MobileStudio Pro 13,Support Plan,170,29797.62,1920.45,31718.07
2/24/2021,Japan,Accessories,Pro Pen 2,Extended Warranty,220,166549.76,14076.58,180626.34
2/25/2021,APAC,Accessories,ExpressKey Remote,Cloud Services,151,23371.34,1528.71,24900.05
2/26/2021,Europe,Accessories,Pro Pen 2,Support Plan,242,192625.07,9033.26,201658.33
2/27/2021,Latin America,Pen Tablet,Wacom Intuos S,Extended Warranty,135,204329.08,9659.59,213988.67
2/28/2021,APAC,Display Tablet,Cintiq Pro 24,Support Plan,217,354266.26,62754.69,417020.95
3/1/2021,Japan,Display Tablet,Cintiq Pro 24,Cloud Services,182,258417.02,15204.56,273621.58
3/2/2021,Europe,Accessories,ExpressKey Remote,Extended Warranty,238,208491.55,19579.97,228071.52
3/3/2021,Europe,Mobile Studio,MobileStudio Pro 16,Training,165,148821.57,14638.76,163460.33
3/4/2021,Europe,Mobile Studio,MobileStudio Pro 13,Training,214,137664.57,12820.01,150484.58
3/5/2021,Europe,Pen Tablet,Wacom Intuos M,Training,232,384219.51,41237.3,425456.81
3/6/2021,Japan,Accessories,Pro Pen 2,Extended Warranty,249,299410.11,45694.43,345104.54
3/7/2021,APAC,Mobile Studio,MobileStudio Pro 16,Extended Warranty,152,204290.47,13960.52,218250.99
3/8/2021,Japan,Mobile Studio,MobileStudio Pro 16,Cloud Services,182,206885.43,11029.77,217915.2
3/9/2021,Japan,Mobile Studio,MobileStudio Pro 16,Support Plan,117,37011.97,6449.09,43461.06
3/10/2021,Japan,Pen Tablet,Wacom Intuos M,Extended Warranty,205,296757.49,51173.99,347931.48
3/11/2021,APAC,Pen Tablet,One by Wacom,Extended Warranty,153,174390.17,11157.62,185547.79
3/12/2021,North America,Pen Tablet,Wacom Intuos S,Extended Warranty,88,86145.55,12659.03,98804.58
3/13/2021,Japan,Accessories,Wacom Stand,Training,97,163127.45,9259.55,172387
3/14/2021,APAC,Accessories,Pro Pen 2,Support Plan,194,155201.22,23032.64,178233.86
3/15/2021,APAC,Pen Tablet,Wacom Intuos M,Training,189,263003.95,20481.4,283485.35
3/16/2021,Japan,Accessories,ExpressKey Remote,Training,173,57814.42,9889.61,67704.03
3/17/2021,APAC,Mobile Studio,MobileStudio Pro 13,Training,239,246444.39,42156.68,288601.07
3/18/2021,APAC,Display Tablet,Cintiq Pro 24,Training,180,319861.13,44936.15,364797.28
3/19/2021,Japan,Accessories,Wacom Stand,Support Plan,273,320984.41,18318.27,339302.68
3/20/2021,North America,Display Tablet,Cintiq 16,Extended Warranty,184,158502.55,24656.01,183158.56
3/21/2021,Latin America,Display Tablet,Wacom One Display,Training,148,88698.64,14952.98,103651.62
3/22/2021,Japan,Mobile Studio,MobileStudio Pro 16,Support Plan,87,138523.49,11046.86,149570.35
3/23/2021,North America,Accessories,Wacom Stand,Support Plan,185,43578.24,7215.89,50794.13
3/24/2021,Europe,Accessories,Pro Pen 2,Support Plan,172,243559.03,16500.78,260059.81
3/25/2021,Europe,Pen Tablet,Wacom Intuos M,Extended Warranty,169,15098.34,713.13,15811.47
3/26/2021,Latin America,Accessories,ExpressKey Remote,Cloud Services,120,184917.99,8878.37,193796.36
3/27/2021,Latin America,Mobile Studio,MobileStudio Pro 16,Cloud Services,187,239503.57,37678.04,277181.61
3/28/2021,Japan,Display Tablet,Wacom One Display,Support Plan,234,272287.17,43336.78,315623.95
3/29/2021,Latin America,Display Tablet,Wacom One Display,Extended Warranty,144,78581.53,10953.22,89534.75
3/30/2021,APAC,Mobile Studio,MobileStudio Pro 16,Extended Warranty,195,222310.03,10210.49,232520.52
3/31/2021,Japan,Pen Tablet,Wacom Intuos M,Extended Warranty,217,51593.95,3389.45,54983.4
4/1/2021,Japan,Display Tablet,Cintiq Pro 24,Training,197,231400.6,27799.97,259200.57
4/2/2021,Europe,Display Tablet,Wacom One Display,Cloud Services,166,178315.48,24601.94,202917.42
4/3/2021,Japan,Display Tablet,Cintiq 16,Cloud Services,195,186101.51,17970.86,204072.37
4/4/2021,North America,Accessories,ExpressKey Remote,Support Plan,182,101608.77,8398.84,110007.61
4/5/2021,APAC,Mobile Studio,MobileStudio Pro 13,Extended Warranty,178,140320.02,13643.26,153963.28
4/6/2021,Latin America,Accessories,Pro Pen 2,Extended Warranty,135,19173.09,1890.01,21063.1
4/7/2021,North America,Display Tablet,Cintiq 16,Support Plan,141,148491,20533.38,169024.38
4/8/2021,Japan,Mobile Studio,MobileStudio Pro 16,Extended Warranty,204,292614.22,34200.81,326815.03
4/9/2021,Japan,Pen Tablet,Wacom Intuos S,Extended Warranty,283,272220.95,38965.38,311186.33
4/10/2021,North America,Mobile Studio,MobileStudio Pro 16,Cloud Services,177,172552.56,26224.86,198777.42
4/11/2021,Japan,Pen Tablet,One by Wacom,Cloud Services,206,314815.03,15041.71,329856.74
4/12/2021,Japan,Pen Tablet,One by Wacom,Training,167,103522.73,14904.89,118427.62
4/13/2021,Japan,Accessories,Pro Pen 2,Cloud Services,120,86434.79,5316.24,91751.03
4/14/2021,APAC,Pen Tablet,Wacom Intuos S,Support Plan,61,105438.39,18911.96,124350.35
4/15/2021,Japan,Display Tablet,Cintiq Pro 24,Training,198,256073.19,24147.15,280220.34
4/16/2021,Europe,Accessories,ExpressKey Remote,Support Plan,211,207445.05,13053.52,220498.57
4/17/2021,Japan,Mobile Studio,MobileStudio Pro 13,Cloud Services,245,253885.52,39979.29,293864.81
4/18/2021,APAC,Accessories,Wacom Stand,Support Plan,236,178233.12,9126.77,187359.89
4/19/2021,North America,Accessories,Wacom Stand,Training,242,82076.12,5362.01,87438.13
4/20/2021,Latin America,Pen Tablet,Wacom Intuos M,Support Plan,117,68134.02,7401.24,75535.26
4/21/2021,APAC,Accessories,ExpressKey Remote,Training,148,73867.99,11678.7,85546.69
4/22/2021,Japan,Accessories,ExpressKey Remote,Extended Warranty,169,235280.65,11325.28,246605.93
4/23/2021,APAC,Mobile Studio,MobileStudio Pro 13,Extended Warranty,206,315695.75,33956.28,349652.03
4/24/2021,APAC,Mobile Studio,MobileStudio Pro 16,Cloud Services,176,289419.66,35366.32,324785.98
4/25/2021,Europe,Pen Tablet,Wacom Intuos M,Training,144,110233.48,18566.32,128799.8
4/26/2021,Europe,Mobile Studio,MobileStudio Pro 16,Support Plan,216,88464.35,3846.01,92310.36
4/27/2021,APAC,Mobile Studio,MobileStudio Pro 16,Training,187,207454.2,8510.61,215964.81
4/28/2021,North America,Display Tablet,Wacom One Display,Extended Warranty,187,330748.06,41955.42,372703.48
4/29/2021,Latin America,Accessories,ExpressKey Remote,Cloud Services,194,256001.82,44761.81,300763.63
4/30/2021,Japan,Mobile Studio,MobileStudio Pro 16,Cloud Services,208,278668.25,28316.15,306984.4
5/1/2021,Latin America,Mobile Studio,MobileStudio Pro 16,Extended Warranty,244,432727.73,34770.52,467498.25
5/2/2021,Latin America,Accessories,Wacom Stand,Extended Warranty,163,47768.13,2184.56,49952.69
5/3/2021,Latin America,Mobile Studio,MobileStudio Pro 16,Training,212,186507.92,32994.81,219502.73
5/4/2021,North America,Pen Tablet,Wacom Intuos S,Cloud Services,230,238140.65,36266.05,274406.7
5/5/2021,Japan,Display Tablet,Cintiq Pro 24,Cloud Services,197,142046.46,6650.3,148696.76
5/6/2021,Latin America,Display Tablet,Wacom One Display,Extended Warranty,123,173528.35,27966.51,201494.86
5/7/2021,Europe,Mobile Studio,MobileStudio Pro 16,Cloud Services,189,91362.69,11609.06,102971.75
5/8/2021,Japan,Pen Tablet,Wacom Intuos M,Support Plan,190,236537.52,10441.95,246979.47
5/9/2021,APAC,Accessories,ExpressKey Remote,Cloud Services,234,114372.74,18229.8,132602.54
5/10/2021,APAC,Mobile Studio,MobileStudio Pro 13,Cloud Services,163,178542.19,17063.56,195605.75
5/11/2021,Japan,Pen Tablet,One by Wacom,Cloud Services,135,30493.25,2679.43,33172.68
5/12/2021,Japan,Display Tablet,Cintiq Pro 24,Cloud Services,262,154512.6,15005.01,169517.61
5/13/2021,North America,Mobile Studio,MobileStudio Pro 13,Extended Warranty,110,83036.23,13961.86,96998.09
5/14/2021,Europe,Pen Tablet,Wacom Intuos S,Support Plan,246,48099.56,3284.1,51383.66
5/15/2021,Europe,Mobile Studio,MobileStudio Pro 13,Training,187,125376.59,12393.91,137770.5
5/16/2021,Latin America,Accessories,Wacom Stand,Cloud Services,143,81425.67,13482.43,94908.1
5/17/2021,Japan,Display Tablet,Wacom One Display,Training,199,197171.65,28377.83,225549.48
5/18/2021,APAC,Pen Tablet,Wacom Intuos S,Extended Warranty,151,74769.15,6366.51,81135.66
5/19/2021,Europe,Pen Tablet,One by Wacom,Cloud Services,195,203923.54,30767.25,234690.79
5/20/2021,APAC,Mobile Studio,MobileStudio Pro 16,Training,205,367131.84,49358.54,416490.38
5/21/2021,APAC,Display Tablet,Cintiq Pro 24,Cloud Services,162,64558.37,7663.33,72221.7
5/22/2021,Japan,Display Tablet,Wacom One Display,Extended Warranty,163,156789.56,15775.56,172565.12
5/23/2021,Latin America,Pen Tablet,One by Wacom,Cloud Services,146,21995.78,1637.57,23633.35
5/24/2021,Latin America,Mobile Studio,MobileStudio Pro 13,Training,171,105613.07,4978.02,110591.09
5/25/2021,APAC,Accessories,Pro Pen 2,Training,221,283075.88,19527.39,302603.27
5/26/2021,Japan,Accessories,Pro Pen 2,Training,205,16985.57,945.92,17931.49
5/27/2021,North America,Display Tablet,Cintiq Pro 24,Support Plan,171,157652.33,13657.92,171310.25
5/28/2021,Japan,Display Tablet,Cintiq 16,Cloud Services,139,73364.13,6246.86,79610.99
5/29/2021,Latin America,Mobile Studio,MobileStudio Pro 13,Training,143,67581.08,5832.45,73413.53
5/30/2021,Japan,Pen Tablet,Wacom Intuos M,Support Plan,135,176023.78,10748.64,186772.42
5/31/2021,Europe,Mobile Studio,MobileStudio Pro 13,Support Plan,191,18322.02,1215.94,19537.96
6/1/2021,North America,Accessories,Pro Pen 2,Support Plan,90,44605.7,5338.84,49944.54
6/2/2021,APAC,Pen Tablet,Wacom Intuos S,Cloud Services,183,283246.57,35880.73,319127.3
6/3/2021,Latin America,Display Tablet,Wacom One Display,Cloud Services,144,74495.98,12562.34,87058.32
6/4/2021,Latin America,Mobile Studio,MobileStudio Pro 13,Extended Warranty,251,176162.36,27101.22,203263.58
6/5/2021,Japan,Pen Tablet,One by Wacom,Cloud Services,197,89069.96,8725.62,97795.58
6/6/2021,Latin America,Mobile Studio,MobileStudio Pro 13,Support Plan,193,130457.05,5565.92,136022.97
6/7/2021,APAC,Mobile Studio,MobileStudio Pro 13,Extended Warranty,247,333538.49,28151.13,361689.62
6/8/2021,North America,Pen Tablet,Wacom Intuos M,Extended Warranty,180,58895.3,8070.62,66965.92
6/9/2021,APAC,Pen Tablet,One by Wacom,Extended Warranty,127,11035.42,467.03,11502.45
6/10/2021,Japan,Mobile Studio,MobileStudio Pro 16,Extended Warranty,180,292204.76,47703.37,339908.13
6/11/2021,North America,Display Tablet,Cintiq 16,Extended Warranty,173,28872.64,3558.25,32430.89
6/12/2021,Europe,Pen Tablet,One by Wacom,Extended Warranty,108,12013.5,1482.47,13495.97
6/13/2021,Latin America,Pen Tablet,One by Wacom,Cloud Services,181,204624.96,24042.56,228667.52
6/14/2021,APAC,Mobile Studio,MobileStudio Pro 13,Extended Warranty,231,243735.72,35629.07,279364.79
6/15/2021,North America,Mobile Studio,MobileStudio Pro 16,Training,188,19072.26,2888.38,21960.64
6/16/2021,Japan,Display Tablet,Cintiq 16,Training,154,247972.19,23632,271604.19
6/17/2021,Japan,Pen Tablet,Wacom Intuos M,Support Plan,134,51847.26,3522.29,55369.55
6/18/2021,Latin America,Accessories,Wacom Stand,Cloud Services,133,118111.65,16853.27,134964.92
6/19/2021,APAC,Mobile Studio,MobileStudio Pro 16,Training,175,237256.64,33775.63,271032.27
6/20/2021,Latin America,Mobile Studio,MobileStudio Pro 16,Extended Warranty,134,219067.76,35309.38,254377.14
6/21/2021,Japan,Accessories,Wacom Stand,Support Plan,237,322081.25,13926.67,336007.92
6/22/2021,Latin America,Pen Tablet,Wacom Intuos M,Training,250,401655.57,38256.96,439912.53
6/23/2021,Europe,Mobile Studio,MobileStudio Pro 13,Extended Warranty,214,167716.24,20838.49,188554.73
6/24/2021,Japan,Mobile Studio,MobileStudio Pro 16,Training,216,157419.57,14982.4,172401.97
6/25/2021,Europe,Accessories,Pro Pen 2,Support Plan,196,130124.74,22600.82,152725.56
6/26/2021,North America,Mobile Studio,MobileStudio Pro 13,Support Plan,177,282382.62,22290.12,304672.74
6/27/2021,Latin America,Display Tablet,Wacom One Display,Support Plan,163,144365.29,11018.19,155383.48
6/28/2021,North America,Pen Tablet,One by Wacom,Training,208,250085.27,27352.06,277437.33
6/29/2021,Europe,Accessories,Pro Pen 2,Training,171,238624.02,38833.56,277457.58
6/30/2021,North America,Accessories,Wacom Stand,Cloud Services,135,232086.4,11617.11,243703.51
7/1/2021,Latin America,Display Tablet,Wacom One Display,Training,162,39981.92,6333.6,46315.52
7/2/2021,Japan,Mobile Studio,MobileStudio Pro 16,Extended Warranty,163,84042.7,5247.94,89290.64
7/3/2021,Europe,Pen Tablet,Wacom Intuos M,Extended Warranty,145,85430.6,7857.51,93288.11
7/4/2021,North America,Accessories,ExpressKey Remote,Cloud Services,174,75815.15,13026.21,88841.36
7/5/2021,Europe,Display Tablet,Wacom One Display,Cloud Services,128,68481.08,10854.73,79335.81
7/6/2021,APAC,Mobile Studio,MobileStudio Pro 13,Training,202,101372.78,14134.85,115507.63
7/7/2021,Japan,Pen Tablet,Wacom Intuos M,Cloud Services,141,140021.84,10470.4,150492.24
7/8/2021,Europe,Display Tablet,Wacom One Display,Support Plan,145,233064.41,34687.03,267751.44
7/9/2021,Europe,Display Tablet,Cintiq 16,Training,173,173501.18,17495.66,190996.84
7/10/2021,Europe,Display Tablet,Wacom One Display,Support Plan,197,179091.3,31063.17,210154.47
7/11/2021,Europe,Pen Tablet,One by Wacom,Extended Warranty,133,68558.51,3030.81,71589.32
7/12/2021,North America,Display Tablet,Wacom One Display,Cloud Services,215,242086.18,25443.74,267529.92
7/13/2021,Japan,Accessories,ExpressKey Remote,Extended Warranty,193,343616.95,53110.5,396727.45
7/14/2021,Europe,Accessories,Wacom Stand,Training,198,329381.96,28917.82,358299.78
7/15/2021,Latin America,Mobile Studio,MobileStudio Pro 13,Training,160,184169.45,26726.19,210895.64
7/16/2021,Latin America,Mobile Studio,MobileStudio Pro 16,Support Plan,185,154168.29,19958.92,174127.21
7/17/2021,Japan,Accessories,Pro Pen 2,Cloud Services,169,31560.5,3287.24,34847.74
7/18/2021,Japan,Accessories,Pro Pen 2,Support Plan,175,132271.14,22361.67,154632.81
7/19/2021,Japan,Mobile Studio,MobileStudio Pro 13,Extended Warranty,224,272186.04,33739.46,305925.5
7/20/2021,APAC,Pen Tablet,Wacom Intuos S,Cloud Services,118,45411.72,6127.55,51539.27
7/21/2021,Japan,Accessories,Wacom Stand,Support Plan,123,198654.7,28794.32,227449.02
7/22/2021,Japan,Display Tablet,Cintiq Pro 24,Extended Warranty,160,96042.57,16582.23,112624.8
7/23/2021,APAC,Mobile Studio,MobileStudio Pro 13,Extended Warranty,175,183107.5,25775.96,208883.46
7/24/2021,APAC,Mobile Studio,MobileStudio Pro 16,Cloud Services,212,252908.26,22238.41,275146.67
7/25/2021,Japan,Mobile Studio,MobileStudio Pro 13,Training,180,42797.65,5711.29,48508.94
7/26/2021,APAC,Pen Tablet,Wacom Intuos S,Extended Warranty,195,125123.81,8470.05,133593.86
7/27/2021,Latin America,Pen Tablet,Wacom Intuos M,Cloud Services,138,169560.68,9853.31,179413.99
7/28/2021,APAC,Accessories,Pro Pen 2,Support Plan,204,253071.56,42375.76,295447.32
7/29/2021,Latin America,Mobile Studio,MobileStudio Pro 13,Extended Warranty,95,163307.53,20480.15,183787.68
7/30/2021,Europe,Mobile Studio,MobileStudio Pro 13,Extended Warranty,221,388725.92,37300.06,426025.98
7/31/2021,Japan,Display Tablet,Cintiq Pro 24,Support Plan,158,250459.24,31415.56,281874.8
8/1/2021,North America,Display Tablet,Cintiq 16,Cloud Services,207,131281.67,15259.76,146541.43
8/2/2021,Japan,Mobile Studio,MobileStudio Pro 13,Extended Warranty,149,74504.86,12499.98,87004.84
8/3/2021,Europe,Accessories,Wacom Stand,Cloud Services,197,268192.93,39438.69,307631.62
8/4/2021,North America,Pen Tablet,Wacom Intuos M,Training,124,61155.46,7967.01,69122.47
8/5/2021,Europe,Mobile Studio,MobileStudio Pro 13,Training,197,154678.43,10926.47,165604.9
8/6/2021,Europe,Mobile Studio,MobileStudio Pro 16,Cloud Services,154,14308.46,1245.67,15554.13
8/7/2021,North America,Display Tablet,Cintiq Pro 24,Cloud Services,176,248486.96,13964.62,262451.58
8/8/2021,Japan,Pen Tablet,Wacom Intuos S,Cloud Services,143,49308.88,4891.05,54199.93
8/9/2021,Latin America,Display Tablet,Cintiq 16,Cloud Services,237,47348.31,2808.69,50157
8/10/2021,Europe,Mobile Studio,MobileStudio Pro 16,Training,184,224689.69,12505.84,237195.53
8/11/2021,Japan,Mobile Studio,MobileStudio Pro 16,Support Plan,168,172999.36,19048.49,192047.85
8/12/2021,APAC,Display Tablet,Cintiq Pro 24,Extended Warranty,153,275247.87,30911.52,306159.39
8/13/2021,APAC,Pen Tablet,One by Wacom,Extended Warranty,218,136799.66,14305.04,151104.7
8/14/2021,Europe,Pen Tablet,Wacom Intuos S,Support Plan,200,137548.17,20665.92,158214.09
8/15/2021,Latin America,Mobile Studio,MobileStudio Pro 16,Cloud Services,232,146869.59,21271.84,168141.43
8/16/2021,North America,Mobile Studio,MobileStudio Pro 16,Training,170,55678.9,9079.54,64758.44
8/17/2021,Europe,Accessories,Pro Pen 2,Support Plan,194,38049.57,1803.28,39852.85
8/18/2021,North America,Pen Tablet,One by Wacom,Training,170,23786.73,3123.58,26910.31
8/19/2021,Europe,Mobile Studio,MobileStudio Pro 16,Support Plan,170,265298.2,41184.21,306482.41
8/20/2021,Japan,Mobile Studio,MobileStudio Pro 16,Cloud Services,235,178249.43,25541.66,203791.09
8/21/2021,Europe,Mobile Studio,MobileStudio Pro 13,Cloud Services,176,241200.52,25339.36,266539.88
8/22/2021,Japan,Display Tablet,Cintiq 16,Support Plan,158,216865.14,12284.86,229150
8/23/2021,Europe,Accessories,Pro Pen 2,Support Plan,220,329063.92,31521.34,360585.26
8/24/2021,Latin America,Mobile Studio,MobileStudio Pro 16,Support Plan,157,133734.92,12705.96,146440.88
8/25/2021,Latin America,Pen Tablet,Wacom Intuos M,Cloud Services,81,33271.33,2359.33,35630.66
8/26/2021,Latin America,Display Tablet,Cintiq 16,Training,119,125454.98,14694.19,140149.17
8/27/2021,Europe,Display Tablet,Cintiq Pro 24,Extended Warranty,163,26906.36,3342.26,30248.62
8/28/2021,APAC,Display Tablet,Cintiq 16,Training,140,193704.8,30164.8,223869.6
8/29/2021,North America,Display Tablet,Cintiq 16,Training,194,189673.76,15944.91,205618.67
8/30/2021,APAC,Display Tablet,Cintiq 16,Extended Warranty,205,16776.39,1169.63,17946.02
8/31/2021,APAC,Mobile Studio,MobileStudio Pro 16,Extended Warranty,204,328695.82,34773.99,363469.81
9/1/2021,Latin America,Accessories,ExpressKey Remote,Cloud Services,210,94522.39,11532.49,106054.88
9/2/2021,Europe,Display Tablet,Wacom One Display,Extended Warranty,239,59881.45,4130.5,64011.95
9/3/2021,Japan,Pen Tablet,Wacom Intuos S,Support Plan,175,272944.85,23160.9,296105.75
9/4/2021,Europe,Display Tablet,Cintiq 16,Support Plan,271,145111.92,18206.89,163318.81
9/5/2021,Latin America,Display Tablet,Wacom One Display,Cloud Services,151,38008.12,2091.83,40099.95
9/6/2021,Japan,Pen Tablet,One by Wacom,Extended Warranty,132,204084.88,29714.35,233799.23
9/7/2021,APAC,Pen Tablet,Wacom Intuos M,Extended Warranty,211,32912.03,3165.38,36077.41
9/8/2021,Japan,Pen Tablet,One by Wacom,Cloud Services,202,296262.99,18915.73,315178.72
9/9/2021,Europe,Accessories,Wacom Stand,Training,183,139764.98,17032.51,156797.49
9/10/2021,APAC,Display Tablet,Wacom One Display,Training,204,52560.11,8475.86,61035.97
9/11/2021,Japan,Pen Tablet,Wacom Intuos S,Training,158,129909.6,16711.69,146621.29
9/12/2021,Latin America,Display Tablet,Cintiq Pro 24,Cloud Services,173,111815.34,11533.36,123348.7
9/13/2021,Europe,Accessories,ExpressKey Remote,Training,192,198444.73,16847.99,215292.72
9/14/2021,North America,Accessories,ExpressKey Remote,Training,249,91041.3,12858.3,103899.6
9/15/2021,Latin America,Accessories,ExpressKey Remote,Support Plan,162,223483.54,16993.49,240477.03
9/16/2021,Latin America,Mobile Studio,MobileStudio Pro 16,Cloud Services,206,253501.53,12005.99,265507.52
9/17/2021,Latin America,Mobile Studio,MobileStudio Pro 16,Training,194,208713.22,8483.49,217196.71
9/18/2021,Latin America,Mobile Studio,MobileStudio Pro 13,Extended Warranty,194,24373.34,3511.82,27885.16
9/19/2021,Europe,Pen Tablet,Wacom Intuos M,Training,211,18866.3,2832.42,21698.72
9/20/2021,Latin America,Accessories,Pro Pen 2,Cloud Services,260,273502.84,21291.61,294794.45
9/21/2021,Japan,Mobile Studio,MobileStudio Pro 13,Cloud Services,94,94259.37,16510.3,110769.67
9/22/2021,APAC,Pen Tablet,Wacom Intuos M,Cloud Services,133,146585.82,23884.79,170470.61
9/23/2021,North America,Mobile Studio,MobileStudio Pro 13,Support Plan,204,185361.19,22060.76,207421.95
9/24/2021,APAC,Mobile Studio,MobileStudio Pro 16,Extended Warranty,229,164049.44,16153.41,180202.85
9/25/2021,Latin America,Pen Tablet,One by Wacom,Cloud Services,152,86512.79,7140.03,93652.82
9/26/2021,North America,Mobile Studio,MobileStudio Pro 16,Support Plan,195,171116.83,23377.6,194494.43
9/27/2021,APAC,Mobile Studio,MobileStudio Pro 13,Extended Warranty,179,204809.91,9342.06,214151.97
9/28/2021,Latin America,Mobile Studio,MobileStudio Pro 13,Extended Warranty,116,37137.71,2465.44,39603.15
9/29/2021,North America,Display Tablet,Cintiq 16,Support Plan,215,166966.8,25588.62,192555.42
9/30/2021,Europe,Display Tablet,Cintiq Pro 24,Support Plan,206,325237.67,41888.28,367125.95
10/1/2021,North America,Display Tablet,Cintiq 16,Training,197,196904.12,35264.74,232168.86
10/2/2021,APAC,Display Tablet,Cintiq Pro 24,Support Plan,150,89855.34,14953.59,104808.93
10/3/2021,Europe,Display Tablet,Wacom One Display,Cloud Services,128,36109.76,1746.82,37856.58
10/4/2021,Latin America,Pen Tablet,Wacom Intuos M,Support Plan,164,271433.31,32420.74,303854.05
10/5/2021,APAC,Mobile Studio,MobileStudio Pro 13,Training,216,377190.86,31492.26,408683.12
10/6/2021,Japan,Accessories,Pro Pen 2,Training,134,32451.05,5238.33,37689.38
10/7/2021,Japan,Pen Tablet,Wacom Intuos M,Cloud Services,213,325571.78,56022.29,381594.07
10/8/2021,Latin America,Mobile Studio,MobileStudio Pro 13,Cloud Services,202,204992.11,33997.74,238989.85
10/9/2021,Japan,Pen Tablet,Wacom Intuos M,Extended Warranty,65,56225.95,5290.18,61516.13
10/10/2021,North America,Display Tablet,Cintiq 16,Training,229,48820.53,7283.13,56103.66
10/11/2021,North America,Mobile Studio,MobileStudio Pro 13,Cloud Services,239,33580.14,2083.76,35663.9
10/12/2021,Europe,Accessories,Pro Pen 2,Cloud Services,204,197288.35,33749.09,231037.44
10/13/2021,North America,Accessories,Wacom Stand,Support Plan,167,57480.59,2808.85,60289.44
10/14/2021,North America,Pen Tablet,One by Wacom,Extended Warranty,190,190763.13,24348.73,215111.86
10/15/2021,Japan,Accessories,Pro Pen 2,Cloud Services,269,421338.83,72823.38,494162.21
10/16/2021,North America,Pen Tablet,Wacom Intuos S,Support Plan,269,224100.54,38634.29,262734.83
10/17/2021,Europe,Accessories,ExpressKey Remote,Cloud Services,171,67447.72,5726.5,73174.22
10/18/2021,North America,Pen Tablet,Wacom Intuos S,Extended Warranty,212,100333.33,14153.72,114487.05
10/19/2021,APAC,Accessories,Pro Pen 2,Cloud Services,142,37569.97,4120.32,41690.29
10/20/2021,North America,Mobile Studio,MobileStudio Pro 16,Extended Warranty,162,290155.22,31359.77,321514.99
10/21/2021,Latin America,Mobile Studio,MobileStudio Pro 13,Training,194,213377.77,15345.17,228722.94
10/22/2021,APAC,Mobile Studio,MobileStudio Pro 16,Support Plan,273,242066.02,40073,282139.02
10/23/2021,APAC,Display Tablet,Cintiq 16,Support Plan,200,238975.2,35713.88,274689.08
10/24/2021,Japan,Accessories,ExpressKey Remote,Extended Warranty,271,315832.22,28006.2,343838.42
10/25/2021,APAC,Display Tablet,Cintiq 16,Extended Warranty,151,108413.35,10788.37,119201.72
10/26/2021,Europe,Mobile Studio,MobileStudio Pro 16,Extended Warranty,128,111449.64,7820.35,119269.99
10/27/2021,Europe,Mobile Studio,MobileStudio Pro 16,Support Plan,225,260581.27,37684.68,298265.95
10/28/2021,APAC,Pen Tablet,Wacom Intuos M,Training,263,453517.27,27945.39,481462.66
10/29/2021,Europe,Display Tablet,Wacom One Display,Training,202,322888.91,47295.62,370184.53
10/30/2021,Latin America,Pen Tablet,Wacom Intuos M,Support Plan,215,194114.14,11771.01,205885.15
10/31/2021,Europe,Display Tablet,Wacom One Display,Training,179,183727.8,25483.77,209211.57
11/1/2021,Japan,Pen Tablet,One by Wacom,Training,192,262376.26,40434.87,302811.13
11/2/2021,Japan,Pen Tablet,Wacom Intuos S,Cloud Services,155,108592.1,7024.8,115616.9
11/3/2021,Europe,Pen Tablet,Wacom Intuos S,Training,95,130440.97,10949.03,141390
11/4/2021,Europe,Pen Tablet,One by Wacom,Support Plan,201,120820.93,11079.06,131899.99
11/5/2021,Japan,Accessories,Pro Pen 2,Cloud Services,151,141402.86,18385.17,159788.03
11/6/2021,APAC,Pen Tablet,Wacom Intuos M,Cloud Services,70,112729.45,18848.95,131578.4
11/7/2021,Europe,Mobile Studio,MobileStudio Pro 16,Training,227,24331.12,2598.76,26929.88
11/8/2021,Japan,Display Tablet,Cintiq 16,Training,192,197706.21,31064.75,228770.96
11/9/2021,APAC,Accessories,Pro Pen 2,Support Plan,209,321500.4,57637.11,379137.51
11/10/2021,North America,Mobile Studio,MobileStudio Pro 16,Cloud Services,213,164192.76,12730.18,176922.94
11/11/2021,APAC,Accessories,ExpressKey Remote,Cloud Services,108,112108.65,9134.83,121243.48
11/12/2021,Europe,Pen Tablet,One by Wacom,Support Plan,151,258630.51,24932.79,283563.3
11/13/2021,North America,Pen Tablet,Wacom Intuos M,Extended Warranty,150,57269.26,8801.05,66070.31
11/14/2021,Latin America,Accessories,Pro Pen 2,Cloud Services,185,230446.88,35494.89,265941.77
11/15/2021,Latin America,Display Tablet,Wacom One Display,Training,133,71169.35,7130.74,78300.09
11/16/2021,APAC,Accessories,ExpressKey Remote,Training,171,240696.33,22376.22,263072.55
11/17/2021,Latin America,Mobile Studio,MobileStudio Pro 16,Support Plan,181,192295.82,34453.81,226749.63
11/18/2021,Europe,Accessories,Pro Pen 2,Support Plan,173,254845.97,13370.72,268216.69
11/19/2021,Europe,Pen Tablet,Wacom Intuos S,Extended Warranty,86,34812.68,2345.31,37157.99
11/20/2021,Japan,Mobile Studio,MobileStudio Pro 13,Training,123,145714.92,19912.86,165627.78
11/21/2021,North America,Pen Tablet,Wacom Intuos M,Training,192,320286.1,23836.52,344122.62
11/22/2021,North America,Accessories,Wacom Stand,Cloud Services,225,199205.55,13561.66,212767.21
11/23/2021,Japan,Pen Tablet,One by Wacom,Training,200,289844.79,48422.83,338267.62
11/24/2021,APAC,Mobile Studio,MobileStudio Pro 16,Training,169,87564.44,5158.01,92722.45
11/25/2021,Japan,Pen Tablet,Wacom Intuos M,Training,296,454737.17,43603.54,498340.71
11/26/2021,North America,Display Tablet,Wacom One Display,Support Plan,181,258214.07,17953.83,276167.9
11/27/2021,APAC,Display Tablet,Cintiq Pro 24,Cloud Services,86,40555.64,1909.16,42464.8
11/28/2021,Japan,Accessories,Wacom Stand,Training,146,202522.88,11738.44,214261.32
11/29/2021,North America,Pen Tablet,Wacom Intuos M,Cloud Services,109,91440.44,14880.55,106320.99
11/30/2021,Latin America,Pen Tablet,Wacom Intuos S,Extended Warranty,200,273777.38,21984.24,295761.62
12/1/2021,Latin America,Display Tablet,Wacom One Display,Support Plan,182,172731.89,20999.05,193730.94
12/2/2021,Latin America,Accessories,ExpressKey Remote,Cloud Services,159,80194.37,11476.88,91671.25
12/3/2021,Europe,Display Tablet,Cintiq Pro 24,Extended Warranty,117,169392.54,29556.91,198949.45
12/4/2021,Latin America,Pen Tablet,Wacom Intuos M,Cloud Services,275,188519.97,24385.3,212905.27
12/5/2021,North America,Mobile Studio,MobileStudio Pro 13,Cloud Services,152,119971.3,19504.39,139475.69
12/6/2021,Japan,Pen Tablet,One by Wacom,Cloud Services,176,310739.1,50866.18,361605.28
12/7/2021,Europe,Accessories,Pro Pen 2,Cloud Services,115,129138.57,17070.48,146209.05
12/8/2021,Latin America,Accessories,Wacom Stand,Support Plan,119,155235.34,18456.43,173691.77
12/9/2021,Japan,Mobile Studio,MobileStudio Pro 13,Support Plan,205,321434.34,14247.58,335681.92
12/10/2021,Japan,Accessories,ExpressKey Remote,Cloud Services,158,216380.03,16459.11,232839.14
12/11/2021,Europe,Mobile Studio,MobileStudio Pro 16,Extended Warranty,187,84410.05,9654.9,94064.95
12/12/2021,APAC,Display Tablet,Cintiq Pro 24,Support Plan,110,13942.86,2428.74,16371.6
12/13/2021,North America,Display Tablet,Cintiq Pro 24,Extended Warranty,86,85516.18,9121.05,94637.23
12/14/2021,North America,Pen Tablet,Wacom Intuos S,Extended Warranty,220,353641.41,54335.35,407976.76
12/15/2021,Latin America,Pen Tablet,Wacom Intuos S,Extended Warranty,175,306676.22,51032.45,357708.67
12/16/2021,Latin America,Mobile Studio,MobileStudio Pro 16,Training,204,90626.62,4766.98,95393.6
12/17/2021,Europe,Pen Tablet,One by Wacom,Support Plan,256,53089.08,3108.68,56197.76
12/18/2021,APAC,Mobile Studio,MobileStudio Pro 16,Extended Warranty,182,212060.69,34672.88,246733.57
12/19/2021,Japan,Display Tablet,Cintiq 16,Extended Warranty,122,103640.9,9166.93,112807.83
12/20/2021,North America,Pen Tablet,Wacom Intuos S,Support Plan,147,77676.34,4776.66,82453
12/21/2021,APAC,Accessories,Pro Pen 2,Cloud Services,127,160020.73,25586.89,185607.62
12/22/2021,Latin America,Accessories,Pro Pen 2,Cloud Services,160,72414.47,9880.68,82295.15
12/23/2021,North America,Mobile Studio,MobileStudio Pro 16,Training,157,90826.8,10681.23,101508.03
12/24/2021,Japan,Display Tablet,Cintiq 16,Extended Warranty,138,43102.54,5909.17,49011.71
12/25/2021,Japan,Mobile Studio,MobileStudio Pro 16,Extended Warranty,137,116253.1,11307.35,127560.45
12/26/2021,Latin America,Display Tablet,Wacom One Display,Support Plan,143,194165.24,14210.7,208375.94
12/27/2021,Japan,Accessories,Wacom Stand,Extended Warranty,182,162488.93,17855.45,180344.38
12/28/2021,APAC,Pen Tablet,Wacom Intuos S,Cloud Services,126,124650.66,15491.53,140142.19
12/29/2021,North America,Accessories,Wacom Stand,Support Plan,183,166225.77,28098.12,194323.89
12/30/2021,Japan,Display Tablet,Cintiq 16,Training,224,191518.1,12510.69,204028.79
12/31/2021,North America,Display Tablet,Wacom One Display,Support Plan,179,147307.43,21756.42,169063.85
1/1/2022,APAC,Mobile Studio,MobileStudio Pro 16,Support Plan,166,57330.92,9846.62,67177.54
1/2/2022,Japan,Accessories,Pro Pen 2,Extended Warranty,197,233146.64,22782.2,255928.84
1/3/2022,North America,Display Tablet,Cintiq Pro 24,Support Plan,199,187131.76,27293.74,214425.5
1/4/2022,Europe,Display Tablet,Cintiq Pro 24,Cloud Services,101,57918.95,4347.43,62266.38
1/5/2022,APAC,Mobile Studio,MobileStudio Pro 13,Extended Warranty,206,367355.33,41786.03,409141.36
1/6/2022,APAC,Display Tablet,Cintiq 16,Cloud Services,210,90434.46,10309.15,100743.61
1/7/2022,Europe,Mobile Studio,MobileStudio Pro 16,Training,214,379907.42,67588.01,447495.43
1/8/2022,Japan,Accessories,Wacom Stand,Cloud Services,182,114998.91,13411.13,128410.04
1/9/2022,North America,Pen Tablet,Wacom Intuos S,Extended Warranty,188,147075.33,21308.92,168384.25
1/10/2022,Japan,Accessories,ExpressKey Remote,Training,180,72825.3,11584.53,84409.83
1/11/2022,North America,Accessories,ExpressKey Remote,Support Plan,181,186945.4,8031.52,194976.92
1/12/2022,North America,Accessories,Pro Pen 2,Support Plan,189,104527.09,5131.5,109658.59
1/13/2022,Latin America,Pen Tablet,One by Wacom,Extended Warranty,173,266406.58,16452.1,282858.68
1/14/2022,Europe,Mobile Studio,MobileStudio Pro 16,Training,136,27674.79,4217.23,31892.02
1/15/2022,North America,Mobile Studio,MobileStudio Pro 16,Support Plan,171,279536.3,32685.93,312222.23
1/16/2022,Latin America,Mobile Studio,MobileStudio Pro 13,Support Plan,157,208289.53,25811.19,234100.72
1/17/2022,Latin America,Accessories,Wacom Stand,Training,209,188275.69,17011.33,205287.02
1/18/2022,APAC,Mobile Studio,MobileStudio Pro 13,Support Plan,236,307655.28,13100.36,320755.64
1/19/2022,Japan,Display Tablet,Cintiq 16,Extended Warranty,137,193969.44,29769.03,223738.47
1/20/2022,North America,Pen Tablet,Wacom Intuos M,Support Plan,148,165443.02,12305.53,177748.55
1/21/2022,Latin America,Pen Tablet,One by Wacom,Support Plan,117,92659.34,5998.15,98657.49
1/22/2022,Japan,Pen Tablet,Wacom Intuos M,Cloud Services,222,372708.12,15840.29,388548.41
1/23/2022,Japan,Display Tablet,Cintiq Pro 24,Cloud Services,181,252023.17,44312.79,296335.96
1/24/2022,Europe,Pen Tablet,Wacom Intuos M,Cloud Services,200,42885.71,6817.56,49703.27
1/25/2022,Latin America,Pen Tablet,Wacom Intuos S,Extended Warranty,155,164853.07,10138.66,174991.73
1/26/2022,APAC,Mobile Studio,MobileStudio Pro 16,Support Plan,221,340393.68,36131.3,376524.98
1/27/2022,Japan,Mobile Studio,MobileStudio Pro 16,Training,156,209191.96,19174.2,228366.16
1/28/2022,Europe,Accessories,Pro Pen 2,Support Plan,163,277298.48,39592.81,316891.29
1/29/2022,Latin America,Pen Tablet,One by Wacom,Cloud Services,178,275003.26,20305.68,295308.94
1/30/2022,Japan,Mobile Studio,MobileStudio Pro 16,Cloud Services,183,232745.57,41480.79,274226.36
1/31/2022,Japan,Mobile Studio,MobileStudio Pro 13,Support Plan,149,98987.53,4946.83,103934.36
2/1/2022,APAC,Display Tablet,Cintiq 16,Cloud Services,189,124037.04,19647.21,143684.25
2/2/2022,Europe,Mobile Studio,MobileStudio Pro 16,Cloud Services,216,371329.33,48685.45,420014.78
2/3/2022,Europe,Pen Tablet,One by Wacom,Cloud Services,154,49837.33,3058.85,52896.18
2/4/2022,North America,Pen Tablet,Wacom Intuos M,Support Plan,189,60562.15,6162.25,66724.4
2/5/2022,Japan,Mobile Studio,MobileStudio Pro 13,Extended Warranty,167,22564.2,2843.41,25407.61
2/6/2022,Europe,Display Tablet,Cintiq 16,Extended Warranty,104,10784.49,806.26,11590.75
2/7/2022,Europe,Display Tablet,Cintiq 16,Training,157,114591.28,13093.4,127684.68
2/8/2022,North America,Pen Tablet,Wacom Intuos S,Support Plan,187,125871.53,12458.67,138330.2
2/9/2022,North America,Mobile Studio,MobileStudio Pro 13,Cloud Services,201,23778.78,2953.14,26731.92
2/10/2022,Latin America,Pen Tablet,Wacom Intuos M,Training,192,224188.93,38130.67,262319.6
2/11/2022,APAC,Accessories,Wacom Stand,Support Plan,153,156185.31,9456.09,165641.4
2/12/2022,North America,Accessories,ExpressKey Remote,Cloud Services,176,151063.2,23863.7,174926.9
2/13/2022,North America,Mobile Studio,MobileStudio Pro 13,Training,251,225093.83,13129.49,238223.32
2/14/2022,APAC,Pen Tablet,One by Wacom,Cloud Services,186,176140.12,9282.28,185422.4
2/15/2022,North America,Mobile Studio,MobileStudio Pro 13,Cloud Services,180,315063.44,24019.49,339082.93
2/16/2022,APAC,Accessories,ExpressKey Remote,Cloud Services,121,67846.91,10839.67,78686.58
2/17/2022,Europe,Accessories,ExpressKey Remote,Extended Warranty,232,92974.29,7642.12,100616.41
2/18/2022,Japan,Pen Tablet,One by Wacom,Training,209,261178.96,17077.19,278256.15
2/19/2022,Europe,Mobile Studio,MobileStudio Pro 16,Training,216,146888.71,20615.13,167503.84
2/20/2022,APAC,Display Tablet,Cintiq 16,Training,140,148925.71,10415.32,159341.03
2/21/2022,Japan,Pen Tablet,Wacom Intuos M,Training,210,195449.6,11209.29,206658.89
2/22/2022,APAC,Accessories,Pro Pen 2,Extended Warranty,182,267165.82,45729.98,312895.8
2/23/2022,North America,Pen Tablet,Wacom Intuos S,Extended Warranty,136,243117.64,21349.46,264467.1
2/24/2022,North America,Mobile Studio,MobileStudio Pro 13,Extended Warranty,167,64463.58,8111.8,72575.38
2/25/2022,North America,Display Tablet,Wacom One Display,Cloud Services,172,25463.49,1404.44,26867.93
2/26/2022,Europe,Accessories,Pro Pen 2,Training,182,74958.48,6971.66,81930.14
2/27/2022,Latin America,Display Tablet,Cintiq 16,Training,143,33510.31,1458.66,34968.97
2/28/2022,Europe,Pen Tablet,One by Wacom,Cloud Services,220,368954.3,40802.92,409757.22
3/1/2022,Latin America,Accessories,ExpressKey Remote,Training,198,276285.54,43707.86,319993.4
3/2/2022,North America,Display Tablet,Cintiq Pro 24,Training,183,268462.06,22331.84,290793.9
3/3/2022,Japan,Pen Tablet,Wacom Intuos M,Support Plan,241,338498,17960,356458
3/4/2022,North America,Display Tablet,Cintiq 16,Support Plan,168,244383.46,30386.01,274769.47
3/5/2022,Europe,Mobile Studio,MobileStudio Pro 16,Support Plan,188,148968.44,6844.22,155812.66
3/6/2022,Japan,Mobile Studio,MobileStudio Pro 13,Training,199,161424.13,26331.12,187755.25
3/7/2022,Latin America,Pen Tablet,One by Wacom,Cloud Services,210,135204.15,14920.01,150124.16
3/8/2022,Japan,Pen Tablet,Wacom Intuos S,Training,178,60715.62,5420.1,66135.72
3/9/2022,Japan,Mobile Studio,MobileStudio Pro 16,Training,222,115786.64,20351.59,136138.23
3/10/2022,Japan,Pen Tablet,Wacom Intuos M,Cloud Services,148,48013.98,5459.4,53473.38
3/11/2022,Europe,Mobile Studio,MobileStudio Pro 13,Cloud Services,230,122620.55,20863.13,143483.68
3/12/2022,Europe,Accessories,Pro Pen 2,Extended Warranty,151,27364.14,3384.94,30749.08
3/13/2022,North America,Pen Tablet,Wacom Intuos M,Support Plan,185,97072.89,12892.19,109965.08
3/14/2022,Europe,Display Tablet,Wacom One Display,Cloud Services,188,75176.69,6409.36,81586.05
3/15/2022,Europe,Pen Tablet,Wacom Intuos S,Extended Warranty,150,52323.16,2855.86,55179.02
3/16/2022,APAC,Mobile Studio,MobileStudio Pro 16,Training,232,211047.32,35694.45,246741.77
3/17/2022,Latin America,Accessories,Pro Pen 2,Support Plan,111,189775.37,15952.6,205727.97
3/18/2022,APAC,Display Tablet,Cintiq 16,Training,168,68355.47,11331.46,79686.93
3/19/2022,Japan,Accessories,Pro Pen 2,Extended Warranty,200,29330.46,3857.61,33188.07
3/20/2022,Japan,Pen Tablet,Wacom Intuos S,Extended Warranty,105,179943.16,26054.33,205997.49
3/21/2022,Japan,Display Tablet,Cintiq Pro 24,Support Plan,161,114881.87,13234.87,128116.74
3/22/2022,Latin America,Display Tablet,Wacom One Display,Support Plan,140,72495.47,6816.68,79312.15
3/23/2022,APAC,Pen Tablet,One by Wacom,Training,180,134572.43,11889.97,146462.4
3/24/2022,Latin America,Mobile Studio,MobileStudio Pro 16,Cloud Services,183,199567.64,34977.89,234545.53
3/25/2022,North America,Display Tablet,Cintiq 16,Cloud Services,197,35656.24,3568.26,39224.5
3/26/2022,Japan,Accessories,Wacom Stand,Cloud Services,231,55345.52,6568.48,61914
3/27/2022,APAC,Pen Tablet,One by Wacom,Cloud Services,176,233077.14,37691.06,270768.2
3/28/2022,Latin America,Mobile Studio,MobileStudio Pro 16,Extended Warranty,183,279811.14,45236.38,325047.52
3/29/2022,North America,Pen Tablet,One by Wacom,Extended Warranty,203,316638.37,41408.6,358046.97
3/30/2022,North America,Display Tablet,Cintiq 16,Support Plan,128,165183.7,11333.31,176517.01
3/31/2022,Japan,Mobile Studio,MobileStudio Pro 13,Cloud Services,176,74561.92,6033.82,80595.74
4/1/2022,North America,Pen Tablet,Wacom Intuos M,Extended Warranty,124,75531,6184.29,81715.29
4/2/2022,North America,Mobile Studio,MobileStudio Pro 13,Extended Warranty,150,13253.19,1883.67,15136.86
4/3/2022,Europe,Accessories,Wacom Stand,Cloud Services,207,189611.55,19161.97,208773.52
4/4/2022,APAC,Pen Tablet,One by Wacom,Extended Warranty,189,209572.41,34733.86,244306.27
4/5/2022,Latin America,Mobile Studio,MobileStudio Pro 16,Support Plan,185,72300.71,6456.23,78756.94
4/6/2022,Europe,Pen Tablet,One by Wacom,Support Plan,171,159648.45,26931.8,186580.25
4/7/2022,Latin America,Accessories,Pro Pen 2,Support Plan,205,44705.78,3432.61,48138.39
4/8/2022,Europe,Display Tablet,Cintiq Pro 24,Support Plan,255,271998.8,29843.64,301842.44
4/9/2022,North America,Accessories,ExpressKey Remote,Training,224,71312.31,7129.45,78441.76
4/10/2022,Europe,Pen Tablet,Wacom Intuos M,Cloud Services,271,286317.58,14224.14,300541.72
4/11/2022,APAC,Display Tablet,Wacom One Display,Support Plan,228,131205.6,18542.54,149748.14
4/12/2022,Latin America,Pen Tablet,One by Wacom,Cloud Services,149,34710.66,1503.87,36214.53
4/13/2022,Japan,Accessories,Pro Pen 2,Cloud Services,69,70589.08,7035.91,77624.99
4/14/2022,Latin America,Display Tablet,Cintiq Pro 24,Training,180,320622.86,19563.81,340186.67
4/15/2022,Latin America,Mobile Studio,MobileStudio Pro 16,Support Plan,234,375452.04,49983.91,425435.95
4/16/2022,APAC,Accessories,Wacom Stand,Training,196,139261.81,15736.87,154998.68
4/17/2022,Japan,Display Tablet,Cintiq 16,Training,225,115080.07,10484.56,125564.63
4/18/2022,Latin America,Pen Tablet,One by Wacom,Cloud Services,238,73806.81,10121.89,83928.7
4/19/2022,North America,Accessories,Wacom Stand,Support Plan,190,18016.12,839.82,18855.94
4/20/2022,North America,Display Tablet,Cintiq Pro 24,Cloud Services,213,291103.28,14572.83,305676.11
4/21/2022,Europe,Accessories,ExpressKey Remote,Cloud Services,97,9584.35,1182,10766.35
4/22/2022,Latin America,Pen Tablet,Wacom Intuos M,Training,152,44559.19,5246.21,49805.4
4/23/2022,Europe,Mobile Studio,MobileStudio Pro 16,Cloud Services,178,287500.5,43932.43,331432.93
4/24/2022,Japan,Pen Tablet,One by Wacom,Extended Warranty,192,124268.32,21184.3,145452.62
4/25/2022,Latin America,Mobile Studio,MobileStudio Pro 16,Cloud Services,165,165724.78,17930.78,183655.56
4/26/2022,Europe,Display Tablet,Wacom One Display,Support Plan,164,32124.94,5474.24,37599.18
4/27/2022,North America,Accessories,Pro Pen 2,Support Plan,175,43177.3,7169.11,50346.41
4/28/2022,North America,Accessories,Wacom Stand,Support Plan,152,177292.97,25889.9,203182.87
4/29/2022,Latin America,Pen Tablet,Wacom Intuos M,Extended Warranty,118,74887.16,10305.84,85193
4/30/2022,North America,Pen Tablet,Wacom Intuos M,Extended Warranty,206,171363.21,24994.51,196357.72
5/1/2022,Japan,Display Tablet,Cintiq Pro 24,Support Plan,113,113885.12,12230.41,126115.53
5/2/2022,North America,Accessories,ExpressKey Remote,Support Plan,172,186228.29,22706.22,208934.51
5/3/2022,APAC,Display Tablet,Cintiq 16,Extended Warranty,191,274890.68,35039.35,309930.03
5/4/2022,North America,Accessories,ExpressKey Remote,Extended Warranty,114,62680.53,7135.3,69815.83
5/5/2022,Japan,Accessories,Wacom Stand,Extended Warranty,143,157115.95,11162.04,168277.99
5/6/2022,Latin America,Pen Tablet,Wacom Intuos M,Cloud Services,234,256731.62,22439.06,279170.68
5/7/2022,Latin America,Mobile Studio,MobileStudio Pro 13,Cloud Services,105,102267.51,9362.85,111630.36
5/8/2022,APAC,Display Tablet,Wacom One Display,Support Plan,225,162499.43,27979.17,190478.6
5/9/2022,Latin America,Display Tablet,Cintiq 16,Support Plan,119,78764.37,12145.65,90910.02
5/10/2022,Latin America,Accessories,ExpressKey Remote,Cloud Services,141,38156.25,4777.63,42933.88
5/11/2022,North America,Accessories,Wacom Stand,Training,219,365309.66,59806.04,425115.7
5/12/2022,Latin America,Mobile Studio,MobileStudio Pro 16,Extended Warranty,209,311296.16,34181.57,345477.73
5/13/2022,APAC,Pen Tablet,One by Wacom,Extended Warranty,210,316289.16,24926.03,341215.19
5/14/2022,Japan,Accessories,Pro Pen 2,Cloud Services,146,145380.14,18888.43,164268.57
5/15/2022,APAC,Accessories,ExpressKey Remote,Training,106,26119.99,1895.85,28015.84
5/16/2022,Europe,Display Tablet,Cintiq Pro 24,Support Plan,132,135117.34,9474.21,144591.55
5/17/2022,Europe,Display Tablet,Wacom One Display,Extended Warranty,206,238340.76,39971.83,278312.59
5/18/2022,Latin America,Display Tablet,Wacom One Display,Cloud Services,203,305724.22,39248.88,344973.1
5/19/2022,APAC,Mobile Studio,MobileStudio Pro 16,Extended Warranty,210,22753.37,3962.11,26715.48
5/20/2022,North America,Accessories,ExpressKey Remote,Cloud Services,178,18035.53,2008.49,20044.02
5/21/2022,North America,Display Tablet,Cintiq 16,Training,235,119779.7,13637.67,133417.37
5/22/2022,North America,Accessories,ExpressKey Remote,Cloud Services,151,95103.54,7718.08,102821.62
5/23/2022,Europe,Mobile Studio,MobileStudio Pro 16,Training,175,299950.53,23975.33,323925.86
5/24/2022,Latin America,Mobile Studio,MobileStudio Pro 16,Support Plan,189,165866.01,7354.38,173220.39
5/25/2022,APAC,Accessories,ExpressKey Remote,Extended Warranty,240,232441.96,28951.17,261393.13
5/26/2022,Japan,Display Tablet,Cintiq 16,Support Plan,248,299235.06,53676.11,352911.17
5/27/2022,APAC,Display Tablet,Wacom One Display,Extended Warranty,180,270369.49,31451.73,301821.22
5/28/2022,Europe,Pen Tablet,Wacom Intuos S,Extended Warranty,251,72874.84,12364.35,85239.19
5/29/2022,Europe,Display Tablet,Wacom One Display,Cloud Services,255,105763.93,4288.22,110052.15
5/30/2022,Latin America,Mobile Studio,MobileStudio Pro 13,Training,158,135228.26,13026.8,148255.06
5/31/2022,APAC,Accessories,Wacom Stand,Cloud Services,173,50859.56,4137.66,54997.22
6/1/2022,Japan,Mobile Studio,MobileStudio Pro 16,Support Plan,204,347026.02,60067.8,407093.82
6/2/2022,Latin America,Display Tablet,Cintiq 16,Extended Warranty,211,290325.9,12896.68,303222.58
6/3/2022,Japan,Pen Tablet,One by Wacom,Extended Warranty,110,134817.1,12021.8,146838.9
6/4/2022,Latin America,Display Tablet,Cintiq Pro 24,Cloud Services,96,135300.44,10547.93,145848.37
6/5/2022,Europe,Pen Tablet,Wacom Intuos S,Support Plan,237,354475.28,58949.58,413424.86
6/6/2022,Latin America,Display Tablet,Cintiq Pro 24,Cloud Services,247,415636.23,49863.81,465500.04
6/7/2022,APAC,Pen Tablet,Wacom Intuos S,Extended Warranty,107,61665.3,4549.91,66215.21
6/8/2022,Japan,Accessories,Pro Pen 2,Training,187,217642.08,24579.75,242221.83
6/9/2022,Europe,Pen Tablet,Wacom Intuos S,Training,230,343953.43,23310.97,367264.4
6/10/2022,Latin America,Mobile Studio,MobileStudio Pro 16,Cloud Services,193,301897.04,24377.3,326274.34
6/11/2022,Europe,Accessories,Wacom Stand,Extended Warranty,192,234830.8,37217.87,272048.67
6/12/2022,North America,Pen Tablet,Wacom Intuos M,Training,208,283020.85,29264.87,312285.72
6/13/2022,Europe,Accessories,Wacom Stand,Training,103,27008.75,1934.06,28942.81
6/14/2022,APAC,Display Tablet,Cintiq Pro 24,Training,188,94580.42,10292.76,104873.18
6/15/2022,Europe,Mobile Studio,MobileStudio Pro 16,Cloud Services,213,227631.32,23996.5,251627.82
6/16/2022,Japan,Display Tablet,Cintiq 16,Training,164,146228.11,17763.77,163991.88
6/17/2022,North America,Pen Tablet,Wacom Intuos S,Training,149,203014.67,17823.26,220837.93
6/18/2022,Japan,Mobile Studio,MobileStudio Pro 16,Cloud Services,188,203456.2,16265.04,219721.24
6/19/2022,Europe,Accessories,Wacom Stand,Support Plan,147,76265.72,8508.21,84773.93
6/20/2022,Europe,Pen Tablet,Wacom Intuos M,Training,180,319958.04,51986.5,371944.54
6/21/2022,Latin America,Pen Tablet,One by Wacom,Cloud Services,166,125575.55,20331.02,145906.57
6/22/2022,APAC,Accessories,Wacom Stand,Extended Warranty,176,259978.53,36224.93,296203.46
6/23/2022,Japan,Pen Tablet,Wacom Intuos S,Cloud Services,245,91402.98,11881.7,103284.68
6/24/2022,North America,Accessories,Wacom Stand,Support Plan,104,162257.61,11633.17,173890.78
6/25/2022,Japan,Display Tablet,Cintiq 16,Cloud Services,190,197059.65,22015.6,219075.25
6/26/2022,Europe,Accessories,Wacom Stand,Training,151,55696.85,8004.42,63701.27
6/27/2022,Europe,Accessories,Wacom Stand,Support Plan,164,264990.64,10700.06,275690.7
6/28/2022,North America,Mobile Studio,MobileStudio Pro 13,Extended Warranty,237,129856.5,13557.7,143414.2
6/29/2022,North America,Accessories,Pro Pen 2,Extended Warranty,242,258820.77,13726.64,272547.41
6/30/2022,Japan,Display Tablet,Cintiq Pro 24,Support Plan,171,119729.41,17909.91,137639.32
7/1/2022,APAC,Pen Tablet,One by Wacom,Support Plan,109,14894.84,1065.6,15960.44
7/2/2022,Japan,Pen Tablet,Wacom Intuos M,Cloud Services,138,220409.97,33425.7,253835.67
7/3/2022,Japan,Accessories,Wacom Stand,Extended Warranty,199,195648.91,25706.35,221355.26
7/4/2022,APAC,Accessories,Wacom Stand,Support Plan,135,27624.04,4758.87,32382.91
7/5/2022,North America,Mobile Studio,MobileStudio Pro 13,Extended Warranty,196,349766,21912.68,371678.68
7/6/2022,Europe,Display Tablet,Cintiq Pro 24,Cloud Services,208,286423.44,25681.17,312104.61
7/7/2022,Japan,Mobile Studio,MobileStudio Pro 16,Extended Warranty,184,57514.86,3242.26,60757.12
7/8/2022,North America,Accessories,Pro Pen 2,Extended Warranty,231,104552.8,14309.51,118862.31
7/9/2022,APAC,Pen Tablet,Wacom Intuos M,Extended Warranty,143,106236.48,16681.34,122917.82
7/10/2022,Japan,Mobile Studio,MobileStudio Pro 13,Extended Warranty,127,195090.91,23635.86,218726.77
7/11/2022,Latin America,Mobile Studio,MobileStudio Pro 16,Training,142,199521.37,35864.36,235385.73
7/12/2022,APAC,Pen Tablet,Wacom Intuos S,Support Plan,205,58367.92,4334.82,62702.74
7/13/2022,Japan,Mobile Studio,MobileStudio Pro 13,Extended Warranty,221,80686.01,3735.36,84421.37
7/14/2022,Europe,Pen Tablet,Wacom Intuos M,Extended Warranty,195,25089.24,2965.91,28055.15
7/15/2022,APAC,Mobile Studio,MobileStudio Pro 13,Extended Warranty,132,220188.88,17679.68,237868.56
7/16/2022,APAC,Mobile Studio,MobileStudio Pro 16,Support Plan,152,268569.23,38531.75,307100.98
7/17/2022,Europe,Pen Tablet,Wacom Intuos S,Support Plan,152,204672.42,14546.8,219219.22
7/18/2022,Japan,Accessories,ExpressKey Remote,Training,218,273854.4,35612.97,309467.37
7/19/2022,Japan,Accessories,ExpressKey Remote,Training,285,45183.65,6785.31,51968.96
7/20/2022,Japan,Display Tablet,Cintiq 16,Training,240,105651.58,12920.67,118572.25
7/21/2022,Japan,Accessories,Pro Pen 2,Support Plan,183,133137.52,12412.81,145550.33
7/22/2022,Europe,Display Tablet,Cintiq 16,Cloud Services,239,330733.53,56732.8,387466.33
7/23/2022,Latin America,Display Tablet,Cintiq 16,Training,207,164112.69,18633.3,182745.99
7/24/2022,Japan,Pen Tablet,One by Wacom,Support Plan,169,49522.72,4826.57,54349.29
7/25/2022,Europe,Mobile Studio,MobileStudio Pro 16,Cloud Services,184,211399.16,22003.04,233402.2
7/26/2022,Japan,Pen Tablet,One by Wacom,Support Plan,157,71103.09,5577.31,76680.4
7/27/2022,Europe,Pen Tablet,Wacom Intuos S,Extended Warranty,180,64514.75,3425.69,67940.44
7/28/2022,Europe,Display Tablet,Cintiq 16,Training,213,98307.18,4265.76,102572.94
7/29/2022,Europe,Display Tablet,Cintiq Pro 24,Support Plan,180,59770.9,10602.09,70372.99
7/30/2022,APAC,Mobile Studio,MobileStudio Pro 16,Extended Warranty,279,64760,11425.61,76185.61
7/31/2022,Latin America,Display Tablet,Wacom One Display,Extended Warranty,199,147339.03,25102.75,172441.78
8/1/2022,Japan,Display Tablet,Wacom One Display,Cloud Services,183,218848.39,38409.41,257257.8
8/2/2022,Japan,Mobile Studio,MobileStudio Pro 13,Cloud Services,153,197609.08,12031.58,209640.66
8/3/2022,North America,Mobile Studio,MobileStudio Pro 16,Extended Warranty,219,75899.82,5630,81529.82
8/4/2022,Latin America,Display Tablet,Cintiq Pro 24,Support Plan,147,264445.78,10854.87,275300.65
8/5/2022,North America,Accessories,Pro Pen 2,Extended Warranty,144,157599.18,21395.67,178994.85
8/6/2022,Japan,Display Tablet,Cintiq 16,Training,136,149897.35,10353.29,160250.64
8/7/2022,APAC,Accessories,ExpressKey Remote,Cloud Services,202,180079.24,15310.66,195389.9
8/8/2022,Latin America,Mobile Studio,MobileStudio Pro 13,Support Plan,184,326967.37,23262.92,350230.29
8/9/2022,Latin America,Pen Tablet,Wacom Intuos M,Support Plan,195,155890.21,13315.64,169205.85
8/10/2022,North America,Mobile Studio,MobileStudio Pro 16,Cloud Services,179,61603.55,9162.69,70766.24
8/11/2022,Japan,Pen Tablet,One by Wacom,Cloud Services,166,109323.53,6776.26,116099.79
8/12/2022,Europe,Mobile Studio,MobileStudio Pro 13,Support Plan,154,223498.81,39284.64,262783.45
8/13/2022,APAC,Accessories,Pro Pen 2,Extended Warranty,183,185536.33,15745.3,201281.63
8/14/2022,North America,Accessories,Pro Pen 2,Extended Warranty,220,195120.09,25582.92,220703.01
8/15/2022,Europe,Display Tablet,Wacom One Display,Cloud Services,180,268125.86,35271.09,303396.95
8/16/2022,Europe,Mobile Studio,MobileStudio Pro 16,Extended Warranty,179,203236.84,16045.63,219282.47
8/17/2022,APAC,Mobile Studio,MobileStudio Pro 13,Extended Warranty,253,125241.26,6074.08,131315.34
8/18/2022,Latin America,Accessories,ExpressKey Remote,Support Plan,129,185797.16,28810.32,214607.48
8/19/2022,Latin America,Pen Tablet,One by Wacom,Extended Warranty,191,170632.9,22475.07,193107.97
8/20/2022,Latin America,Pen Tablet,One by Wacom,Cloud Services,227,341921.1,42115.6,384036.7
8/21/2022,Europe,Display Tablet,Wacom One Display,Extended Warranty,236,333231.69,40853.52,374085.21
8/22/2022,Europe,Mobile Studio,MobileStudio Pro 13,Support Plan,180,105092.96,17288.03,122380.99
8/23/2022,Japan,Display Tablet,Cintiq Pro 24,Extended Warranty,196,254679.38,43993.49,298672.87
8/24/2022,Japan,Pen Tablet,One by Wacom,Training,168,227944.44,24251.91,252196.35
8/25/2022,North America,Pen Tablet,Wacom Intuos S,Training,184,99199.16,15907.11,115106.27
8/26/2022,APAC,Pen Tablet,Wacom Intuos S,Training,192,36646.42,2768.44,39414.86
8/27/2022,North America,Display Tablet,Wacom One Display,Cloud Services,152,173673.96,7068.16,180742.12
8/28/2022,Japan,Display Tablet,Wacom One Display,Extended Warranty,178,297217.68,43709.25,340926.93
8/29/2022,Europe,Display Tablet,Cintiq 16,Extended Warranty,126,109983.76,14292.79,124276.55
8/30/2022,APAC,Mobile Studio,MobileStudio Pro 16,Support Plan,176,43608.73,5703.27,49312
8/31/2022,APAC,Pen Tablet,Wacom Intuos M,Extended Warranty,162,55219.58,3875.3,59094.88
9/1/2022,Europe,Mobile Studio,MobileStudio Pro 13,Extended Warranty,205,102602.18,16785.03,119387.21
9/2/2022,North America,Display Tablet,Cintiq 16,Training,149,58548.34,8338.91,66887.25
9/3/2022,Europe,Pen Tablet,Wacom Intuos S,Support Plan,229,339632.97,47989.56,387622.53
9/4/2022,North America,Pen Tablet,Wacom Intuos M,Cloud Services,161,182066.68,22800.77,204867.45
9/5/2022,Europe,Accessories,Pro Pen 2,Support Plan,274,332641.59,49672.92,382314.51
9/6/2022,Japan,Accessories,Wacom Stand,Training,157,135053.97,15741.06,150795.03
9/7/2022,Europe,Accessories,Wacom Stand,Cloud Services,158,243707.31,42658.86,286366.17
9/8/2022,Latin America,Pen Tablet,Wacom Intuos S,Support Plan,149,111939.97,8515.97,120455.94
9/9/2022,Latin America,Pen Tablet,One by Wacom,Cloud Services,125,216266.54,31686.82,247953.36
9/10/2022,North America,Display Tablet,Cintiq 16,Extended Warranty,130,154941.09,10247.32,165188.41
9/11/2022,Europe,Pen Tablet,Wacom Intuos M,Training,176,229363.2,30253.65,259616.85
9/12/2022,Japan,Pen Tablet,Wacom Intuos S,Extended Warranty,144,178289.96,13886.2,192176.16
9/13/2022,APAC,Accessories,Pro Pen 2,Support Plan,200,129950.36,13460.92,143411.28
9/14/2022,APAC,Pen Tablet,One by Wacom,Support Plan,143,43138.69,5886.08,49024.77
9/15/2022,North America,Mobile Studio,MobileStudio Pro 16,Training,161,40105.83,1845.43,41951.26
9/16/2022,Japan,Display Tablet,Cintiq Pro 24,Cloud Services,278,49407.94,7350.27,56758.21
9/17/2022,North America,Pen Tablet,Wacom Intuos S,Training,197,353249.98,17278.48,370528.46
9/18/2022,Japan,Display Tablet,Cintiq Pro 24,Extended Warranty,117,152585.95,24441.34,177027.29
9/19/2022,Europe,Display Tablet,Wacom One Display,Support Plan,110,75750.05,4342.77,80092.82
9/20/2022,Japan,Display Tablet,Wacom One Display,Training,189,33621.34,5656.58,39277.92
9/21/2022,APAC,Display Tablet,Wacom One Display,Cloud Services,143,46506.83,6515.11,53021.94
9/22/2022,North America,Pen Tablet,Wacom Intuos S,Extended Warranty,217,87738.16,4450.91,92189.07
9/23/2022,Europe,Accessories,ExpressKey Remote,Cloud Services,153,199284.01,35441.05,234725.06
9/24/2022,Europe,Display Tablet,Cintiq Pro 24,Support Plan,211,149229.05,6060.33,155289.38
9/25/2022,APAC,Pen Tablet,Wacom Intuos S,Cloud Services,185,171199.49,11013.05,182212.54
9/26/2022,Latin America,Pen Tablet,One by Wacom,Support Plan,244,382154.77,22952.92,405107.69
9/27/2022,Europe,Mobile Studio,MobileStudio Pro 13,Support Plan,173,178519.04,24633.68,203152.72
9/28/2022,APAC,Pen Tablet,Wacom Intuos S,Training,207,50063.12,3084.01,53147.13
9/29/2022,Japan,Mobile Studio,MobileStudio Pro 16,Cloud Services,196,324711.26,42509.56,367220.82
9/30/2022,Latin America,Mobile Studio,MobileStudio Pro 16,Training,182,34147.26,1889.31,36036.57
10/1/2022,APAC,Accessories,Pro Pen 2,Training,222,319661.34,39200.02,358861.36
10/2/2022,Latin America,Mobile Studio,MobileStudio Pro 13,Extended Warranty,148,15147.59,1200.94,16348.53
10/3/2022,Latin America,Pen Tablet,One by Wacom,Training,213,295446.64,40587.66,336034.3
10/4/2022,APAC,Pen Tablet,One by Wacom,Cloud Services,143,59362.28,7760.62,67122.9
10/5/2022,North America,Display Tablet,Cintiq 16,Training,286,277844.24,15000.94,292845.18
10/6/2022,North America,Mobile Studio,MobileStudio Pro 13,Support Plan,201,114563.42,10279.62,124843.04
10/7/2022,APAC,Mobile Studio,MobileStudio Pro 13,Cloud Services,144,239177.52,19610.04,258787.56
10/8/2022,Latin America,Pen Tablet,One by Wacom,Extended Warranty,207,302070.91,49273.59,351344.5
10/9/2022,North America,Display Tablet,Cintiq 16,Cloud Services,214,116840.38,12672.11,129512.49
10/10/2022,Europe,Mobile Studio,MobileStudio Pro 13,Cloud Services,120,73325.69,8736.34,82062.03
10/11/2022,North America,Pen Tablet,One by Wacom,Support Plan,140,28483.92,3041.84,31525.76
10/12/2022,North America,Accessories,ExpressKey Remote,Support Plan,147,204780.91,35471.31,240252.22
10/13/2022,Latin America,Display Tablet,Wacom One Display,Cloud Services,127,150324.3,20953.66,171277.96
10/14/2022,Japan,Mobile Studio,MobileStudio Pro 16,Cloud Services,226,225407.15,19235.3,244642.45
10/15/2022,APAC,Accessories,Pro Pen 2,Extended Warranty,199,110264.37,5865.2,116129.57
10/16/2022,Latin America,Pen Tablet,One by Wacom,Extended Warranty,177,142345.96,7490.82,149836.78
10/17/2022,Japan,Pen Tablet,Wacom Intuos S,Training,127,136642.57,14869.34,151511.91
10/18/2022,North America,Pen Tablet,Wacom Intuos S,Cloud Services,183,171069.29,18320.01,189389.3
10/19/2022,North America,Pen Tablet,One by Wacom,Cloud Services,143,74390.78,13384.18,87774.96
10/20/2022,Europe,Pen Tablet,Wacom Intuos M,Support Plan,121,14987.39,1857.64,16845.03
10/21/2022,North America,Display Tablet,Wacom One Display,Cloud Services,160,163074.08,20601.06,183675.14
10/22/2022,Japan,Display Tablet,Wacom One Display,Support Plan,133,33924.56,1763.33,35687.89
10/23/2022,Europe,Accessories,Pro Pen 2,Support Plan,199,258145.02,39286.79,297431.81
10/24/2022,Europe,Mobile Studio,MobileStudio Pro 16,Cloud Services,187,287959.05,31936.46,319895.51
10/25/2022,North America,Mobile Studio,MobileStudio Pro 13,Cloud Services,165,20635.98,1526.53,22162.51
10/26/2022,North America,Display Tablet,Cintiq 16,Training,166,265430.39,21480.58,286910.97
10/27/2022,North America,Accessories,ExpressKey Remote,Training,160,56171.94,3060.89,59232.83
10/28/2022,Japan,Mobile Studio,MobileStudio Pro 16,Extended Warranty,147,160840.75,23858.95,184699.7
10/29/2022,Latin America,Display Tablet,Cintiq 16,Support Plan,103,15100.1,1299.4,16399.5
10/30/2022,Europe,Pen Tablet,Wacom Intuos S,Training,164,148690.23,20060.1,168750.33
10/31/2022,Latin America,Pen Tablet,Wacom Intuos M,Training,150,162968.14,20126.65,183094.79
11/1/2022,APAC,Pen Tablet,One by Wacom,Training,138,164709.43,9702.56,174411.99
11/2/2022,North America,Display Tablet,Cintiq 16,Cloud Services,156,241937.59,15204.55,257142.14
11/3/2022,APAC,Display Tablet,Cintiq 16,Training,186,307733.79,31908.77,339642.56
11/4/2022,North America,Display Tablet,Cintiq Pro 24,Training,303,504952.55,59562.45,564515
11/5/2022,Japan,Mobile Studio,MobileStudio Pro 13,Extended Warranty,162,276143.75,28028.06,304171.81
11/6/2022,Latin America,Pen Tablet,One by Wacom,Support Plan,223,391469.49,17212.18,408681.67
11/7/2022,Latin America,Pen Tablet,Wacom Intuos M,Cloud Services,210,56593.42,7746.17,64339.59
11/8/2022,Latin America,Display Tablet,Cintiq 16,Support Plan,216,211742.43,35362.6,247105.03
11/9/2022,Latin America,Pen Tablet,Wacom Intuos M,Cloud Services,169,86687.25,9608.12,96295.37
11/10/2022,APAC,Mobile Studio,MobileStudio Pro 13,Extended Warranty,182,174577.58,8312.25,182889.83
11/11/2022,APAC,Display Tablet,Wacom One Display,Support Plan,114,163393.14,7846.53,171239.67
11/12/2022,Europe,Pen Tablet,Wacom Intuos M,Cloud Services,121,146831.93,14149.58,160981.51
11/13/2022,Europe,Display Tablet,Wacom One Display,Extended Warranty,143,227509.01,38540.16,266049.17
11/14/2022,APAC,Display Tablet,Cintiq Pro 24,Extended Warranty,166,294405.1,21993.9,316399
11/15/2022,North America,Mobile Studio,MobileStudio Pro 13,Extended Warranty,139,88184.75,3614.86,91799.61
11/16/2022,Europe,Mobile Studio,MobileStudio Pro 16,Training,142,21235.09,1932.62,23167.71
11/17/2022,North America,Pen Tablet,Wacom Intuos M,Training,192,265202.07,22789.9,287991.97
11/18/2022,North America,Accessories,Wacom Stand,Extended Warranty,156,12746.3,572.47,13318.77
11/19/2022,APAC,Pen Tablet,Wacom Intuos M,Cloud Services,141,230106.57,9862.83,239969.4
11/20/2022,Europe,Pen Tablet,Wacom Intuos M,Training,153,14007.33,1125.46,15132.79
11/21/2022,North America,Mobile Studio,MobileStudio Pro 16,Cloud Services,118,70582.96,5890.2,76473.16
11/22/2022,Latin America,Accessories,Wacom Stand,Training,138,142141.7,13834.7,155976.4
11/23/2022,APAC,Display Tablet,Cintiq 16,Training,105,172574.61,29423.18,201997.79
11/24/2022,Europe,Display Tablet,Cintiq 16,Training,222,337865.48,40144.34,378009.82
11/25/2022,North America,Mobile Studio,MobileStudio Pro 16,Extended Warranty,165,224952.7,15569.05,240521.75
11/26/2022,Europe,Mobile Studio,MobileStudio Pro 13,Extended Warranty,178,276301.48,34649.15,310950.63
11/27/2022,Japan,Display Tablet,Wacom One Display,Cloud Services,135,186877.15,17732.01,204609.16
11/28/2022,Latin America,Display Tablet,Cintiq Pro 24,Training,229,18572.99,2419.73,20992.72
11/29/2022,North America,Accessories,Wacom Stand,Extended Warranty,292,430142.49,58237.93,488380.42
11/30/2022,Japan,Display Tablet,Wacom One Display,Cloud Services,211,375422.8,66065.62,441488.42
12/1/2022,Latin America,Display Tablet,Cintiq Pro 24,Cloud Services,128,48145.09,5588.16,53733.25
12/2/2022,Japan,Accessories,Wacom Stand,Extended Warranty,257,69032.29,6442.9,75475.19
12/3/2022,Latin America,Accessories,ExpressKey Remote,Training,224,77071.38,12120.74,89192.12
12/4/2022,Japan,Accessories,ExpressKey Remote,Support Plan,178,159199.23,10031.62,169230.85
12/5/2022,Europe,Mobile Studio,MobileStudio Pro 16,Cloud Services,238,261453.55,16111.36,277564.91
12/6/2022,Europe,Pen Tablet,One by Wacom,Cloud Services,210,336783,24091.67,360874.67
12/7/2022,APAC,Pen Tablet,One by Wacom,Training,199,357394.95,20022.1,377417.05
12/8/2022,Japan,Pen Tablet,Wacom Intuos M,Cloud Services,217,145768.43,16426.89,162195.32
12/9/2022,North America,Display Tablet,Wacom One Display,Cloud Services,127,212400.97,27012.47,239413.44
12/10/2022,Japan,Display Tablet,Cintiq 16,Extended Warranty,180,294435.17,19380.44,313815.61
12/11/2022,Europe,Display Tablet,Cintiq Pro 24,Cloud Services,214,194868.71,30634.96,225503.67
12/12/2022,North America,Pen Tablet,One by Wacom,Cloud Services,170,103381.98,10586.58,113968.56
12/13/2022,Japan,Display Tablet,Wacom One Display,Training,237,123591.36,17839.1,141430.46
12/14/2022,North America,Pen Tablet,One by Wacom,Cloud Services,203,156497.14,22089.09,178586.23
12/15/2022,Latin America,Display Tablet,Cintiq Pro 24,Cloud Services,186,169789.59,25317.34,195106.93
12/16/2022,Japan,Display Tablet,Wacom One Display,Cloud Services,138,202349.92,10552.97,212902.89
12/17/2022,Japan,Display Tablet,Wacom One Display,Cloud Services,194,161777.39,12967.59,174744.98
12/18/2022,North America,Display Tablet,Wacom One Display,Extended Warranty,206,347964.38,14113.59,362077.97
12/19/2022,Europe,Mobile Studio,MobileStudio Pro 13,Support Plan,143,66972.46,8830.1,75802.56
12/20/2022,Japan,Display Tablet,Wacom One Display,Extended Warranty,175,195369.59,26811.47,222181.06
12/21/2022,Europe,Display Tablet,Cintiq 16,Support Plan,198,344236.1,43736.43,387972.53
12/22/2022,APAC,Pen Tablet,One by Wacom,Training,147,180769.27,21419.6,202188.87
12/23/2022,Europe,Accessories,Wacom Stand,Extended Warranty,169,68681.8,3770.25,72452.05
12/24/2022,Japan,Accessories,Wacom Stand,Extended Warranty,202,220809.39,10743.19,231552.58
12/25/2022,North America,Mobile Studio,MobileStudio Pro 16,Support Plan,217,216811.41,17067.41,233878.82
12/26/2022,North America,Mobile Studio,MobileStudio Pro 13,Cloud Services,146,24689.3,3600.26,28289.56
12/27/2022,Europe,Display Tablet,Cintiq 16,Training,235,366079.94,29881.69,395961.63
12/28/2022,Latin America,Accessories,Pro Pen 2,Training,214,134042.53,6918.08,140960.61
12/29/2022,Latin America,Mobile Studio,MobileStudio Pro 13,Training,178,31780.14,2217.44,33997.58
12/30/2022,Japan,Accessories,Wacom Stand,Cloud Services,202,99710.13,9848.72,109558.85
12/31/2022,Europe,Display Tablet,Wacom One Display,Support Plan,177,189463.13,17125.68,206588.81
1/1/2023,APAC,Accessories,ExpressKey Remote,Training,148,213113.87,34729.9,247843.77
1/2/2023,Latin America,Display Tablet,Wacom One Display,Extended Warranty,197,33831.91,4848.11,38680.02
1/3/2023,Latin America,Pen Tablet,One by Wacom,Training,109,43304.73,2305.45,45610.18
1/4/2023,Europe,Mobile Studio,MobileStudio Pro 13,Cloud Services,238,175174.09,7961.23,183135.32
1/5/2023,APAC,Pen Tablet,Wacom Intuos S,Support Plan,211,289777.88,28775.51,318553.39
1/6/2023,Japan,Display Tablet,Wacom One Display,Support Plan,161,131962.96,21598.16,153561.12
1/7/2023,Japan,Pen Tablet,One by Wacom,Extended Warranty,227,41910.41,2574.73,44485.14
1/8/2023,Europe,Mobile Studio,MobileStudio Pro 13,Extended Warranty,154,206793.59,33389.66,240183.25
1/9/2023,Latin America,Pen Tablet,Wacom Intuos M,Cloud Services,181,279780.43,43794.39,323574.82
1/10/2023,Japan,Display Tablet,Cintiq Pro 24,Cloud Services,227,203699.97,26350.67,230050.64
1/11/2023,APAC,Mobile Studio,MobileStudio Pro 16,Cloud Services,169,251798.18,38250.57,290048.75
1/12/2023,APAC,Accessories,Wacom Stand,Support Plan,246,339947.78,58157.92,398105.7
1/13/2023,Japan,Pen Tablet,Wacom Intuos M,Extended Warranty,236,86786.86,15317.43,102104.29
1/14/2023,Japan,Pen Tablet,One by Wacom,Extended Warranty,190,159389.23,11088.25,170477.48
1/15/2023,North America,Display Tablet,Wacom One Display,Cloud Services,170,39956.05,5609.14,45565.19
1/16/2023,Latin America,Pen Tablet,One by Wacom,Cloud Services,196,83195.3,4316.19,87511.49
1/17/2023,APAC,Mobile Studio,MobileStudio Pro 16,Training,180,158240.96,13946.45,172187.41
1/18/2023,Europe,Display Tablet,Wacom One Display,Training,201,73150.97,13046.09,86197.06
1/19/2023,Japan,Display Tablet,Wacom One Display,Support Plan,138,24905.24,3750.83,28656.07
1/20/2023,Europe,Accessories,ExpressKey Remote,Training,202,235271.83,40368.43,275640.26
1/21/2023,Japan,Display Tablet,Cintiq Pro 24,Extended Warranty,131,189029.22,20563.07,209592.29
1/22/2023,APAC,Display Tablet,Cintiq Pro 24,Support Plan,176,305246.09,15841.19,321087.28
1/23/2023,Europe,Display Tablet,Cintiq Pro 24,Cloud Services,152,149366.64,25377.41,174744.05
1/24/2023,Japan,Pen Tablet,Wacom Intuos M,Support Plan,144,184436.46,13098.34,197534.8
1/25/2023,North America,Mobile Studio,MobileStudio Pro 13,Support Plan,172,180119.56,23673.58,203793.14
1/26/2023,Japan,Mobile Studio,MobileStudio Pro 16,Cloud Services,206,113383.23,4782.65,118165.88
1/27/2023,North America,Display Tablet,Wacom One Display,Training,210,24076.18,1493.75,25569.93
1/28/2023,APAC,Display Tablet,Cintiq 16,Extended Warranty,207,300739.84,35934.16,336674
1/29/2023,Latin America,Accessories,Pro Pen 2,Extended Warranty,189,155192.06,14686.79,169878.85
1/30/2023,North America,Accessories,ExpressKey Remote,Training,208,317496.29,46860.03,364356.32
1/31/2023,North America,Display Tablet,Cintiq 16,Extended Warranty,160,211751.44,24626.19,236377.63
2/1/2023,North America,Display Tablet,Wacom One Display,Training,149,171931.56,18332.67,190264.23
2/2/2023,APAC,Display Tablet,Cintiq 16,Training,113,65464.51,6649.85,72114.36
2/3/2023,Latin America,Mobile Studio,MobileStudio Pro 16,Support Plan,154,87275.62,11830.94,99106.56
2/4/2023,Japan,Accessories,ExpressKey Remote,Extended Warranty,172,230409.29,31972.26,262381.55
2/5/2023,North America,Mobile Studio,MobileStudio Pro 13,Training,210,117104.49,10696.8,127801.29
2/6/2023,Japan,Accessories,ExpressKey Remote,Extended Warranty,216,316090.51,32005.77,348096.28
2/7/2023,Japan,Mobile Studio,MobileStudio Pro 16,Support Plan,126,16195.74,2180.39,18376.13
2/8/2023,Europe,Pen Tablet,Wacom Intuos S,Cloud Services,143,150113.7,11413.78,161527.48
2/9/2023,APAC,Pen Tablet,Wacom Intuos S,Training,105,45186.3,2512.95,47699.25
2/10/2023,Japan,Accessories,Pro Pen 2,Cloud Services,166,13830.97,2398.43,16229.4
2/11/2023,Latin America,Pen Tablet,One by Wacom,Training,241,398399.68,55697.9,454097.58
2/12/2023,Europe,Accessories,ExpressKey Remote,Cloud Services,204,362600.74,57622.63,420223.37
2/13/2023,Japan,Accessories,Wacom Stand,Training,167,203890.68,22880.68,226771.36
2/14/2023,Latin America,Mobile Studio,MobileStudio Pro 16,Cloud Services,74,45512.2,4369.6,49881.8
2/15/2023,Japan,Accessories,Pro Pen 2,Support Plan,190,280003.21,38831.49,318834.7
2/16/2023,North America,Pen Tablet,Wacom Intuos S,Training,163,240946.14,39364.01,280310.15
2/17/2023,APAC,Mobile Studio,MobileStudio Pro 16,Cloud Services,167,149664.02,24119.92,173783.94
2/18/2023,Japan,Display Tablet,Cintiq 16,Training,166,161379.72,18765.07,180144.79
2/19/2023,APAC,Display Tablet,Cintiq 16,Training,134,210509.76,18617.51,229127.27
2/20/2023,North America,Display Tablet,Cintiq Pro 24,Support Plan,237,237705.78,37084.64,274790.42
2/21/2023,North America,Pen Tablet,One by Wacom,Cloud Services,173,188242.71,20974.62,209217.33
2/22/2023,APAC,Mobile Studio,MobileStudio Pro 13,Training,183,122504.53,16032.69,138537.22
2/23/2023,APAC,Display Tablet,Cintiq 16,Support Plan,147,58701.69,3916.81,62618.5
2/24/2023,Latin America,Display Tablet,Cintiq 16,Support Plan,183,80664.27,4255.72,84919.99
2/25/2023,Latin America,Accessories,Wacom Stand,Training,195,337257.45,58079.68,395337.13
2/26/2023,North America,Accessories,Wacom Stand,Support Plan,111,197714.76,34119.29,231834.05
2/27/2023,North America,Mobile Studio,MobileStudio Pro 13,Training,202,61232.73,8405.52,69638.25
2/28/2023,Latin America,Accessories,Pro Pen 2,Training,128,119872.54,7449.3,127321.84
3/1/2023,North America,Pen Tablet,Wacom Intuos S,Support Plan,127,41829.98,4729.47,46559.45
3/2/2023,Japan,Mobile Studio,MobileStudio Pro 13,Support Plan,229,39894.43,2374.34,42268.77
3/3/2023,Latin America,Mobile Studio,MobileStudio Pro 13,Extended Warranty,169,141715.29,17200.63,158915.92
3/4/2023,North America,Pen Tablet,One by Wacom,Training,137,62831.69,6619.03,69450.72
3/5/2023,Japan,Pen Tablet,Wacom Intuos M,Cloud Services,154,124387.12,6380.47,130767.59
3/6/2023,North America,Accessories,Pro Pen 2,Support Plan,170,41446.31,4287.49,45733.8
3/7/2023,North America,Mobile Studio,MobileStudio Pro 13,Support Plan,138,95804.96,15258.04,111063
3/8/2023,Europe,Display Tablet,Wacom One Display,Extended Warranty,127,118353.47,7260.43,125613.9
3/9/2023,Europe,Display Tablet,Wacom One Display,Extended Warranty,188,70776.67,12043.89,82820.56
3/10/2023,Japan,Mobile Studio,MobileStudio Pro 13,Extended Warranty,206,105275.74,10884.25,116159.99
3/11/2023,Europe,Accessories,Pro Pen 2,Extended Warranty,122,50339.98,4232.74,54572.72
3/12/2023,APAC,Display Tablet,Cintiq Pro 24,Cloud Services,223,267906.68,35580.42,303487.1
3/13/2023,APAC,Mobile Studio,MobileStudio Pro 13,Cloud Services,182,125708,16298.36,142006.36
3/14/2023,Latin America,Pen Tablet,Wacom Intuos S,Support Plan,187,115737.99,18351.04,134089.03
3/15/2023,North America,Mobile Studio,MobileStudio Pro 13,Cloud Services,101,138978.12,8191.3,147169.42
3/16/2023,APAC,Mobile Studio,MobileStudio Pro 16,Training,177,87679.1,6761.01,94440.11
3/17/2023,North America,Display Tablet,Cintiq 16,Extended Warranty,149,183380.91,21382.82,204763.73
3/18/2023,APAC,Display Tablet,Cintiq 16,Cloud Services,233,136077.78,23606.61,159684.39
3/19/2023,Japan,Pen Tablet,Wacom Intuos S,Cloud Services,140,180640.87,11311.21,191952.08
3/20/2023,Europe,Display Tablet,Cintiq 16,Support Plan,188,106006.07,14557.82,120563.89
3/21/2023,Latin America,Accessories,Wacom Stand,Support Plan,192,229064.51,22620.62,251685.13
3/22/2023,North America,Accessories,Pro Pen 2,Support Plan,169,202232.08,24340.21,226572.29
3/23/2023,Latin America,Pen Tablet,One by Wacom,Training,135,74469.8,10582.01,85051.81
3/24/2023,Japan,Pen Tablet,One by Wacom,Extended Warranty,138,139042.55,17572.64,156615.19
3/25/2023,APAC,Pen Tablet,One by Wacom,Support Plan,220,307005.22,48208.71,355213.93
3/26/2023,North America,Display Tablet,Wacom One Display,Support Plan,215,235780.5,29956.26,265736.76
3/27/2023,Japan,Display Tablet,Cintiq Pro 24,Cloud Services,167,202581.93,23977.84,226559.77
3/28/2023,Europe,Display Tablet,Wacom One Display,Cloud Services,190,247881.94,35175.02,283056.96
3/29/2023,Japan,Mobile Studio,MobileStudio Pro 16,Extended Warranty,240,360891.35,53380.68,414272.03
3/30/2023,Europe,Mobile Studio,MobileStudio Pro 16,Cloud Services,194,212226.47,34195.14,246421.61
3/31/2023,Japan,Accessories,Pro Pen 2,Training,154,223750.35,36736.55,260486.9
4/1/2023,Japan,Display Tablet,Cintiq 16,Cloud Services,161,156537.95,16764.94,173302.89
4/2/2023,Japan,Mobile Studio,MobileStudio Pro 16,Cloud Services,267,309219.09,30872.46,340091.55
4/3/2023,North America,Pen Tablet,Wacom Intuos S,Extended Warranty,173,163526.31,26137.38,189663.69
4/4/2023,North America,Accessories,Wacom Stand,Cloud Services,173,171241.28,7652.38,178893.66
4/5/2023,Japan,Pen Tablet,Wacom Intuos S,Training,176,23537.27,3216.54,26753.81
4/6/2023,North America,Accessories,ExpressKey Remote,Training,214,191584.2,23243.38,214827.58
4/7/2023,Japan,Pen Tablet,One by Wacom,Cloud Services,222,189941.11,13112.05,203053.16
4/8/2023,APAC,Mobile Studio,MobileStudio Pro 16,Training,147,111975.62,14492.53,126468.15
4/9/2023,APAC,Pen Tablet,One by Wacom,Support Plan,173,173476.92,18099.99,191576.91
4/10/2023,Europe,Accessories,Wacom Stand,Extended Warranty,75,44062.75,6630.01,50692.76
4/11/2023,Europe,Pen Tablet,Wacom Intuos S,Extended Warranty,214,257839.61,42758.67,300598.28
4/12/2023,APAC,Pen Tablet,Wacom Intuos M,Support Plan,147,134214.35,22632.8,156847.15
4/13/2023,APAC,Accessories,Wacom Stand,Support Plan,182,36351.03,3964.24,40315.27
4/14/2023,Japan,Pen Tablet,One by Wacom,Extended Warranty,202,306579.89,24272.36,330852.25
4/15/2023,Latin America,Accessories,ExpressKey Remote,Support Plan,186,70867.59,3850.29,74717.88
4/16/2023,North America,Mobile Studio,MobileStudio Pro 13,Cloud Services,83,94355.67,13631.13,107986.8
4/17/2023,Europe,Accessories,Wacom Stand,Support Plan,202,172093.29,11762.22,183855.51
4/18/2023,Europe,Accessories,Wacom Stand,Training,225,61918.67,7396.62,69315.29
4/19/2023,North America,Pen Tablet,One by Wacom,Extended Warranty,209,367534.59,49923.61,417458.2
4/20/2023,Europe,Display Tablet,Wacom One Display,Support Plan,220,75424.54,5323.28,80747.82
4/21/2023,APAC,Mobile Studio,MobileStudio Pro 16,Extended Warranty,149,154580.67,11718.65,166299.32
4/22/2023,APAC,Mobile Studio,MobileStudio Pro 16,Support Plan,235,331245.4,16364.45,347609.85
4/23/2023,Japan,Mobile Studio,MobileStudio Pro 13,Training,318,383866.63,57434.81,441301.44
4/24/2023,North America,Accessories,Wacom Stand,Training,183,240639.52,18497.46,259136.98
4/25/2023,Europe,Display Tablet,Cintiq Pro 24,Support Plan,238,346609.85,30375.55,376985.4
4/26/2023,North America,Display Tablet,Wacom One Display,Support Plan,194,297873.85,14861.25,312735.1
4/27/2023,Japan,Accessories,Pro Pen 2,Training,126,70547,12295.2,82842.2
4/28/2023,Japan,Mobile Studio,MobileStudio Pro 16,Training,134,168798.7,18847.24,187645.94
4/29/2023,Japan,Display Tablet,Cintiq 16,Cloud Services,204,281913.82,50675.65,332589.47
4/30/2023,North America,Display Tablet,Cintiq 16,Cloud Services,137,60822.03,2791.08,63613.11
5/1/2023,Latin America,Mobile Studio,MobileStudio Pro 13,Cloud Services,148,190034.58,7796.88,197831.46
5/2/2023,North America,Accessories,ExpressKey Remote,Extended Warranty,178,288745.17,17867.08,306612.25
5/3/2023,Latin America,Accessories,Wacom Stand,Support Plan,264,295724.3,15320.97,311045.27
5/4/2023,North America,Display Tablet,Wacom One Display,Support Plan,231,340142.01,32794.72,372936.73
5/5/2023,North America,Pen Tablet,Wacom Intuos S,Extended Warranty,192,242585.51,25726.19,268311.7
5/6/2023,North America,Display Tablet,Cintiq Pro 24,Cloud Services,235,23737.49,1366.98,25104.47
5/7/2023,North America,Display Tablet,Cintiq 16,Training,166,192428.41,21715.49,214143.9
5/8/2023,Europe,Accessories,Wacom Stand,Training,175,200522.89,34262.54,234785.43
5/9/2023,North America,Accessories,Wacom Stand,Cloud Services,164,245621.32,28766.29,274387.61
5/10/2023,APAC,Pen Tablet,Wacom Intuos S,Support Plan,152,156204.14,7534.06,163738.2
5/11/2023,Europe,Pen Tablet,Wacom Intuos M,Cloud Services,216,55089.02,9451.12,64540.14
5/12/2023,Latin America,Display Tablet,Wacom One Display,Training,229,46014.15,1958.01,47972.16
5/13/2023,APAC,Accessories,Pro Pen 2,Extended Warranty,205,61330.64,3523.17,64853.81
5/14/2023,North America,Mobile Studio,MobileStudio Pro 16,Support Plan,138,236445.46,34815.34,271260.8
5/15/2023,APAC,Display Tablet,Cintiq Pro 24,Extended Warranty,200,78918.7,3911.9,82830.6
5/16/2023,Japan,Mobile Studio,MobileStudio Pro 16,Support Plan,199,252625.15,43781.99,296407.14
5/17/2023,APAC,Mobile Studio,MobileStudio Pro 13,Training,224,111457.89,12913.38,124371.27
5/18/2023,Latin America,Accessories,ExpressKey Remote,Cloud Services,161,144509.34,17691.98,162201.32
5/19/2023,APAC,Display Tablet,Wacom One Display,Training,193,54885.99,6129.99,61015.98
5/20/2023,Latin America,Pen Tablet,One by Wacom,Extended Warranty,195,258293.74,17391.91,275685.65
5/21/2023,Europe,Mobile Studio,MobileStudio Pro 16,Support Plan,170,107198.63,7665.85,114864.48
5/22/2023,North America,Pen Tablet,Wacom Intuos S,Cloud Services,211,126934.99,7818.45,134753.44
5/23/2023,North America,Accessories,Wacom Stand,Extended Warranty,152,210931.73,23761.51,234693.24
5/24/2023,North America,Pen Tablet,Wacom Intuos S,Training,145,56577.32,8255.32,64832.64
5/25/2023,Latin America,Display Tablet,Wacom One Display,Cloud Services,153,208715.51,8916.16,217631.67
5/26/2023,APAC,Mobile Studio,MobileStudio Pro 13,Training,151,250820.36,23222.16,274042.52
5/27/2023,APAC,Display Tablet,Cintiq Pro 24,Support Plan,263,44690.29,6433.1,51123.39
5/28/2023,APAC,Pen Tablet,One by Wacom,Training,181,18829.99,759.09,19589.08
5/29/2023,Europe,Mobile Studio,MobileStudio Pro 16,Training,158,179390.29,12912.71,192303
5/30/2023,Europe,Display Tablet,Cintiq 16,Training,120,38104.82,2787.77,40892.59
5/31/2023,Latin America,Display Tablet,Wacom One Display,Training,198,298968.69,27529.19,326497.88
6/1/2023,North America,Mobile Studio,MobileStudio Pro 16,Extended Warranty,241,117226.97,9553.32,126780.29
6/2/2023,Japan,Display Tablet,Wacom One Display,Support Plan,161,255991.88,42924.28,298916.16
6/3/2023,Latin America,Mobile Studio,MobileStudio Pro 13,Training,176,162218.82,19086.79,181305.61
6/4/2023,North America,Mobile Studio,MobileStudio Pro 13,Cloud Services,89,107143.21,14192.54,121335.75
6/5/2023,Europe,Display Tablet,Cintiq 16,Training,183,198479.78,9187.99,207667.77
6/6/2023,APAC,Mobile Studio,MobileStudio Pro 16,Training,165,106051.09,18634.19,124685.28
6/7/2023,Latin America,Mobile Studio,MobileStudio Pro 13,Support Plan,165,200090.1,35789.18,235879.28
6/8/2023,North America,Accessories,Pro Pen 2,Cloud Services,172,205434.71,9382.17,214816.88
6/9/2023,North America,Accessories,ExpressKey Remote,Extended Warranty,134,65536.3,10222.98,75759.28
6/10/2023,Japan,Display Tablet,Cintiq Pro 24,Training,174,250474.88,18487.17,268962.05
6/11/2023,APAC,Display Tablet,Cintiq Pro 24,Training,198,54016.51,4341.53,58358.04
6/12/2023,Latin America,Accessories,ExpressKey Remote,Extended Warranty,204,365841.13,20124.74,385965.87
6/13/2023,North America,Pen Tablet,One by Wacom,Training,136,126415.37,20209.68,146625.05
6/14/2023,Japan,Pen Tablet,Wacom Intuos M,Support Plan,161,184037.01,19223.66,203260.67
6/15/2023,Japan,Pen Tablet,One by Wacom,Training,152,61236.45,8933.36,70169.81
6/16/2023,APAC,Pen Tablet,One by Wacom,Extended Warranty,189,300353.99,17144.83,317498.82
6/17/2023,Europe,Mobile Studio,MobileStudio Pro 13,Training,209,124039.97,18214.8,142254.77
6/18/2023,APAC,Accessories,Pro Pen 2,Support Plan,192,270760.78,43072.27,313833.05
6/19/2023,North America,Display Tablet,Cintiq Pro 24,Extended Warranty,123,153994.77,11212.56,165207.33
6/20/2023,APAC,Accessories,ExpressKey Remote,Cloud Services,124,149399.39,16046.58,165445.97
6/21/2023,North America,Mobile Studio,MobileStudio Pro 16,Support Plan,201,315365.32,18858.97,334224.29
6/22/2023,Latin America,Pen Tablet,Wacom Intuos S,Support Plan,163,290500.66,31689.56,322190.22
6/23/2023,Japan,Pen Tablet,Wacom Intuos S,Training,93,47790.04,6767.03,54557.07
6/24/2023,Europe,Display Tablet,Wacom One Display,Support Plan,196,16229.79,2184.61,18414.4
6/25/2023,North America,Display Tablet,Wacom One Display,Extended Warranty,170,225328.96,9785.51,235114.47
6/26/2023,APAC,Display Tablet,Cintiq Pro 24,Cloud Services,155,85512,13159.76,98671.76
6/27/2023,Japan,Pen Tablet,One by Wacom,Extended Warranty,177,25473.19,2993.78,28466.97
6/28/2023,Japan,Accessories,ExpressKey Remote,Training,179,64427.38,5862.07,70289.45
6/29/2023,Latin America,Display Tablet,Cintiq Pro 24,Support Plan,149,32183.85,3491.69,35675.54
6/30/2023,APAC,Mobile Studio,MobileStudio Pro 13,Extended Warranty,190,292933.77,51959.63,344893.4
7/1/2023,Japan,Mobile Studio,MobileStudio Pro 16,Cloud Services,178,293683.53,38215.91,331899.44
7/2/2023,Latin America,Pen Tablet,Wacom Intuos M,Support Plan,247,329816.27,22553.18,352369.45
7/3/2023,North America,Display Tablet,Wacom One Display,Cloud Services,143,56159.33,4852.44,61011.77
7/4/2023,Japan,Pen Tablet,Wacom Intuos S,Extended Warranty,160,284309.59,37312.17,321621.76
7/5/2023,APAC,Display Tablet,Cintiq Pro 24,Training,223,101378.73,5565.01,106943.74
7/6/2023,North America,Pen Tablet,Wacom Intuos M,Cloud Services,209,259430.37,27339.44,286769.81
7/7/2023,Japan,Accessories,Pro Pen 2,Training,173,177295.09,18176.92,195472.01
7/8/2023,Europe,Mobile Studio,MobileStudio Pro 16,Support Plan,212,249815.89,41455.47,291271.36
7/9/2023,APAC,Mobile Studio,MobileStudio Pro 13,Extended Warranty,211,136977.77,9221.35,146199.12
7/10/2023,Europe,Pen Tablet,One by Wacom,Training,221,141585.28,11040.59,152625.87
7/11/2023,Latin America,Mobile Studio,MobileStudio Pro 16,Support Plan,237,300130.49,19394.12,319524.61
7/12/2023,Japan,Accessories,Pro Pen 2,Support Plan,179,160183.62,7281.02,167464.64
7/13/2023,Japan,Display Tablet,Wacom One Display,Cloud Services,207,93135.59,7767.54,100903.13
7/14/2023,Europe,Accessories,ExpressKey Remote,Cloud Services,202,60021.32,3446.59,63467.91
7/15/2023,APAC,Mobile Studio,MobileStudio Pro 13,Cloud Services,185,48963.81,5895.32,54859.13
7/16/2023,Europe,Display Tablet,Wacom One Display,Extended Warranty,194,167267.42,8636.28,175903.7
7/17/2023,North America,Display Tablet,Cintiq 16,Training,211,140397.81,22812.62,163210.43
7/18/2023,APAC,Mobile Studio,MobileStudio Pro 13,Support Plan,150,21008.27,1667.52,22675.79
7/19/2023,APAC,Pen Tablet,Wacom Intuos S,Support Plan,57,17539.05,891.99,18431.04
7/20/2023,APAC,Accessories,Wacom Stand,Cloud Services,197,273302.72,39137.29,312440.01
7/21/2023,Europe,Accessories,Wacom Stand,Training,192,164985.84,26384.62,191370.46
7/22/2023,North America,Accessories,Wacom Stand,Training,82,109098.3,17415.77,126514.07
7/23/2023,Europe,Display Tablet,Cintiq 16,Extended Warranty,185,167056.61,18958.83,186015.44
7/24/2023,Japan,Accessories,Wacom Stand,Cloud Services,240,160507.63,14815.29,175322.92
7/25/2023,Latin America,Display Tablet,Wacom One Display,Training,241,196650.73,12473.56,209124.29
7/26/2023,Japan,Pen Tablet,Wacom Intuos S,Cloud Services,210,237816.34,39516.85,277333.19
7/27/2023,North America,Display Tablet,Cintiq 16,Support Plan,255,279335.93,30985.49,310321.42
7/28/2023,Japan,Display Tablet,Wacom One Display,Training,175,94467.15,11878.52,106345.67
7/29/2023,APAC,Accessories,Pro Pen 2,Training,162,85207.12,10627.44,95834.56
7/30/2023,North America,Accessories,ExpressKey Remote,Training,157,105254.39,7697.74,112952.13
7/31/2023,Europe,Accessories,Wacom Stand,Extended Warranty,203,33535.62,1957.43,35493.05
8/1/2023,Japan,Display Tablet,Cintiq 16,Support Plan,253,359289.92,28753.79,388043.71
8/2/2023,Europe,Mobile Studio,MobileStudio Pro 13,Support Plan,138,157521.64,25462.42,182984.06
8/3/2023,Latin America,Accessories,Pro Pen 2,Support Plan,192,135603.15,14584.83,150187.98
8/4/2023,Europe,Accessories,Wacom Stand,Extended Warranty,155,276184.68,13569.01,289753.69
8/5/2023,Europe,Accessories,Wacom Stand,Extended Warranty,178,296508.6,32919.97,329428.57
8/6/2023,APAC,Pen Tablet,Wacom Intuos S,Training,170,180164.22,12613,192777.22
8/7/2023,North America,Mobile Studio,MobileStudio Pro 16,Extended Warranty,185,16200.37,1660.88,17861.25
8/8/2023,APAC,Accessories,Pro Pen 2,Support Plan,142,31368.11,2465.32,33833.43
8/9/2023,Japan,Accessories,ExpressKey Remote,Training,280,463691.06,56544.06,520235.12
8/10/2023,Latin America,Display Tablet,Cintiq Pro 24,Cloud Services,148,202657.22,11988.48,214645.7
8/11/2023,Japan,Pen Tablet,Wacom Intuos M,Training,186,102611.6,17829.13,120440.73
8/12/2023,Europe,Mobile Studio,MobileStudio Pro 13,Support Plan,142,128403.05,20283.94,148686.99
8/13/2023,Japan,Mobile Studio,MobileStudio Pro 16,Training,155,24680.9,2585.77,27266.67
8/14/2023,Latin America,Display Tablet,Cintiq Pro 24,Extended Warranty,172,189696.84,19173.52,208870.36
8/15/2023,North America,Display Tablet,Cintiq 16,Extended Warranty,150,142988.88,24549.12,167538
8/16/2023,North America,Mobile Studio,MobileStudio Pro 13,Support Plan,223,209852.77,24275.78,234128.55
8/17/2023,Europe,Accessories,ExpressKey Remote,Extended Warranty,190,232490.52,32214.94,264705.46
8/18/2023,Europe,Accessories,ExpressKey Remote,Training,147,116432.57,17482.85,133915.42
8/19/2023,North America,Accessories,Wacom Stand,Extended Warranty,144,180509.52,25924.86,206434.38
8/20/2023,APAC,Pen Tablet,One by Wacom,Cloud Services,191,18812.81,1076.39,19889.2
8/21/2023,North America,Accessories,Pro Pen 2,Cloud Services,165,91225.61,9128.99,100354.6
8/22/2023,North America,Display Tablet,Cintiq 16,Training,192,231969.52,13715.11,245684.63
8/23/2023,North America,Mobile Studio,MobileStudio Pro 16,Support Plan,90,131904.73,7590.54,139495.27
8/24/2023,North America,Accessories,Pro Pen 2,Cloud Services,212,246769.07,10674.36,257443.43
8/25/2023,Latin America,Mobile Studio,MobileStudio Pro 13,Extended Warranty,176,96250.14,14295.72,110545.86
8/26/2023,Latin America,Accessories,ExpressKey Remote,Support Plan,137,67010.28,6831.96,73842.24
8/27/2023,Europe,Accessories,ExpressKey Remote,Training,122,155783.2,18978.44,174761.64
8/28/2023,Europe,Mobile Studio,MobileStudio Pro 16,Extended Warranty,140,175047.8,16498.27,191546.07
8/29/2023,Japan,Accessories,ExpressKey Remote,Support Plan,244,272446.2,23877.75,296323.95
8/30/2023,North America,Mobile Studio,MobileStudio Pro 16,Cloud Services,120,153055.92,14561.26,167617.18
8/31/2023,Europe,Mobile Studio,MobileStudio Pro 16,Support Plan,166,139510.19,10828.8,150338.99
9/1/2023,Europe,Mobile Studio,MobileStudio Pro 16,Training,127,120772.35,19858.63,140630.98
9/2/2023,APAC,Mobile Studio,MobileStudio Pro 16,Training,145,56463.68,9202.09,65665.77
9/3/2023,Latin America,Pen Tablet,Wacom Intuos M,Extended Warranty,180,52075.31,7058.73,59134.04
9/4/2023,APAC,Display Tablet,Wacom One Display,Support Plan,209,155980.01,26791.8,182771.81
9/5/2023,North America,Accessories,Pro Pen 2,Cloud Services,213,354237.92,34399.85,388637.77
9/6/2023,APAC,Accessories,ExpressKey Remote,Support Plan,201,320236.32,34077.47,354313.79
9/7/2023,Latin America,Pen Tablet,Wacom Intuos S,Support Plan,259,339980.09,27244.94,367225.03
9/8/2023,Latin America,Mobile Studio,MobileStudio Pro 16,Extended Warranty,164,83896.59,10767.62,94664.21
9/9/2023,APAC,Mobile Studio,MobileStudio Pro 13,Training,255,297449.75,19721.07,317170.82
9/10/2023,Europe,Display Tablet,Cintiq Pro 24,Support Plan,153,271142.2,31021.56,302163.76
9/11/2023,North America,Mobile Studio,MobileStudio Pro 16,Extended Warranty,161,194427.13,26589.56,221016.69
9/12/2023,Europe,Mobile Studio,MobileStudio Pro 13,Extended Warranty,102,180203.53,12954.87,193158.4
9/13/2023,Japan,Accessories,Pro Pen 2,Cloud Services,99,69374.53,9715.88,79090.41
9/14/2023,APAC,Pen Tablet,One by Wacom,Support Plan,139,69383.02,5064.41,74447.43
9/15/2023,North America,Display Tablet,Wacom One Display,Training,216,28855.01,3663.8,32518.81
9/16/2023,Latin America,Mobile Studio,MobileStudio Pro 16,Support Plan,171,270389.56,32853.25,303242.81
9/17/2023,North America,Display Tablet,Cintiq 16,Training,121,178648.78,30005.97,208654.75
9/18/2023,APAC,Pen Tablet,Wacom Intuos M,Support Plan,203,72323.05,6003.4,78326.45
9/19/2023,APAC,Pen Tablet,One by Wacom,Extended Warranty,144,239236.23,13022.57,252258.8
9/20/2023,Europe,Display Tablet,Wacom One Display,Cloud Services,187,129257.95,15946.55,145204.5
9/21/2023,Latin America,Display Tablet,Wacom One Display,Support Plan,217,149183.83,18816.89,168000.72
9/22/2023,Japan,Display Tablet,Wacom One Display,Extended Warranty,190,69656.69,3213.97,72870.66
9/23/2023,APAC,Mobile Studio,MobileStudio Pro 13,Cloud Services,189,243287.71,23452.33,266740.04
9/24/2023,APAC,Pen Tablet,One by Wacom,Extended Warranty,121,160822.72,10867.64,171690.36
9/25/2023,Latin America,Pen Tablet,One by Wacom,Extended Warranty,204,227146.03,22996.77,250142.8
9/26/2023,Europe,Mobile Studio,MobileStudio Pro 16,Cloud Services,182,211623.87,27278.55,238902.42
9/27/2023,APAC,Display Tablet,Cintiq 16,Training,211,231729.69,10097.5,241827.19
9/28/2023,Latin America,Pen Tablet,One by Wacom,Cloud Services,200,196529.53,24782.04,221311.57
9/29/2023,Europe,Pen Tablet,One by Wacom,Cloud Services,110,176150.24,25862.14,202012.38
9/30/2023,Europe,Pen Tablet,One by Wacom,Support Plan,213,162833.17,12116.39,174949.56
10/1/2023,Japan,Pen Tablet,Wacom Intuos M,Support Plan,227,80285.93,14229.42,94515.35
10/2/2023,Latin America,Accessories,Pro Pen 2,Training,143,41025.47,6332.48,47357.95
10/3/2023,North America,Mobile Studio,MobileStudio Pro 13,Extended Warranty,190,212142.97,10133.65,222276.62
10/4/2023,APAC,Mobile Studio,MobileStudio Pro 13,Support Plan,159,52351.12,8850.95,61202.07
10/5/2023,Latin America,Display Tablet,Cintiq 16,Extended Warranty,235,130458.69,14408.48,144867.17
10/6/2023,Japan,Display Tablet,Wacom One Display,Training,146,138679.84,24657.82,163337.66
10/7/2023,Europe,Mobile Studio,MobileStudio Pro 13,Training,183,124805.76,17525.66,142331.42
10/8/2023,Japan,Accessories,Pro Pen 2,Extended Warranty,205,34586.95,5901.59,40488.54
10/9/2023,Japan,Pen Tablet,Wacom Intuos S,Cloud Services,163,275838.34,22250.73,298089.07
10/10/2023,North America,Accessories,ExpressKey Remote,Cloud Services,123,86923.38,15583.21,102506.59
10/11/2023,North America,Pen Tablet,Wacom Intuos S,Extended Warranty,185,278245.46,44701.67,322947.13
10/12/2023,Latin America,Pen Tablet,Wacom Intuos S,Training,187,212576.66,33069.62,245646.28
10/13/2023,Latin America,Pen Tablet,Wacom Intuos S,Support Plan,195,186650.29,29329.36,215979.65
10/14/2023,Japan,Display Tablet,Wacom One Display,Extended Warranty,177,299130.31,16852.56,315982.87
10/15/2023,North America,Pen Tablet,Wacom Intuos M,Extended Warranty,166,28633.76,3174.36,31808.12
10/16/2023,Japan,Mobile Studio,MobileStudio Pro 16,Training,168,173609.99,20374.3,193984.29
10/17/2023,APAC,Mobile Studio,MobileStudio Pro 13,Training,113,187208.86,33083.77,220292.63
10/18/2023,Latin America,Pen Tablet,One by Wacom,Support Plan,129,116323.67,18894.54,135218.21
10/19/2023,Japan,Accessories,ExpressKey Remote,Support Plan,163,76791.33,12132.11,88923.44
10/20/2023,North America,Mobile Studio,MobileStudio Pro 16,Extended Warranty,148,248434.53,21456.04,269890.57
10/21/2023,North America,Display Tablet,Cintiq Pro 24,Cloud Services,75,121363.32,9557.66,130920.98
10/22/2023,North America,Pen Tablet,Wacom Intuos S,Support Plan,226,102561.22,5003.64,107564.86
10/23/2023,Japan,Display Tablet,Wacom One Display,Training,121,104422.54,8588.51,113011.05
10/24/2023,Japan,Accessories,Wacom Stand,Cloud Services,180,142917.26,18699.09,161616.35
10/25/2023,Japan,Display Tablet,Cintiq Pro 24,Training,234,68687.9,5938.33,74626.23
10/26/2023,Latin America,Mobile Studio,MobileStudio Pro 16,Extended Warranty,220,35330.7,2275.82,37606.52
10/27/2023,Europe,Accessories,Pro Pen 2,Support Plan,181,171450.75,19539.22,190989.97
10/28/2023,Japan,Display Tablet,Cintiq 16,Training,181,224275.79,10675.7,234951.49
10/29/2023,Europe,Pen Tablet,Wacom Intuos M,Support Plan,168,272035.47,32684.66,304720.13
10/30/2023,Europe,Mobile Studio,MobileStudio Pro 16,Extended Warranty,228,282919.41,46186.5,329105.91
10/31/2023,APAC,Pen Tablet,Wacom Intuos M,Training,229,315033.59,36544.65,351578.24
11/1/2023,APAC,Accessories,Pro Pen 2,Support Plan,152,132207.24,8437.12,140644.36
11/2/2023,Latin America,Mobile Studio,MobileStudio Pro 13,Support Plan,208,42742.65,2147.62,44890.27
11/3/2023,Latin America,Accessories,ExpressKey Remote,Support Plan,261,429839.76,41550.05,471389.81
11/4/2023,Europe,Mobile Studio,MobileStudio Pro 13,Training,200,116739.31,6674.49,123413.8
11/5/2023,Europe,Display Tablet,Wacom One Display,Extended Warranty,139,35728.82,3832.7,39561.52
11/6/2023,Latin America,Accessories,ExpressKey Remote,Support Plan,181,74556.8,5444.5,80001.3
11/7/2023,North America,Accessories,Wacom Stand,Cloud Services,204,158435.78,22140.99,180576.77
11/8/2023,APAC,Mobile Studio,MobileStudio Pro 16,Support Plan,245,204009.65,24292.65,228302.3
11/9/2023,Latin America,Display Tablet,Wacom One Display,Training,206,109063.18,11397.82,120461
11/10/2023,North America,Accessories,ExpressKey Remote,Extended Warranty,159,40871.77,6337.65,47209.42
11/11/2023,APAC,Pen Tablet,Wacom Intuos S,Support Plan,183,267717.67,38883.77,306601.44
11/12/2023,Latin America,Mobile Studio,MobileStudio Pro 16,Extended Warranty,158,128582.33,8635.59,137217.92
11/13/2023,Europe,Accessories,ExpressKey Remote,Extended Warranty,198,317461.36,29074.87,346536.23
11/14/2023,APAC,Display Tablet,Wacom One Display,Training,112,185602.52,20166.79,205769.31
11/15/2023,APAC,Display Tablet,Cintiq Pro 24,Cloud Services,127,197955.07,18501.39,216456.46
11/16/2023,Latin America,Accessories,Wacom Stand,Extended Warranty,206,79473.17,11316.59,90789.76
11/17/2023,Europe,Accessories,Wacom Stand,Training,95,69426.64,4718.32,74144.96
11/18/2023,North America,Accessories,Pro Pen 2,Cloud Services,143,86982.01,10888.67,97870.68
11/19/2023,APAC,Mobile Studio,MobileStudio Pro 13,Training,269,330667.27,48520.88,379188.15
11/20/2023,Europe,Accessories,ExpressKey Remote,Cloud Services,262,139158.89,7369.61,146528.5
11/21/2023,North America,Mobile Studio,MobileStudio Pro 16,Extended Warranty,153,100515.95,4193.12,104709.07
11/22/2023,North America,Display Tablet,Cintiq 16,Cloud Services,195,77291.62,6140.62,83432.24
11/23/2023,Latin America,Display Tablet,Cintiq 16,Training,210,247320.27,21839.35,269159.62
11/24/2023,Japan,Pen Tablet,Wacom Intuos S,Support Plan,193,150509.86,12934.83,163444.69
11/25/2023,APAC,Display Tablet,Wacom One Display,Extended Warranty,133,20054.21,1210.03,21264.24
11/26/2023,Latin America,Mobile Studio,MobileStudio Pro 13,Extended Warranty,142,118280.55,10424.41,128704.96
11/27/2023,Europe,Mobile Studio,MobileStudio Pro 16,Extended Warranty,139,49570.37,4465.96,54036.33
11/28/2023,Europe,Display Tablet,Cintiq Pro 24,Extended Warranty,158,238045.51,18757.57,256803.08
11/29/2023,APAC,Accessories,ExpressKey Remote,Support Plan,227,245563.87,20071.68,265635.55
11/30/2023,APAC,Display Tablet,Wacom One Display,Extended Warranty,234,286843.58,19657.2,306500.78
12/1/2023,Japan,Display Tablet,Cintiq Pro 24,Cloud Services,168,201536.76,33578.06,235114.82
12/2/2023,APAC,Display Tablet,Cintiq Pro 24,Extended Warranty,158,111488.35,17244.02,128732.37
12/3/2023,North America,Display Tablet,Cintiq 16,Support Plan,193,314265.71,51486.07,365751.78
12/4/2023,Europe,Display Tablet,Cintiq Pro 24,Training,211,317459.43,26729.31,344188.74
12/5/2023,Japan,Mobile Studio,MobileStudio Pro 13,Cloud Services,170,188261.02,24667.79,212928.81
12/6/2023,Europe,Mobile Studio,MobileStudio Pro 16,Training,237,107173.12,16726.01,123899.13
12/7/2023,Latin America,Pen Tablet,One by Wacom,Extended Warranty,199,80592.35,5908.88,86501.23
12/8/2023,APAC,Pen Tablet,Wacom Intuos M,Support Plan,216,186518.84,31750.26,218269.1
12/9/2023,Japan,Pen Tablet,Wacom Intuos S,Training,119,104432.43,10518.74,114951.17
12/10/2023,Europe,Mobile Studio,MobileStudio Pro 13,Training,224,282929.86,12934.7,295864.56
12/11/2023,Europe,Mobile Studio,MobileStudio Pro 16,Support Plan,184,61096.65,7171.84,68268.49
12/12/2023,Japan,Display Tablet,Cintiq Pro 24,Training,195,91569.97,14150.84,105720.81
12/13/2023,North America,Accessories,Pro Pen 2,Cloud Services,142,57456.04,8148.6,65604.64
12/14/2023,Europe,Display Tablet,Cintiq 16,Support Plan,144,48115.57,4305.24,52420.81
12/15/2023,Latin America,Accessories,ExpressKey Remote,Training,150,13571.29,2314.53,15885.82
12/16/2023,Latin America,Pen Tablet,Wacom Intuos S,Cloud Services,147,246354.62,30582.48,276937.1
12/17/2023,North America,Pen Tablet,Wacom Intuos S,Training,185,150649.72,21457.67,172107.39
12/18/2023,Japan,Display Tablet,Wacom One Display,Cloud Services,138,235095.4,14523.35,249618.75
12/19/2023,Europe,Pen Tablet,One by Wacom,Cloud Services,210,283639.9,49487.86,333127.76
12/20/2023,Europe,Display Tablet,Wacom One Display,Cloud Services,118,118510.43,12133.57,130644
12/21/2023,North America,Pen Tablet,One by Wacom,Extended Warranty,260,98859.83,16848.86,115708.69
12/22/2023,North America,Mobile Studio,MobileStudio Pro 16,Support Plan,195,79970.88,3910.15,83881.03
12/23/2023,APAC,Mobile Studio,MobileStudio Pro 16,Support Plan,211,285420.32,13622.63,299042.95
12/24/2023,North America,Display Tablet,Cintiq Pro 24,Cloud Services,188,182663.57,9777.54,192441.11
12/25/2023,APAC,Display Tablet,Cintiq 16,Support Plan,132,57723.19,7827.57,65550.76
12/26/2023,Latin America,Pen Tablet,One by Wacom,Support Plan,191,203553.54,36607.24,240160.78
12/27/2023,North America,Accessories,Pro Pen 2,Support Plan,214,151894.84,24870.84,176765.68
12/28/2023,APAC,Display Tablet,Cintiq Pro 24,Cloud Services,159,125422.43,18114,143536.43
12/29/2023,Latin America,Mobile Studio,MobileStudio Pro 13,Extended Warranty,259,164796.81,26443.32,191240.13
12/30/2023,Latin America,Display Tablet,Wacom One Display,Cloud Services,210,25298.35,1914.73,27213.08
12/31/2023,APAC,Accessories,Pro Pen 2,Extended Warranty,215,248712.87,40412.33,289125.2
1/1/2024,North America,Mobile Studio,MobileStudio Pro 13,Support Plan,169,241984.84,29717.74,271702.58
1/2/2024,APAC,Display Tablet,Wacom One Display,Extended Warranty,195,125313.45,6945.18,132258.63
1/3/2024,APAC,Pen Tablet,Wacom Intuos M,Support Plan,142,46917.12,5621.94,52539.06
1/4/2024,Europe,Mobile Studio,MobileStudio Pro 13,Support Plan,154,190722.47,15150.63,205873.1
1/5/2024,Latin America,Accessories,Wacom Stand,Training,227,152134.65,24006.92,176141.57
1/6/2024,Latin America,Accessories,ExpressKey Remote,Training,127,174462.94,14254.05,188716.99
1/7/2024,Japan,Pen Tablet,Wacom Intuos S,Training,181,313912.48,36711.46,350623.94
1/8/2024,Japan,Pen Tablet,Wacom Intuos S,Extended Warranty,158,91463.4,16099.45,107562.85
1/9/2024,APAC,Mobile Studio,MobileStudio Pro 16,Extended Warranty,218,125376.51,6144.56,131521.07
1/10/2024,APAC,Display Tablet,Cintiq 16,Support Plan,172,273804.51,22557.57,296362.08
1/11/2024,Europe,Mobile Studio,MobileStudio Pro 13,Extended Warranty,183,307189.72,27935.39,335125.11
1/12/2024,Europe,Mobile Studio,MobileStudio Pro 13,Support Plan,136,68686.14,9115.86,77802
1/13/2024,APAC,Accessories,Pro Pen 2,Support Plan,176,58892.62,2510.3,61402.92
1/14/2024,Europe,Mobile Studio,MobileStudio Pro 16,Cloud Services,209,62791.77,11146.31,73938.08
1/15/2024,Europe,Mobile Studio,MobileStudio Pro 16,Cloud Services,178,228013.85,21396.58,249410.43
1/16/2024,Latin America,Mobile Studio,MobileStudio Pro 13,Extended Warranty,250,428753.01,51284.17,480037.18
1/17/2024,Japan,Pen Tablet,One by Wacom,Training,230,187214.31,28224.17,215438.48
1/18/2024,Japan,Display Tablet,Cintiq 16,Support Plan,137,160262.4,26945.97,187208.37
1/19/2024,North America,Pen Tablet,Wacom Intuos S,Extended Warranty,239,237673.32,11746.43,249419.75
1/20/2024,Japan,Display Tablet,Cintiq Pro 24,Cloud Services,198,205380.55,9870.15,215250.7
1/21/2024,Japan,Display Tablet,Cintiq 16,Training,205,33016.25,4606.57,37622.82
1/22/2024,Latin America,Accessories,Pro Pen 2,Extended Warranty,180,84630.12,8603.78,93233.9
1/23/2024,Latin America,Pen Tablet,Wacom Intuos M,Extended Warranty,151,127112.28,10632.69,137744.97
1/24/2024,North America,Mobile Studio,MobileStudio Pro 16,Extended Warranty,171,192415.4,27492.11,219907.51
1/25/2024,North America,Mobile Studio,MobileStudio Pro 16,Support Plan,203,163331.88,10644.02,173975.9
1/26/2024,North America,Accessories,ExpressKey Remote,Support Plan,136,167301.08,12842.06,180143.14
1/27/2024,Japan,Pen Tablet,Wacom Intuos M,Support Plan,130,97927.92,14843.52,112771.44
1/28/2024,North America,Mobile Studio,MobileStudio Pro 16,Training,118,25933.48,2615.25,28548.73
1/29/2024,Latin America,Display Tablet,Wacom One Display,Cloud Services,237,259783.01,23498.27,283281.28
1/30/2024,Latin America,Display Tablet,Wacom One Display,Support Plan,147,213896.93,12546.46,226443.39
1/31/2024,APAC,Accessories,Wacom Stand,Training,188,185892.86,10820.17,196713.03
2/1/2024,Latin America,Pen Tablet,One by Wacom,Extended Warranty,178,287300.49,37924.75,325225.24
2/2/2024,Latin America,Mobile Studio,MobileStudio Pro 16,Extended Warranty,91,63890.89,7467.55,71358.44
2/3/2024,APAC,Pen Tablet,Wacom Intuos S,Cloud Services,204,219149.96,31912.7,251062.66
2/4/2024,Latin America,Display Tablet,Cintiq 16,Cloud Services,219,82801.94,10082.52,92884.46
2/5/2024,Latin America,Accessories,ExpressKey Remote,Support Plan,202,84007.1,12408.37,96415.47
2/6/2024,Europe,Pen Tablet,Wacom Intuos M,Extended Warranty,199,198840.92,31771.75,230612.67
2/7/2024,North America,Pen Tablet,Wacom Intuos M,Training,279,454539.13,72531.91,527071.04
2/8/2024,Europe,Mobile Studio,MobileStudio Pro 13,Cloud Services,233,44001.55,6433.21,50434.76
2/9/2024,North America,Mobile Studio,MobileStudio Pro 16,Training,166,252917.96,12157.08,265075.04
2/10/2024,Japan,Mobile Studio,MobileStudio Pro 16,Cloud Services,196,347070.81,47217.82,394288.63
2/11/2024,Japan,Mobile Studio,MobileStudio Pro 13,Support Plan,199,357089.87,19199.83,376289.7
2/12/2024,APAC,Accessories,Pro Pen 2,Cloud Services,157,31073.97,5109.63,36183.6
2/13/2024,APAC,Accessories,Wacom Stand,Cloud Services,186,118065.85,19703.28,137769.13
2/14/2024,North America,Display Tablet,Wacom One Display,Training,172,215174.56,35588.6,250763.16
2/15/2024,Japan,Accessories,Pro Pen 2,Cloud Services,233,286361.72,48099.74,334461.46
2/16/2024,Europe,Pen Tablet,Wacom Intuos S,Extended Warranty,171,245373.83,40627.03,286000.86
2/17/2024,Japan,Display Tablet,Cintiq Pro 24,Support Plan,152,261568.06,45934.25,307502.31
2/18/2024,Europe,Pen Tablet,Wacom Intuos M,Support Plan,175,242661.48,35283.95,277945.43
2/19/2024,Europe,Pen Tablet,One by Wacom,Extended Warranty,187,173595.85,12769.02,186364.87
2/20/2024,APAC,Pen Tablet,One by Wacom,Support Plan,196,266715.05,45463.01,312178.06
2/21/2024,APAC,Accessories,ExpressKey Remote,Training,256,291852.34,26038.57,317890.91
2/22/2024,Latin America,Accessories,Wacom Stand,Cloud Services,179,89073.55,10135.06,99208.61
2/23/2024,Europe,Display Tablet,Wacom One Display,Support Plan,203,207922.3,29389.78,237312.08
2/24/2024,Europe,Accessories,Pro Pen 2,Cloud Services,225,197954.93,31919.88,229874.81
2/25/2024,North America,Mobile Studio,MobileStudio Pro 13,Extended Warranty,181,268101.9,41193.42,309295.32
2/26/2024,APAC,Accessories,ExpressKey Remote,Cloud Services,158,48634.99,2722.87,51357.86
2/27/2024,North America,Accessories,Wacom Stand,Extended Warranty,186,305131.19,40381.87,345513.06
2/28/2024,Latin America,Mobile Studio,MobileStudio Pro 13,Training,220,305288.17,36332.18,341620.35
2/29/2024,Europe,Mobile Studio,MobileStudio Pro 16,Extended Warranty,200,301639.31,14707.1,316346.41
3/1/2024,Latin America,Display Tablet,Cintiq Pro 24,Extended Warranty,166,207150.94,29066.51,236217.45
3/2/2024,APAC,Display Tablet,Cintiq 16,Cloud Services,213,91010.73,8109.31,99120.04
3/3/2024,Japan,Display Tablet,Cintiq 16,Extended Warranty,140,184797.1,11893.22,196690.32
3/4/2024,Japan,Display Tablet,Cintiq 16,Support Plan,144,72987.21,8288,81275.21
3/5/2024,Europe,Mobile Studio,MobileStudio Pro 16,Extended Warranty,206,134421.35,17672.51,152093.86
3/6/2024,Europe,Mobile Studio,MobileStudio Pro 16,Support Plan,106,101939.65,10833.18,112772.83
3/7/2024,Europe,Pen Tablet,One by Wacom,Training,140,76393.15,9124.16,85517.31
3/8/2024,North America,Pen Tablet,Wacom Intuos S,Cloud Services,148,67709.16,3657.29,71366.45
3/9/2024,APAC,Accessories,Wacom Stand,Cloud Services,119,14370.38,1080.32,15450.7
3/10/2024,APAC,Display Tablet,Wacom One Display,Cloud Services,198,190791.99,22441.52,213233.51
3/11/2024,Japan,Accessories,Pro Pen 2,Extended Warranty,186,221552.07,31642.23,253194.3
3/12/2024,Japan,Accessories,Wacom Stand,Training,126,165152.7,9572.52,174725.22
3/13/2024,APAC,Pen Tablet,One by Wacom,Extended Warranty,166,47380.49,2923.17,50303.66
3/14/2024,North America,Pen Tablet,One by Wacom,Training,225,86267.68,12055.87,98323.55
3/15/2024,Europe,Accessories,Pro Pen 2,Training,200,286110.91,49890.29,336001.2
3/16/2024,Europe,Display Tablet,Cintiq 16,Support Plan,174,61221.29,9672.15,70893.44
3/17/2024,North America,Accessories,Pro Pen 2,Cloud Services,145,140724.3,22322.97,163047.27
3/18/2024,APAC,Mobile Studio,MobileStudio Pro 13,Cloud Services,43,65623.95,7486.69,73110.64
3/19/2024,Europe,Accessories,Pro Pen 2,Cloud Services,166,52787.6,8007.64,60795.24
3/20/2024,Europe,Accessories,ExpressKey Remote,Cloud Services,185,213206.85,17251.19,230458.04
3/21/2024,APAC,Accessories,Pro Pen 2,Cloud Services,281,278161.4,21740.98,299902.38
3/22/2024,Japan,Mobile Studio,MobileStudio Pro 13,Extended Warranty,156,221012.8,35722.79,256735.59
3/23/2024,Japan,Pen Tablet,One by Wacom,Training,177,241533.33,19884.96,261418.29
3/24/2024,Japan,Display Tablet,Cintiq 16,Support Plan,234,347655.72,56613.44,404269.16
3/25/2024,North America,Pen Tablet,One by Wacom,Cloud Services,140,85711.63,6420.4,92132.03
3/26/2024,Europe,Pen Tablet,One by Wacom,Extended Warranty,148,112078.43,14770.25,126848.68
3/27/2024,Europe,Accessories,Wacom Stand,Extended Warranty,224,74836.86,11544.05,86380.91
3/28/2024,Japan,Accessories,Pro Pen 2,Training,157,192792.52,17654.39,210446.91
3/29/2024,Latin America,Accessories,ExpressKey Remote,Training,215,186553.98,8652.61,195206.59
3/30/2024,Europe,Mobile Studio,MobileStudio Pro 13,Extended Warranty,197,41269.15,5510.58,46779.73
3/31/2024,Latin America,Display Tablet,Wacom One Display,Support Plan,171,160022.25,13354.85,173377.1
4/1/2024,Europe,Accessories,Wacom Stand,Support Plan,164,93929.48,11921.62,105851.1
4/2/2024,Europe,Mobile Studio,MobileStudio Pro 16,Training,147,147142.05,26391,173533.05
4/3/2024,APAC,Pen Tablet,Wacom Intuos M,Support Plan,178,119850.45,7483.24,127333.69
4/4/2024,Latin America,Pen Tablet,Wacom Intuos S,Extended Warranty,199,299119.96,26058.17,325178.13
4/5/2024,APAC,Mobile Studio,MobileStudio Pro 16,Training,202,147497.57,25517.79,173015.36
4/6/2024,APAC,Accessories,ExpressKey Remote,Support Plan,121,210178.51,35123.42,245301.93
4/7/2024,North America,Accessories,ExpressKey Remote,Training,225,333765.32,53593.77,387359.09
4/8/2024,Japan,Display Tablet,Cintiq Pro 24,Training,199,36784.82,4039.47,40824.29
4/9/2024,Latin America,Mobile Studio,MobileStudio Pro 16,Cloud Services,198,307781.83,45062.22,352844.05
4/10/2024,Latin America,Accessories,Wacom Stand,Support Plan,180,51701.17,2492.69,54193.86
4/11/2024,Japan,Accessories,Pro Pen 2,Cloud Services,231,395446.25,70016.4,465462.65
4/12/2024,APAC,Mobile Studio,MobileStudio Pro 16,Support Plan,177,269474.69,43641.97,313116.66
4/13/2024,APAC,Accessories,Pro Pen 2,Support Plan,215,81481.09,7464.24,88945.33
4/14/2024,Europe,Pen Tablet,Wacom Intuos S,Support Plan,169,302482.22,49223.54,351705.76
4/15/2024,North America,Display Tablet,Cintiq Pro 24,Training,246,199872.66,20679.77,220552.43
4/16/2024,APAC,Accessories,Pro Pen 2,Cloud Services,173,130707.25,6986.41,137693.66
4/17/2024,Japan,Display Tablet,Wacom One Display,Extended Warranty,145,147531.67,23438.24,170969.91
4/18/2024,Europe,Accessories,Pro Pen 2,Support Plan,202,62775.61,7524.76,70300.37
4/19/2024,North America,Pen Tablet,Wacom Intuos M,Cloud Services,185,143080.18,8818.33,151898.51
4/20/2024,Latin America,Accessories,ExpressKey Remote,Training,288,264141.31,18930.33,283071.64
4/21/2024,Japan,Pen Tablet,One by Wacom,Support Plan,215,35817.89,1497.13,37315.02
4/22/2024,North America,Pen Tablet,One by Wacom,Cloud Services,170,196596.58,17709.9,214306.48
4/23/2024,North America,Accessories,Pro Pen 2,Cloud Services,210,28740.98,3454.05,32195.03
4/24/2024,Latin America,Mobile Studio,MobileStudio Pro 13,Support Plan,206,190667.11,14073.37,204740.48
4/25/2024,North America,Accessories,ExpressKey Remote,Extended Warranty,144,40369.92,5097.78,45467.7
4/26/2024,North America,Pen Tablet,Wacom Intuos S,Cloud Services,107,107488.39,13905.62,121394.01
4/27/2024,Japan,Display Tablet,Wacom One Display,Extended Warranty,211,323449.43,50756.53,374205.96
4/28/2024,Latin America,Mobile Studio,MobileStudio Pro 13,Cloud Services,243,73461.79,6720.28,80182.07
4/29/2024,APAC,Accessories,ExpressKey Remote,Support Plan,176,93142.01,16140.3,109282.31
4/30/2024,North America,Mobile Studio,MobileStudio Pro 13,Cloud Services,172,52755.28,8485.22,61240.5
5/1/2024,Europe,Display Tablet,Wacom One Display,Support Plan,157,198050,17396.43,215446.43
5/2/2024,Europe,Accessories,Pro Pen 2,Training,171,170975.94,9631.15,180607.09
5/3/2024,Europe,Pen Tablet,One by Wacom,Extended Warranty,160,85302.99,7343.49,92646.48
5/4/2024,Europe,Accessories,Pro Pen 2,Cloud Services,189,74668.35,7638.94,82307.29
5/5/2024,APAC,Mobile Studio,MobileStudio Pro 13,Support Plan,244,288187.07,36222.67,324409.74
5/6/2024,Europe,Mobile Studio,MobileStudio Pro 16,Cloud Services,214,355173.41,50665.01,405838.42
5/7/2024,Europe,Accessories,Wacom Stand,Extended Warranty,123,69718.35,6912.74,76631.09
5/8/2024,Japan,Pen Tablet,One by Wacom,Training,210,18225.28,3105.77,21331.05
5/9/2024,North America,Pen Tablet,Wacom Intuos M,Extended Warranty,119,126297.72,20816.47,147114.19
5/10/2024,APAC,Accessories,ExpressKey Remote,Extended Warranty,174,222981.18,39542.89,262524.07
5/11/2024,Japan,Display Tablet,Cintiq 16,Training,154,125038.09,22342.74,147380.83
5/12/2024,Japan,Mobile Studio,MobileStudio Pro 16,Training,237,194570.06,8782.84,203352.9
5/13/2024,Europe,Accessories,ExpressKey Remote,Cloud Services,201,84678.06,12017.92,96695.98
5/14/2024,North America,Pen Tablet,Wacom Intuos M,Training,126,142484.87,22451.38,164936.25
5/15/2024,Latin America,Pen Tablet,One by Wacom,Support Plan,158,24636.89,2418.93,27055.82
5/16/2024,APAC,Display Tablet,Cintiq Pro 24,Support Plan,132,235277.21,26075.49,261352.7
5/17/2024,Europe,Display Tablet,Cintiq 16,Extended Warranty,205,68289.99,9207.52,77497.51
5/18/2024,North America,Display Tablet,Cintiq 16,Training,159,244097.89,10868.71,254966.6
5/19/2024,Europe,Display Tablet,Cintiq Pro 24,Training,199,100695.23,6218.53,106913.76
5/20/2024,Europe,Mobile Studio,MobileStudio Pro 16,Extended Warranty,133,110461.47,11294.87,121756.34
5/21/2024,Europe,Accessories,Pro Pen 2,Extended Warranty,191,182742.8,10211.74,192954.54
5/22/2024,North America,Accessories,ExpressKey Remote,Training,262,216424.81,36166.89,252591.7
5/23/2024,Latin America,Accessories,ExpressKey Remote,Cloud Services,135,92553.62,4675.12,97228.74
5/24/2024,Latin America,Mobile Studio,MobileStudio Pro 13,Extended Warranty,252,265450.16,34405.04,299855.2
5/25/2024,Japan,Pen Tablet,One by Wacom,Support Plan,159,58401.61,3081.49,61483.1
5/26/2024,APAC,Display Tablet,Cintiq Pro 24,Cloud Services,219,160145.09,25087.29,185232.38
5/27/2024,Japan,Pen Tablet,One by Wacom,Training,249,410811.15,69332.12,480143.27
5/28/2024,Latin America,Accessories,ExpressKey Remote,Support Plan,232,116455.83,19085.74,135541.57
5/29/2024,APAC,Display Tablet,Wacom One Display,Support Plan,151,129807.46,20427.94,150235.4
5/30/2024,North America,Pen Tablet,One by Wacom,Cloud Services,160,20524.87,2146.58,22671.45
5/31/2024,APAC,Pen Tablet,One by Wacom,Extended Warranty,169,23807.03,3375.86,27182.89
6/1/2024,APAC,Mobile Studio,MobileStudio Pro 13,Extended Warranty,231,324318.64,25160.31,349478.95
6/2/2024,Japan,Accessories,ExpressKey Remote,Support Plan,121,126378.88,13984.22,140363.1
6/3/2024,Europe,Pen Tablet,Wacom Intuos M,Training,174,229308.19,38981,268289.19
6/4/2024,Latin America,Accessories,Wacom Stand,Cloud Services,178,257948.38,39370.46,297318.84
6/5/2024,APAC,Accessories,ExpressKey Remote,Training,97,41865.79,4602.75,46468.54
6/6/2024,APAC,Accessories,ExpressKey Remote,Support Plan,147,34229.17,4690.55,38919.72
6/7/2024,North America,Display Tablet,Cintiq Pro 24,Training,113,39510.6,6259.78,45770.38
6/8/2024,Latin America,Pen Tablet,Wacom Intuos M,Support Plan,154,146304.54,16738.69,163043.23
6/9/2024,Latin America,Display Tablet,Cintiq Pro 24,Training,206,98292.85,9140.34,107433.19
6/10/2024,Europe,Mobile Studio,MobileStudio Pro 16,Support Plan,106,42079.22,6670.21,48749.43
6/11/2024,Europe,Mobile Studio,MobileStudio Pro 16,Training,149,142420.16,15057.87,157478.03
6/12/2024,Latin America,Accessories,Wacom Stand,Training,213,140484.17,8587.62,149071.79
6/13/2024,Japan,Mobile Studio,MobileStudio Pro 16,Cloud Services,189,301451.42,31124.78,332576.2
6/14/2024,Latin America,Display Tablet,Wacom One Display,Extended Warranty,214,284732.8,31115.26,315848.06
6/15/2024,Latin America,Mobile Studio,MobileStudio Pro 16,Cloud Services,161,224229.71,22567.98,246797.69
6/16/2024,Latin America,Accessories,Pro Pen 2,Training,140,238217.71,26469.61,264687.32
6/17/2024,Japan,Accessories,ExpressKey Remote,Training,185,180280.32,10468.31,190748.63
6/18/2024,Latin America,Accessories,Wacom Stand,Training,149,64628.35,7592.26,72220.61
6/19/2024,Japan,Pen Tablet,Wacom Intuos M,Cloud Services,154,270136.16,37423.17,307559.33
6/20/2024,APAC,Accessories,Pro Pen 2,Support Plan,168,266489.71,21530.94,288020.65
6/21/2024,Japan,Accessories,ExpressKey Remote,Extended Warranty,239,289845.43,42153.75,331999.18
6/22/2024,North America,Mobile Studio,MobileStudio Pro 13,Cloud Services,168,50536.15,8928.43,59464.58
6/23/2024,Japan,Display Tablet,Wacom One Display,Support Plan,180,113120.03,6636.63,119756.66
6/24/2024,North America,Display Tablet,Cintiq 16,Cloud Services,170,59071.88,6968.2,66040.08
6/25/2024,Latin America,Mobile Studio,MobileStudio Pro 16,Support Plan,225,18933.21,2147.95,21081.16
6/26/2024,North America,Pen Tablet,One by Wacom,Extended Warranty,230,100983.67,13216.09,114199.76
6/27/2024,Japan,Pen Tablet,One by Wacom,Support Plan,169,139676.48,24101.2,163777.68
6/28/2024,Latin America,Mobile Studio,MobileStudio Pro 16,Support Plan,217,93087.33,15166.17,108253.5
6/29/2024,North America,Mobile Studio,MobileStudio Pro 16,Training,157,193346.43,28924.64,222271.07
6/30/2024,Latin America,Display Tablet,Wacom One Display,Support Plan,134,101758.75,10719.16,112477.91
7/1/2024,Latin America,Accessories,Pro Pen 2,Training,194,51921.14,8740.01,60661.15
7/2/2024,APAC,Mobile Studio,MobileStudio Pro 16,Training,175,108573.44,17329.01,125902.45
7/3/2024,APAC,Pen Tablet,Wacom Intuos S,Training,202,307307.67,47261.54,354569.21
7/4/2024,North America,Accessories,Pro Pen 2,Support Plan,128,113416.28,15392.83,128809.11
7/5/2024,North America,Display Tablet,Cintiq Pro 24,Training,158,146028.39,11433.57,157461.96
7/6/2024,Latin America,Display Tablet,Cintiq Pro 24,Extended Warranty,105,139118.24,15506.29,154624.53
7/7/2024,Latin America,Pen Tablet,Wacom Intuos M,Support Plan,242,317023.22,24513.76,341536.98
7/8/2024,Japan,Pen Tablet,Wacom Intuos S,Cloud Services,263,412893.19,39725.61,452618.8
7/9/2024,APAC,Pen Tablet,Wacom Intuos S,Cloud Services,202,56125.19,2601.98,58727.17
7/10/2024,Europe,Accessories,Wacom Stand,Training,250,169498.97,24752.31,194251.28
7/11/2024,Latin America,Pen Tablet,Wacom Intuos S,Cloud Services,219,384411.65,63193.63,447605.28
7/12/2024,North America,Accessories,Pro Pen 2,Extended Warranty,191,340878.38,26091.12,366969.5
7/13/2024,Europe,Mobile Studio,MobileStudio Pro 16,Cloud Services,189,290748.62,12128.4,302877.02
7/14/2024,Europe,Mobile Studio,MobileStudio Pro 13,Training,115,125186.9,21041.15,146228.05
7/15/2024,Europe,Pen Tablet,One by Wacom,Extended Warranty,181,255128.93,11660.07,266789
7/16/2024,Europe,Accessories,Wacom Stand,Support Plan,140,149745.15,22475.94,172221.09
7/17/2024,APAC,Pen Tablet,One by Wacom,Support Plan,180,60686.67,6415.94,67102.61
7/18/2024,Latin America,Mobile Studio,MobileStudio Pro 16,Extended Warranty,242,145880.42,25624.84,171505.26
7/19/2024,Europe,Pen Tablet,Wacom Intuos S,Support Plan,146,97672.3,17574.03,115246.33
7/20/2024,Europe,Pen Tablet,One by Wacom,Support Plan,181,40508.03,3174.59,43682.62
7/21/2024,Europe,Display Tablet,Cintiq Pro 24,Extended Warranty,142,120947.24,7744.16,128691.4
7/22/2024,Latin America,Display Tablet,Wacom One Display,Extended Warranty,185,251180.15,41425.35,292605.5
7/23/2024,North America,Pen Tablet,One by Wacom,Cloud Services,192,100837.64,15973.69,116811.33
7/24/2024,North America,Accessories,Pro Pen 2,Extended Warranty,133,74687.7,12016.42,86704.12
7/25/2024,North America,Display Tablet,Wacom One Display,Cloud Services,158,56101.92,5236.43,61338.35
7/26/2024,APAC,Display Tablet,Cintiq Pro 24,Support Plan,179,85049.74,8789.99,93839.73
7/27/2024,North America,Display Tablet,Cintiq 16,Support Plan,138,115046,15720.62,130766.62
7/28/2024,APAC,Mobile Studio,MobileStudio Pro 16,Extended Warranty,124,201518.45,27790.15,229308.6
7/29/2024,Latin America,Pen Tablet,Wacom Intuos S,Extended Warranty,134,110545.78,14090.93,124636.71
7/30/2024,Latin America,Pen Tablet,Wacom Intuos S,Cloud Services,139,240604.61,37270.38,277874.99
7/31/2024,APAC,Accessories,ExpressKey Remote,Extended Warranty,174,157280.64,11956.89,169237.53
8/1/2024,North America,Mobile Studio,MobileStudio Pro 13,Cloud Services,73,70340,5316.39,75656.39
8/2/2024,Japan,Mobile Studio,MobileStudio Pro 16,Training,134,241088.93,21425.95,262514.88
8/3/2024,Latin America,Accessories,Pro Pen 2,Training,143,108359.6,4598.73,112958.33
8/4/2024,Latin America,Accessories,Pro Pen 2,Training,188,251790.97,13794.29,265585.26
8/5/2024,North America,Mobile Studio,MobileStudio Pro 16,Support Plan,204,19866.22,2783.83,22650.05
8/6/2024,Japan,Display Tablet,Wacom One Display,Extended Warranty,248,440127.83,25331.06,465458.89
8/7/2024,North America,Display Tablet,Cintiq 16,Cloud Services,212,114308.59,17510.93,131819.52
8/8/2024,Europe,Display Tablet,Wacom One Display,Support Plan,153,15538.77,2600.74,18139.51
8/9/2024,Japan,Accessories,ExpressKey Remote,Extended Warranty,231,296582.62,39983.98,336566.6
8/10/2024,APAC,Mobile Studio,MobileStudio Pro 13,Cloud Services,130,187595.59,14408.84,202004.43
8/11/2024,Latin America,Display Tablet,Wacom One Display,Extended Warranty,208,154747.36,6703.18,161450.54
8/12/2024,Japan,Mobile Studio,MobileStudio Pro 16,Support Plan,145,168280.81,9086.1,177366.91
8/13/2024,Europe,Pen Tablet,One by Wacom,Support Plan,171,105263.89,13946.65,119210.54
8/14/2024,APAC,Mobile Studio,MobileStudio Pro 16,Extended Warranty,157,153229.22,14214.83,167444.05
8/15/2024,APAC,Pen Tablet,Wacom Intuos S,Cloud Services,220,178127.35,15415.55,193542.9
8/16/2024,Europe,Mobile Studio,MobileStudio Pro 16,Support Plan,101,52391.93,7344.72,59736.65
8/17/2024,Latin America,Accessories,Wacom Stand,Training,230,352590.12,32244.78,384834.9
8/18/2024,APAC,Pen Tablet,One by Wacom,Extended Warranty,218,273557.26,16196.69,289753.95
8/19/2024,Latin America,Display Tablet,Cintiq 16,Cloud Services,153,132593.16,17565.21,150158.37
8/20/2024,Japan,Pen Tablet,Wacom Intuos M,Extended Warranty,121,56026.45,5008.39,61034.84
8/21/2024,Latin America,Pen Tablet,Wacom Intuos M,Cloud Services,222,199320.47,20559.79,219880.26
8/22/2024,North America,Accessories,Pro Pen 2,Cloud Services,223,192839.69,15257.78,208097.47
8/23/2024,Japan,Mobile Studio,MobileStudio Pro 13,Support Plan,168,174295.32,12684.25,186979.57
8/24/2024,Japan,Display Tablet,Cintiq 16,Cloud Services,236,204988.24,22381.07,227369.31
8/25/2024,Japan,Display Tablet,Wacom One Display,Extended Warranty,117,41024.01,2529.6,43553.61
8/26/2024,Latin America,Mobile Studio,MobileStudio Pro 16,Training,178,206132.84,32462.61,238595.45
8/27/2024,Japan,Mobile Studio,MobileStudio Pro 16,Cloud Services,180,153551.94,14602.68,168154.62
8/28/2024,Europe,Pen Tablet,Wacom Intuos S,Training,182,147275.93,13920.86,161196.79
8/29/2024,Europe,Display Tablet,Wacom One Display,Training,179,192257.88,29389.2,221647.08
8/30/2024,APAC,Mobile Studio,MobileStudio Pro 16,Cloud Services,203,50557.04,8937.52,59494.56
8/31/2024,Latin America,Pen Tablet,One by Wacom,Extended Warranty,151,98279.55,12166.99,110446.54
9/1/2024,Europe,Pen Tablet,Wacom Intuos S,Support Plan,176,42796.63,2301.49,45098.12
9/2/2024,North America,Display Tablet,Cintiq 16,Extended Warranty,102,129550.7,5487.21,135037.91
9/3/2024,North America,Display Tablet,Wacom One Display,Cloud Services,165,137599.93,7073.7,144673.63
9/4/2024,Europe,Display Tablet,Cintiq Pro 24,Cloud Services,195,97221.35,4487.35,101708.7
9/5/2024,Japan,Display Tablet,Cintiq 16,Cloud Services,159,99481.15,12932.98,112414.13
9/6/2024,Europe,Pen Tablet,Wacom Intuos M,Training,215,162128.2,14395.49,176523.69
9/7/2024,Latin America,Pen Tablet,Wacom Intuos S,Training,126,121991.92,11457.98,133449.9
9/8/2024,North America,Accessories,ExpressKey Remote,Extended Warranty,80,105871.95,9877.09,115749.04
9/9/2024,Japan,Pen Tablet,Wacom Intuos S,Extended Warranty,203,245063.72,27127.6,272191.32
9/10/2024,APAC,Pen Tablet,Wacom Intuos S,Extended Warranty,174,267188.95,24707.61,291896.56
9/11/2024,North America,Accessories,Pro Pen 2,Extended Warranty,151,176171.5,20748.28,196919.78
9/12/2024,Latin America,Mobile Studio,MobileStudio Pro 16,Support Plan,153,53846.07,5223.89,59069.96
9/13/2024,Europe,Display Tablet,Cintiq 16,Training,183,293193.16,43449.94,336643.1
9/14/2024,North America,Accessories,ExpressKey Remote,Cloud Services,208,298580.97,18963.2,317544.17
9/15/2024,North America,Mobile Studio,MobileStudio Pro 13,Training,156,147124.27,9845.03,156969.3
9/16/2024,Japan,Accessories,ExpressKey Remote,Support Plan,113,197391.7,26086.03,223477.73
9/17/2024,Europe,Accessories,Wacom Stand,Training,196,209312.01,24733.57,234045.58
9/18/2024,APAC,Mobile Studio,MobileStudio Pro 13,Cloud Services,107,145612.96,15893.5,161506.46
9/19/2024,North America,Mobile Studio,MobileStudio Pro 16,Training,151,116155,7285.91,123440.91
9/20/2024,Europe,Display Tablet,Wacom One Display,Extended Warranty,143,231769.61,32052.49,263822.1
9/21/2024,North America,Mobile Studio,MobileStudio Pro 16,Extended Warranty,259,288550.65,14764.37,303315.02
9/22/2024,North America,Mobile Studio,MobileStudio Pro 13,Training,201,345724.37,62017.3,407741.67
9/23/2024,Japan,Accessories,ExpressKey Remote,Extended Warranty,164,52472.76,4574.04,57046.8
9/24/2024,North America,Accessories,Pro Pen 2,Training,239,65302.83,4599.93,69902.76
9/25/2024,Europe,Accessories,Wacom Stand,Support Plan,204,201742.5,18082.54,219825.04
9/26/2024,APAC,Display Tablet,Cintiq 16,Support Plan,166,174164.47,23570.6,197735.07
9/27/2024,Europe,Display Tablet,Cintiq 16,Training,244,114550.32,12601.62,127151.94
9/28/2024,Latin America,Accessories,Pro Pen 2,Training,212,56602.58,2762.48,59365.06
9/29/2024,Japan,Accessories,ExpressKey Remote,Training,148,250441.97,43573.31,294015.28
9/30/2024,APAC,Accessories,ExpressKey Remote,Training,103,119530.66,15195.73,134726.39
10/1/2024,Latin America,Display Tablet,Wacom One Display,Support Plan,124,42854.58,2457.54,45312.12
10/2/2024,Japan,Accessories,Wacom Stand,Support Plan,253,432542.7,39105.08,471647.78
10/3/2024,APAC,Accessories,ExpressKey Remote,Extended Warranty,125,112695.18,17399.5,130094.68
10/4/2024,Latin America,Display Tablet,Cintiq Pro 24,Cloud Services,156,111846.27,16172.16,128018.43
10/5/2024,Japan,Pen Tablet,Wacom Intuos S,Extended Warranty,239,327319.55,53681.82,381001.37
10/6/2024,North America,Accessories,ExpressKey Remote,Extended Warranty,167,184143.91,26731.16,210875.07
10/7/2024,Japan,Pen Tablet,Wacom Intuos M,Training,174,113834.58,7247.29,121081.87
10/8/2024,Japan,Display Tablet,Wacom One Display,Cloud Services,161,282810.35,20873.36,303683.71
10/9/2024,Latin America,Display Tablet,Cintiq Pro 24,Extended Warranty,164,194767.66,27061.95,221829.61
10/10/2024,Latin America,Pen Tablet,Wacom Intuos M,Extended Warranty,254,138638.22,19291.6,157929.82
10/11/2024,Japan,Accessories,ExpressKey Remote,Extended Warranty,262,193388.06,28688.22,222076.28
10/12/2024,Latin America,Accessories,Wacom Stand,Extended Warranty,149,240100.95,29617.65,269718.6
10/13/2024,Europe,Mobile Studio,MobileStudio Pro 16,Support Plan,178,233734.23,24965.35,258699.58
10/14/2024,Latin America,Display Tablet,Wacom One Display,Extended Warranty,109,179162.58,16115.84,195278.42
10/15/2024,APAC,Display Tablet,Wacom One Display,Extended Warranty,164,40170.95,4783.47,44954.42
10/16/2024,Latin America,Pen Tablet,Wacom Intuos S,Support Plan,256,270299.5,40086.97,310386.47
10/17/2024,APAC,Accessories,ExpressKey Remote,Support Plan,160,167247.06,7325.35,174572.41
10/18/2024,Latin America,Mobile Studio,MobileStudio Pro 16,Support Plan,161,208153.58,36558.83,244712.41
10/19/2024,Japan,Pen Tablet,Wacom Intuos M,Training,193,120623.21,15450.35,136073.56
10/20/2024,Latin America,Pen Tablet,Wacom Intuos S,Support Plan,181,32463.09,1880,34343.09
10/21/2024,APAC,Pen Tablet,One by Wacom,Cloud Services,174,252413.76,39720.75,292134.51
10/22/2024,Japan,Accessories,Wacom Stand,Training,226,306529.58,44152.89,350682.47
10/23/2024,Japan,Pen Tablet,Wacom Intuos M,Extended Warranty,170,273883.53,28381.08,302264.61
10/24/2024,North America,Accessories,Wacom Stand,Support Plan,180,177959.35,8952.36,186911.71
10/25/2024,Japan,Accessories,Wacom Stand,Support Plan,250,124655.42,21871.7,146527.12
10/26/2024,Japan,Mobile Studio,MobileStudio Pro 13,Support Plan,205,211519.45,37680.01,249199.46
10/27/2024,Latin America,Mobile Studio,MobileStudio Pro 16,Training,229,57887.53,6547.36,64434.89
10/28/2024,North America,Display Tablet,Cintiq 16,Training,128,208316.36,8360.52,216676.88
10/29/2024,Europe,Mobile Studio,MobileStudio Pro 13,Support Plan,269,98371.71,12554.96,110926.67
10/30/2024,Latin America,Pen Tablet,One by Wacom,Extended Warranty,183,306292.75,40560.7,346853.45
10/31/2024,Japan,Pen Tablet,One by Wacom,Support Plan,206,357320.67,62434.04,419754.71
11/1/2024,Europe,Pen Tablet,Wacom Intuos S,Training,171,99471.3,17621.61,117092.91
11/2/2024,Japan,Display Tablet,Wacom One Display,Training,160,47217.62,4419.36,51636.98
11/3/2024,Latin America,Display Tablet,Cintiq Pro 24,Support Plan,211,164456.75,10504.7,174961.45
11/4/2024,North America,Accessories,Pro Pen 2,Training,138,100469.76,15415.01,115884.77
11/5/2024,Japan,Accessories,Wacom Stand,Cloud Services,124,160879.88,21420.81,182300.69
11/6/2024,APAC,Accessories,Pro Pen 2,Training,164,237841.1,24890.97,262732.07
11/7/2024,Japan,Accessories,Pro Pen 2,Cloud Services,234,403446.17,61834.77,465280.94
11/8/2024,Europe,Display Tablet,Cintiq Pro 24,Cloud Services,138,161189.75,23524.83,184714.58
11/9/2024,Europe,Pen Tablet,Wacom Intuos M,Training,156,100521.96,10773.77,111295.73
11/10/2024,Japan,Mobile Studio,MobileStudio Pro 16,Cloud Services,170,211306.41,16247.03,227553.44
11/11/2024,Europe,Mobile Studio,MobileStudio Pro 13,Training,123,12007.51,1050.95,13058.46
11/12/2024,Latin America,Accessories,Pro Pen 2,Extended Warranty,126,68707.01,3178.92,71885.93
11/13/2024,Latin America,Accessories,ExpressKey Remote,Extended Warranty,212,70684.09,12306.72,82990.81
11/14/2024,APAC,Mobile Studio,MobileStudio Pro 16,Extended Warranty,150,220085.58,36422.67,256508.25
11/15/2024,Japan,Mobile Studio,MobileStudio Pro 13,Extended Warranty,99,118917.88,11402.06,130319.94
11/16/2024,Europe,Mobile Studio,MobileStudio Pro 13,Cloud Services,258,149701.63,26899.29,176600.92
11/17/2024,Latin America,Accessories,Pro Pen 2,Training,254,153392.05,15810.98,169203.03
11/18/2024,Latin America,Display Tablet,Cintiq 16,Support Plan,166,101622.73,13693.5,115316.23
11/19/2024,Japan,Mobile Studio,MobileStudio Pro 13,Support Plan,248,86479.07,8568.58,95047.65
11/20/2024,Europe,Display Tablet,Cintiq Pro 24,Cloud Services,237,366267.49,51774.15,418041.64
11/21/2024,Europe,Pen Tablet,Wacom Intuos S,Cloud Services,237,263907.3,31190.51,295097.81
11/22/2024,North America,Pen Tablet,Wacom Intuos M,Cloud Services,202,297140.94,42847.22,339988.16
11/23/2024,Latin America,Display Tablet,Cintiq Pro 24,Cloud Services,157,57240.72,6988.48,64229.2
11/24/2024,North America,Display Tablet,Cintiq 16,Extended Warranty,135,227144.1,22359.66,249503.76
11/25/2024,APAC,Display Tablet,Cintiq Pro 24,Support Plan,193,22678.31,2506.52,25184.83
11/26/2024,North America,Display Tablet,Cintiq 16,Extended Warranty,167,116305.88,4745.55,121051.43
11/27/2024,Latin America,Display Tablet,Wacom One Display,Cloud Services,144,92039.07,7017,99056.07
11/28/2024,Europe,Accessories,ExpressKey Remote,Extended Warranty,115,22510.72,2169.84,24680.56
11/29/2024,APAC,Accessories,Pro Pen 2,Training,155,188046.76,21386.24,209433
11/30/2024,APAC,Display Tablet,Wacom One Display,Extended Warranty,239,346329.34,60205.13,406534.47
12/1/2024,Japan,Mobile Studio,MobileStudio Pro 13,Cloud Services,228,289831.8,26781.07,316612.87
12/2/2024,Latin America,Display Tablet,Cintiq 16,Support Plan,239,268442.42,25857.99,294300.41
12/3/2024,North America,Mobile Studio,MobileStudio Pro 16,Support Plan,172,198174.8,22194.91,220369.71
12/4/2024,Latin America,Accessories,Wacom Stand,Extended Warranty,131,194175.67,9622.73,203798.4
12/5/2024,Latin America,Accessories,Wacom Stand,Extended Warranty,185,77055.71,5389.23,82444.94
12/6/2024,North America,Display Tablet,Wacom One Display,Extended Warranty,185,224584.76,12287.25,236872.01
12/7/2024,Europe,Mobile Studio,MobileStudio Pro 13,Training,200,356099.75,29349.56,385449.31
12/8/2024,APAC,Pen Tablet,One by Wacom,Support Plan,107,120060.43,17945.71,138006.14
12/9/2024,Japan,Accessories,ExpressKey Remote,Extended Warranty,222,340985.78,40804.35,381790.13
12/10/2024,Japan,Pen Tablet,One by Wacom,Extended Warranty,197,173469.91,30913.66,204383.57
12/11/2024,North America,Pen Tablet,Wacom Intuos M,Support Plan,188,209363.59,24050.35,233413.94
12/12/2024,Europe,Mobile Studio,MobileStudio Pro 16,Cloud Services,88,88427.18,4141.96,92569.14
12/13/2024,Europe,Display Tablet,Cintiq 16,Cloud Services,229,38389.75,6286.66,44676.41
12/14/2024,Latin America,Display Tablet,Cintiq Pro 24,Extended Warranty,176,184338.69,8782.35,193121.04
12/15/2024,Europe,Accessories,Pro Pen 2,Extended Warranty,138,95966.37,15393.33,111359.7
12/16/2024,Europe,Mobile Studio,MobileStudio Pro 16,Support Plan,229,297920.56,43483.9,341404.46
12/17/2024,Europe,Pen Tablet,Wacom Intuos S,Extended Warranty,229,309702.56,43547.95,353250.51
12/18/2024,APAC,Pen Tablet,One by Wacom,Support Plan,174,292992.64,49192.28,342184.92
12/19/2024,Latin America,Display Tablet,Cintiq Pro 24,Support Plan,140,56285.13,5154.24,61439.37
12/20/2024,North America,Pen Tablet,One by Wacom,Cloud Services,175,208499.93,37059.87,245559.8
12/21/2024,North America,Mobile Studio,MobileStudio Pro 16,Support Plan,204,241963.8,25136.06,267099.86
12/22/2024,North America,Accessories,ExpressKey Remote,Cloud Services,200,198774.59,20541.89,219316.48
12/23/2024,Latin America,Pen Tablet,One by Wacom,Cloud Services,180,136558.88,12857.73,149416.61
12/24/2024,North America,Mobile Studio,MobileStudio Pro 13,Training,280,172364.13,11057.45,183421.58
12/25/2024,North America,Accessories,Wacom Stand,Cloud Services,124,79666.76,3716.25,83383.01
12/26/2024,Japan,Mobile Studio,MobileStudio Pro 13,Training,162,216564.63,19252.1,235816.73
12/27/2024,Europe,Pen Tablet,Wacom Intuos M,Training,162,131759.07,9172.55,140931.62
12/28/2024,Japan,Pen Tablet,Wacom Intuos M,Training,214,160320.49,26652.06,186972.55
12/29/2024,Latin America,Pen Tablet,Wacom Intuos S,Training,176,287108.21,33463.71,320571.92
12/30/2024,APAC,Display Tablet,Wacom One Display,Cloud Services,210,130244.58,14998.44,145243.02
12/31/2024,APAC,Pen Tablet,Wacom Intuos S,Training,174,52851.27,2386.74,55238.01
1/1/2025,Japan,Mobile Studio,MobileStudio Pro 13,Cloud Services,235,216437.68,20303.01,236740.69
1/2/2025,Europe,Accessories,Wacom Stand,Support Plan,172,207802.08,22249.16,230051.24
1/3/2025,APAC,Mobile Studio,MobileStudio Pro 16,Cloud Services,204,80954.8,4274.89,85229.69
1/4/2025,Latin America,Accessories,Pro Pen 2,Cloud Services,158,264139.98,21593.5,285733.48
1/5/2025,Latin America,Pen Tablet,Wacom Intuos M,Extended Warranty,230,235333.13,14220.02,249553.15
1/6/2025,Latin America,Pen Tablet,One by Wacom,Cloud Services,213,145456.74,13074.01,158530.75
1/7/2025,APAC,Mobile Studio,MobileStudio Pro 13,Cloud Services,147,41863.46,6302.59,48166.05
1/8/2025,APAC,Display Tablet,Cintiq 16,Support Plan,167,77769.07,5950.38,83719.45
1/9/2025,North America,Pen Tablet,One by Wacom,Support Plan,120,186161.51,30856.83,217018.34
1/10/2025,APAC,Display Tablet,Cintiq 16,Training,206,106750.61,9071.96,115822.57
1/11/2025,Europe,Mobile Studio,MobileStudio Pro 16,Extended Warranty,184,318350.94,38388.31,356739.25
1/12/2025,Japan,Accessories,ExpressKey Remote,Support Plan,166,223783.77,11932.62,235716.39
1/13/2025,APAC,Pen Tablet,Wacom Intuos S,Extended Warranty,226,98191.76,15992.38,114184.14
1/14/2025,Europe,Mobile Studio,MobileStudio Pro 13,Support Plan,223,93709.88,7457.91,101167.79
1/15/2025,North America,Mobile Studio,MobileStudio Pro 13,Extended Warranty,198,353897.5,22158.61,376056.11
1/16/2025,Latin America,Display Tablet,Cintiq 16,Cloud Services,141,168406.09,23605.32,192011.41
1/17/2025,Latin America,Mobile Studio,MobileStudio Pro 13,Support Plan,167,39073.42,3519.94,42593.36
1/18/2025,Japan,Pen Tablet,One by Wacom,Cloud Services,182,270921.87,37916.11,308837.98
1/19/2025,APAC,Mobile Studio,MobileStudio Pro 13,Support Plan,196,232198.06,21297.07,253495.13
1/20/2025,Europe,Mobile Studio,MobileStudio Pro 13,Training,254,157573.11,15532.7,173105.81
1/21/2025,APAC,Pen Tablet,Wacom Intuos S,Cloud Services,198,264845.18,40516.06,305361.24
1/22/2025,Europe,Accessories,Pro Pen 2,Extended Warranty,150,159687.18,7246.34,166933.52
1/23/2025,Japan,Mobile Studio,MobileStudio Pro 16,Cloud Services,181,80726.28,5265.55,85991.83
1/24/2025,Europe,Accessories,Wacom Stand,Extended Warranty,155,229404.66,20528.62,249933.28
1/25/2025,Europe,Accessories,ExpressKey Remote,Training,195,176639.78,13855.94,190495.72
1/26/2025,Europe,Display Tablet,Cintiq 16,Cloud Services,181,299769.42,35078.35,334847.77
1/27/2025,Europe,Pen Tablet,Wacom Intuos M,Training,157,83937.41,3587.23,87524.64
1/28/2025,North America,Display Tablet,Wacom One Display,Support Plan,107,192595.77,28256.16,220851.93
1/29/2025,North America,Pen Tablet,One by Wacom,Cloud Services,145,94461.78,10420.92,104882.7
1/30/2025,Japan,Mobile Studio,MobileStudio Pro 16,Support Plan,179,239809.91,15911.76,255721.67
1/31/2025,Latin America,Display Tablet,Cintiq 16,Extended Warranty,77,133892.25,21256.54,155148.79
2/1/2025,North America,Mobile Studio,MobileStudio Pro 16,Extended Warranty,235,239161.21,11554.07,250715.28
2/2/2025,Japan,Mobile Studio,MobileStudio Pro 16,Extended Warranty,182,287026.14,38502.02,325528.16
2/3/2025,APAC,Accessories,ExpressKey Remote,Support Plan,233,159626.67,16712.07,176338.74
2/4/2025,Europe,Accessories,Pro Pen 2,Support Plan,130,184922.78,27364.93,212287.71
2/5/2025,Latin America,Mobile Studio,MobileStudio Pro 13,Support Plan,105,24135.55,2287.55,26423.1
2/6/2025,Europe,Mobile Studio,MobileStudio Pro 13,Training,234,222980.46,34599.93,257580.39
2/7/2025,Europe,Pen Tablet,One by Wacom,Training,138,102079.88,13349.69,115429.57
2/8/2025,Japan,Display Tablet,Cintiq Pro 24,Extended Warranty,157,156207.36,7443.16,163650.52
2/9/2025,APAC,Display Tablet,Wacom One Display,Support Plan,183,225932.23,18473.61,244405.84
2/10/2025,APAC,Mobile Studio,MobileStudio Pro 13,Extended Warranty,207,123065.48,10462.81,133528.29
2/11/2025,Europe,Mobile Studio,MobileStudio Pro 16,Cloud Services,150,87633.79,4981.43,92615.22
2/12/2025,North America,Pen Tablet,Wacom Intuos S,Training,177,25313.14,3258.9,28572.04
2/13/2025,Japan,Pen Tablet,Wacom Intuos M,Cloud Services,173,296499.08,15000.58,311499.66
2/14/2025,North America,Pen Tablet,Wacom Intuos S,Support Plan,130,212249.64,9323.57,221573.21
2/15/2025,Latin America,Mobile Studio,MobileStudio Pro 13,Training,180,64085.97,9657.17,73743.14
2/16/2025,Latin America,Display Tablet,Cintiq 16,Training,187,335857.43,42492.03,378349.46
2/17/2025,North America,Display Tablet,Cintiq 16,Training,169,252224.03,38733.04,290957.07
2/18/2025,Latin America,Pen Tablet,Wacom Intuos S,Cloud Services,212,273559.41,26432.04,299991.45
2/19/2025,North America,Display Tablet,Cintiq 16,Cloud Services,127,122136.5,14698.01,136834.51
2/20/2025,North America,Display Tablet,Cintiq Pro 24,Cloud Services,188,36118.05,3076.16,39194.21
2/21/2025,Japan,Accessories,Wacom Stand,Cloud Services,122,149917.01,14712.4,164629.41
2/22/2025,Latin America,Display Tablet,Cintiq 16,Cloud Services,151,189944.53,26909.29,216853.82
2/23/2025,Japan,Accessories,Wacom Stand,Training,92,24210.96,1436.4,25647.36
2/24/2025,Europe,Accessories,ExpressKey Remote,Support Plan,145,236532.82,11081.73,247614.55
2/25/2025,Japan,Display Tablet,Cintiq Pro 24,Extended Warranty,223,358031.32,43241.74,401273.06
2/26/2025,APAC,Display Tablet,Wacom One Display,Support Plan,86,147290.42,17699.46,164989.88
2/27/2025,North America,Display Tablet,Cintiq 16,Support Plan,193,124042.93,17200.89,141243.82
2/28/2025,North America,Mobile Studio,MobileStudio Pro 16,Training,194,143986.93,12152.26,156139.19
3/1/2025,APAC,Accessories,Wacom Stand,Cloud Services,116,114672.66,5238.84,119911.5
3/2/2025,Europe,Display Tablet,Wacom One Display,Cloud Services,211,298652.71,17899.54,316552.25
3/3/2025,APAC,Display Tablet,Cintiq 16,Training,228,274740.04,46960.85,321700.89
3/4/2025,APAC,Display Tablet,Wacom One Display,Training,157,111896.3,14384.4,126280.7
3/5/2025,Japan,Mobile Studio,MobileStudio Pro 16,Cloud Services,164,276963.16,26649.38,303612.54
3/6/2025,North America,Display Tablet,Cintiq 16,Extended Warranty,173,300585.91,50380.67,350966.58
3/7/2025,Europe,Mobile Studio,MobileStudio Pro 16,Cloud Services,136,116538.27,18541.56,135079.83
3/8/2025,APAC,Accessories,Pro Pen 2,Cloud Services,108,133697.35,12349.15,146046.5
3/9/2025,North America,Display Tablet,Cintiq 16,Support Plan,155,121267.23,8667.06,129934.29
3/10/2025,Europe,Display Tablet,Wacom One Display,Extended Warranty,150,226204.99,12575.62,238780.61
3/11/2025,Latin America,Pen Tablet,Wacom Intuos S,Support Plan,186,191650.48,24899.55,216550.03
3/12/2025,APAC,Pen Tablet,Wacom Intuos S,Extended Warranty,197,172648.12,15922.34,188570.46
3/13/2025,North America,Display Tablet,Cintiq 16,Training,199,161728.58,11807.47,173536.05
3/14/2025,APAC,Pen Tablet,One by Wacom,Support Plan,203,306350.37,45240.49,351590.86
3/15/2025,Japan,Display Tablet,Cintiq 16,Support Plan,242,42994.54,4122.8,47117.34
3/16/2025,Latin America,Accessories,Wacom Stand,Training,127,68254.01,8463.78,76717.79
3/17/2025,APAC,Display Tablet,Wacom One Display,Extended Warranty,156,102203.39,7535.41,109738.8
3/18/2025,Japan,Pen Tablet,Wacom Intuos M,Training,210,175856.3,9296.01,185152.31
3/19/2025,Japan,Pen Tablet,Wacom Intuos S,Extended Warranty,206,305690.76,51209.07,356899.83
3/20/2025,APAC,Pen Tablet,Wacom Intuos M,Extended Warranty,160,190198.33,15272.21,205470.54
3/21/2025,Japan,Mobile Studio,MobileStudio Pro 16,Cloud Services,165,269419.81,42789.95,312209.76
3/22/2025,North America,Accessories,ExpressKey Remote,Cloud Services,230,29471.48,2614.16,32085.64
3/23/2025,Latin America,Display Tablet,Cintiq 16,Training,198,102584.12,8142.09,110726.21
3/24/2025,Europe,Display Tablet,Cintiq 16,Support Plan,233,169914.67,30055.31,199969.98
3/25/2025,Japan,Accessories,Wacom Stand,Support Plan,108,25018.11,4337.32,29355.43
3/26/2025,Latin America,Display Tablet,Cintiq Pro 24,Training,132,208911.17,14251.47,223162.64
3/27/2025,North America,Mobile Studio,MobileStudio Pro 16,Cloud Services,163,154597.9,11010.23,165608.13
3/28/2025,Latin America,Display Tablet,Cintiq 16,Cloud Services,164,251932.94,29144.6,281077.54
3/29/2025,Europe,Accessories,Pro Pen 2,Extended Warranty,179,68768.23,6721.42,75489.65
3/30/2025,North America,Accessories,ExpressKey Remote,Extended Warranty,253,401439,37388.89,438827.89
3/31/2025,Latin America,Pen Tablet,One by Wacom,Support Plan,159,109576.93,11798.79,121375.72
4/1/2025,APAC,Pen Tablet,One by Wacom,Extended Warranty,169,112184.13,19330.57,131514.7
4/2/2025,APAC,Accessories,Pro Pen 2,Support Plan,193,248279.02,18644.67,266923.69
4/3/2025,Japan,Accessories,ExpressKey Remote,Training,172,208815.5,36791.86,245607.36
4/4/2025,APAC,Mobile Studio,MobileStudio Pro 13,Extended Warranty,160,100191.11,7557.31,107748.42
4/5/2025,APAC,Mobile Studio,MobileStudio Pro 16,Support Plan,163,54137.24,8261.84,62399.08
4/6/2025,North America,Mobile Studio,MobileStudio Pro 13,Cloud Services,147,34545.5,4734.28,39279.78
4/7/2025,Japan,Display Tablet,Cintiq 16,Training,174,229030.73,32932.46,261963.19
4/8/2025,Latin America,Display Tablet,Wacom One Display,Cloud Services,177,35429.53,4392.61,39822.14
4/9/2025,North America,Mobile Studio,MobileStudio Pro 13,Training,181,103629.48,7264.37,110893.85
4/10/2025,Europe,Pen Tablet,Wacom Intuos M,Extended Warranty,145,156561.15,16858.91,173420.06
4/11/2025,APAC,Pen Tablet,One by Wacom,Cloud Services,217,107769.33,17008.41,124777.74
4/12/2025,APAC,Pen Tablet,Wacom Intuos M,Extended Warranty,155,46326.88,5095.68,51422.56
4/13/2025,APAC,Pen Tablet,Wacom Intuos M,Training,171,67877.49,8310.06,76187.55
4/14/2025,Latin America,Mobile Studio,MobileStudio Pro 16,Support Plan,201,106420.13,5500.88,111921.01
4/15/2025,Latin America,Display Tablet,Cintiq 16,Support Plan,189,267780.41,47095.17,314875.58
4/16/2025,North America,Mobile Studio,MobileStudio Pro 16,Training,161,104100.83,14489.5,118590.33
4/17/2025,APAC,Pen Tablet,One by Wacom,Training,155,70877.55,9841.94,80719.49
4/18/2025,North America,Display Tablet,Cintiq 16,Extended Warranty,171,44015.2,2683.01,46698.21
4/19/2025,APAC,Accessories,ExpressKey Remote,Extended Warranty,250,51838.36,9029.18,60867.54
4/20/2025,Europe,Accessories,Pro Pen 2,Training,221,376956.32,50050.89,427007.21
4/21/2025,Europe,Mobile Studio,MobileStudio Pro 16,Support Plan,232,349315.83,38866.08,388181.91
4/22/2025,Latin America,Pen Tablet,Wacom Intuos S,Cloud Services,186,146344.57,23747.67,170092.24
4/23/2025,APAC,Accessories,Wacom Stand,Cloud Services,171,28667.48,4878.27,33545.75
4/24/2025,Japan,Display Tablet,Cintiq 16,Extended Warranty,174,257434.58,31054,288488.58
4/25/2025,North America,Pen Tablet,Wacom Intuos M,Support Plan,223,186750.93,7594.27,194345.2
4/26/2025,APAC,Pen Tablet,Wacom Intuos M,Training,202,40482.04,2586.41,43068.45
4/27/2025,North America,Display Tablet,Cintiq 16,Training,214,101353.82,7102.34,108456.16
4/28/2025,Latin America,Pen Tablet,Wacom Intuos S,Support Plan,187,207069.42,15556.5,222625.92
4/29/2025,North America,Mobile Studio,MobileStudio Pro 16,Training,201,328723.65,43306.23,372029.88
4/30/2025,Europe,Mobile Studio,MobileStudio Pro 16,Cloud Services,141,214434.04,28927.37,243361.41
5/1/2025,Japan,Display Tablet,Cintiq 16,Training,202,343126.81,20542.21,363669.02
5/2/2025,Europe,Display Tablet,Wacom One Display,Extended Warranty,158,56330.5,8673.68,65004.18
5/3/2025,Japan,Mobile Studio,MobileStudio Pro 16,Cloud Services,282,43334.26,5597.86,48932.12
5/4/2025,Japan,Pen Tablet,One by Wacom,Extended Warranty,172,244494.27,40569.97,285064.24
5/5/2025,Japan,Accessories,Wacom Stand,Cloud Services,171,144274.58,13817,158091.58
5/6/2025,Japan,Pen Tablet,Wacom Intuos M,Cloud Services,118,165377.67,11291.73,176669.4
5/7/2025,APAC,Accessories,Wacom Stand,Cloud Services,156,242505.44,28752.58,271258.02
5/8/2025,Europe,Accessories,Wacom Stand,Support Plan,145,25442.61,2225.59,27668.2
5/9/2025,Japan,Display Tablet,Wacom One Display,Training,125,214695.56,25399.56,240095.12
5/10/2025,Latin America,Pen Tablet,Wacom Intuos M,Training,195,275754.69,38145.94,313900.63
5/11/2025,Europe,Display Tablet,Cintiq 16,Cloud Services,154,168043.83,29446.3,197490.13
5/12/2025,North America,Mobile Studio,MobileStudio Pro 16,Extended Warranty,235,19712.92,1453.47,21166.39
5/13/2025,North America,Mobile Studio,MobileStudio Pro 16,Extended Warranty,137,158372.37,10664.83,169037.2
5/14/2025,Europe,Mobile Studio,MobileStudio Pro 13,Cloud Services,162,81223.34,8787.97,90011.31
5/15/2025,Latin America,Mobile Studio,MobileStudio Pro 13,Extended Warranty,227,249197.96,30591.69,279789.65
5/16/2025,North America,Mobile Studio,MobileStudio Pro 13,Extended Warranty,170,13919.32,2244.54,16163.86
5/17/2025,North America,Accessories,ExpressKey Remote,Training,216,328283.3,20959.97,349243.27
5/18/2025,Japan,Pen Tablet,Wacom Intuos S,Cloud Services,203,341361.15,23657.69,365018.84
5/19/2025,Europe,Mobile Studio,MobileStudio Pro 16,Cloud Services,164,208371.23,19806.05,228177.28
5/20/2025,Latin America,Display Tablet,Cintiq Pro 24,Cloud Services,221,373445.22,45713.94,419159.16
5/21/2025,Europe,Pen Tablet,Wacom Intuos S,Training,130,207604.58,27089.13,234693.71
5/22/2025,North America,Pen Tablet,One by Wacom,Extended Warranty,177,300139.77,18585.69,318725.46
5/23/2025,Japan,Pen Tablet,One by Wacom,Training,179,316174.45,31428.57,347603.02
5/24/2025,Latin America,Pen Tablet,Wacom Intuos S,Support Plan,210,372471.45,40381.94,412853.39
5/25/2025,Latin America,Accessories,Pro Pen 2,Support Plan,133,236899.08,16457.15,253356.23
5/26/2025,Europe,Mobile Studio,MobileStudio Pro 16,Support Plan,204,60503.06,9354.54,69857.6
5/27/2025,Europe,Accessories,Wacom Stand,Support Plan,246,62856.43,5498.66,68355.09
5/28/2025,North America,Mobile Studio,MobileStudio Pro 13,Training,261,40903.3,6554.98,47458.28
5/29/2025,Latin America,Display Tablet,Wacom One Display,Extended Warranty,150,252341.1,17125.63,269466.73
5/30/2025,Japan,Mobile Studio,MobileStudio Pro 13,Extended Warranty,78,100042.23,4367.62,104409.85
5/31/2025,Latin America,Accessories,Pro Pen 2,Cloud Services,136,151745.44,12356.38,164101.82
6/1/2025,Latin America,Mobile Studio,MobileStudio Pro 13,Cloud Services,270,80516.63,13790.81,94307.44
6/2/2025,APAC,Pen Tablet,Wacom Intuos S,Training,165,219069.8,20302.99,239372.79
6/3/2025,Latin America,Accessories,ExpressKey Remote,Extended Warranty,249,424319.74,38131.15,462450.89
6/4/2025,APAC,Display Tablet,Cintiq 16,Extended Warranty,223,186652.36,24444.72,211097.08
6/5/2025,North America,Accessories,Wacom Stand,Cloud Services,210,110137.12,10872.35,121009.47
6/6/2025,North America,Display Tablet,Cintiq 16,Support Plan,174,110726.13,8809.75,119535.88
6/7/2025,Europe,Display Tablet,Wacom One Display,Training,231,258788.89,31494.39,290283.28
6/8/2025,Latin America,Accessories,Pro Pen 2,Support Plan,164,39275.4,4390.8,43666.2
6/9/2025,APAC,Pen Tablet,Wacom Intuos S,Extended Warranty,172,198338.7,34968.84,233307.54
6/10/2025,APAC,Display Tablet,Cintiq Pro 24,Support Plan,237,159503.73,15122.87,174626.6
6/11/2025,North America,Mobile Studio,MobileStudio Pro 16,Support Plan,243,178845.75,23980.22,202825.97
6/12/2025,Japan,Accessories,Wacom Stand,Cloud Services,243,183639.41,32146.97,215786.38
6/13/2025,Europe,Mobile Studio,MobileStudio Pro 16,Extended Warranty,199,41765.69,6894.36,48660.05
6/14/2025,Europe,Mobile Studio,MobileStudio Pro 16,Extended Warranty,194,146293.93,11067.58,157361.51
6/15/2025,Latin America,Accessories,Wacom Stand,Extended Warranty,165,126463.02,21499.28,147962.3
6/16/2025,APAC,Accessories,ExpressKey Remote,Training,123,179442.32,23970.72,203413.04
6/17/2025,North America,Accessories,Wacom Stand,Support Plan,197,322044.91,36288.28,358333.19
6/18/2025,APAC,Mobile Studio,MobileStudio Pro 16,Support Plan,228,97732.15,4209.98,101942.13
6/19/2025,Latin America,Pen Tablet,Wacom Intuos M,Training,148,88271.74,8111.03,96382.77
6/20/2025,APAC,Mobile Studio,MobileStudio Pro 13,Training,185,320569.92,32059.83,352629.75
6/21/2025,APAC,Pen Tablet,Wacom Intuos M,Extended Warranty,225,109759.19,5357.23,115116.42
6/22/2025,North America,Mobile Studio,MobileStudio Pro 16,Extended Warranty,209,308606.01,25762.82,334368.83
6/23/2025,Europe,Accessories,Wacom Stand,Training,216,116835.05,6923.36,123758.41
6/24/2025,North America,Accessories,Wacom Stand,Support Plan,201,242718.51,17553.52,260272.03
6/25/2025,APAC,Mobile Studio,MobileStudio Pro 13,Cloud Services,124,200536.02,11116.02,211652.04
6/26/2025,Europe,Accessories,Wacom Stand,Extended Warranty,210,151482.62,7313.53,158796.15
6/27/2025,North America,Pen Tablet,Wacom Intuos M,Cloud Services,140,238483.4,15139.33,253622.73
6/28/2025,APAC,Display Tablet,Wacom One Display,Support Plan,188,31952.46,3043.54,34996
6/29/2025,Latin America,Pen Tablet,One by Wacom,Extended Warranty,230,290499.78,19774.08,310273.86
6/30/2025,APAC,Mobile Studio,MobileStudio Pro 16,Support Plan,187,197457.76,18035.74,215493.5
7/1/2025,APAC,Pen Tablet,One by Wacom,Cloud Services,154,188708.3,33030.71,221739.01
7/2/2025,Latin America,Mobile Studio,MobileStudio Pro 16,Support Plan,245,166797.05,18056.19,184853.24
7/3/2025,Europe,Display Tablet,Wacom One Display,Cloud Services,145,78166.93,7191.83,85358.76
7/4/2025,Latin America,Accessories,ExpressKey Remote,Extended Warranty,150,94931.55,10076.99,105008.54
7/5/2025,Japan,Pen Tablet,Wacom Intuos S,Training,177,46341.63,2941.51,49283.14
7/6/2025,Europe,Pen Tablet,Wacom Intuos S,Cloud Services,228,116198.75,16732.7,132931.45
7/7/2025,North America,Accessories,Wacom Stand,Training,183,231241.88,22686.8,253928.68
7/8/2025,North America,Accessories,Wacom Stand,Training,179,120383.5,16693.69,137077.19
7/9/2025,Latin America,Pen Tablet,Wacom Intuos S,Support Plan,233,320151.19,18159.18,338310.37
7/10/2025,Japan,Display Tablet,Cintiq Pro 24,Extended Warranty,82,143416.22,23700.78,167117
7/11/2025,Europe,Display Tablet,Wacom One Display,Support Plan,146,63089.77,7357.23,70447
7/12/2025,North America,Display Tablet,Cintiq Pro 24,Cloud Services,125,102148.47,4608.52,106756.99
7/13/2025,Latin America,Pen Tablet,Wacom Intuos S,Support Plan,148,232526.68,16273.67,248800.35
7/14/2025,North America,Accessories,Wacom Stand,Extended Warranty,214,192198.03,12848.07,205046.1
7/15/2025,Latin America,Pen Tablet,Wacom Intuos S,Support Plan,141,62865.17,8542.82,71407.99
7/16/2025,Europe,Display Tablet,Cintiq Pro 24,Support Plan,198,265648.11,16714.16,282362.27
7/17/2025,Europe,Pen Tablet,Wacom Intuos S,Extended Warranty,219,330911.08,36893.99,367805.07
7/18/2025,APAC,Display Tablet,Cintiq 16,Support Plan,197,32955.65,5488.72,38444.37
7/19/2025,APAC,Display Tablet,Cintiq Pro 24,Cloud Services,223,219384.92,33227.25,252612.17
7/20/2025,Latin America,Pen Tablet,Wacom Intuos M,Support Plan,181,67963.44,11291.53,79254.97
7/21/2025,Japan,Display Tablet,Cintiq 16,Training,208,367744.71,20868.87,388613.58
7/22/2025,Japan,Display Tablet,Cintiq Pro 24,Training,125,100715.67,11766.15,112481.82
7/23/2025,Latin America,Display Tablet,Wacom One Display,Training,175,187510.85,26484.5,213995.35
7/24/2025,Japan,Pen Tablet,Wacom Intuos M,Training,172,160701.4,19169.99,179871.39
7/25/2025,Latin America,Display Tablet,Wacom One Display,Training,201,149477.02,26348.25,175825.27
7/26/2025,Japan,Display Tablet,Cintiq 16,Training,206,253547.21,25581.26,279128.47
7/27/2025,North America,Display Tablet,Cintiq 16,Extended Warranty,157,158403.36,18473.93,176877.29
7/28/2025,Latin America,Mobile Studio,MobileStudio Pro 16,Cloud Services,138,130619.27,8323.51,138942.78
7/29/2025,Japan,Mobile Studio,MobileStudio Pro 16,Cloud Services,147,220431.48,14648.91,235080.39
7/30/2025,Latin America,Display Tablet,Cintiq Pro 24,Cloud Services,143,180107.57,19815.92,199923.49
7/31/2025,APAC,Display Tablet,Cintiq 16,Training,139,209010.08,35958.14,244968.22
8/1/2025,North America,Accessories,Wacom Stand,Training,213,119671.5,18907.73,138579.23
8/2/2025,APAC,Mobile Studio,MobileStudio Pro 16,Cloud Services,251,258161.54,38880.51,297042.05
8/3/2025,Japan,Mobile Studio,MobileStudio Pro 13,Cloud Services,153,14318.32,623.15,14941.47
8/4/2025,Japan,Display Tablet,Cintiq Pro 24,Extended Warranty,183,261416.88,25844.81,287261.69
8/5/2025,Japan,Display Tablet,Cintiq Pro 24,Cloud Services,196,273285.66,22707.55,295993.21
8/6/2025,Japan,Pen Tablet,One by Wacom,Training,238,28068.87,2827.93,30896.8
8/7/2025,Europe,Mobile Studio,MobileStudio Pro 16,Support Plan,142,241410.29,12729.78,254140.07
8/8/2025,Europe,Accessories,Pro Pen 2,Cloud Services,173,37329.29,6469.43,43798.72
8/9/2025,Japan,Display Tablet,Cintiq Pro 24,Extended Warranty,202,335538.21,44214.81,379753.02
8/10/2025,Europe,Mobile Studio,MobileStudio Pro 16,Cloud Services,190,179801.61,17002.22,196803.83
8/11/2025,APAC,Pen Tablet,Wacom Intuos S,Extended Warranty,233,198227.93,30182.6,228410.53
8/12/2025,APAC,Accessories,ExpressKey Remote,Support Plan,198,94762.01,14318.68,109080.69
8/13/2025,North America,Display Tablet,Cintiq 16,Training,140,15827.41,1019.21,16846.62
8/14/2025,APAC,Mobile Studio,MobileStudio Pro 16,Extended Warranty,171,260204.33,44722.59,304926.92
8/15/2025,Europe,Accessories,Pro Pen 2,Cloud Services,139,60615.68,10331.23,70946.91
8/16/2025,North America,Accessories,ExpressKey Remote,Cloud Services,242,238613.57,14873.58,253487.15
8/17/2025,North America,Pen Tablet,Wacom Intuos M,Extended Warranty,177,19726.55,2936.66,22663.21
8/18/2025,Latin America,Accessories,Pro Pen 2,Extended Warranty,156,87439.38,10466.84,97906.22
8/19/2025,Europe,Mobile Studio,MobileStudio Pro 13,Cloud Services,123,70778.33,8071.14,78849.47
8/20/2025,Europe,Accessories,ExpressKey Remote,Cloud Services,184,192653.78,32754.79,225408.57
8/21/2025,Latin America,Pen Tablet,One by Wacom,Extended Warranty,199,227277.53,20726.72,248004.25
8/22/2025,Japan,Mobile Studio,MobileStudio Pro 16,Training,174,263519.51,40824.79,304344.3
8/23/2025,Latin America,Pen Tablet,Wacom Intuos M,Extended Warranty,170,201336.44,9125.13,210461.57
8/24/2025,Latin America,Accessories,Pro Pen 2,Cloud Services,132,62931.89,3498.61,66430.5
8/25/2025,APAC,Pen Tablet,Wacom Intuos M,Support Plan,176,69366.96,2847.16,72214.12
8/26/2025,Latin America,Display Tablet,Wacom One Display,Cloud Services,225,213165.99,30787.78,243953.77
8/27/2025,Latin America,Accessories,ExpressKey Remote,Extended Warranty,217,244500.06,32017.49,276517.55
8/28/2025,Japan,Display Tablet,Cintiq Pro 24,Extended Warranty,189,62450.88,8423.02,70873.9
8/29/2025,Japan,Accessories,Wacom Stand,Training,84,41948.86,6770.28,48719.14
8/30/2025,Japan,Pen Tablet,One by Wacom,Training,147,238825.95,24774.13,263600.08
8/31/2025,North America,Accessories,Wacom Stand,Cloud Services,179,304864.66,46446.45,351311.11
9/1/2025,Japan,Mobile Studio,MobileStudio Pro 13,Cloud Services,198,23528.93,1797.65,25326.58
9/2/2025,North America,Display Tablet,Cintiq 16,Support Plan,216,151620.9,17408.2,169029.1
9/3/2025,Japan,Display Tablet,Wacom One Display,Cloud Services,101,32428.32,3285.26,35713.58
9/4/2025,Latin America,Mobile Studio,MobileStudio Pro 13,Extended Warranty,193,29888.09,4842.22,34730.31
9/5/2025,Europe,Display Tablet,Cintiq 16,Support Plan,165,200551.82,26256.5,226808.32
9/6/2025,North America,Mobile Studio,MobileStudio Pro 13,Training,164,27391.67,2242.12,29633.79
9/7/2025,Japan,Display Tablet,Cintiq Pro 24,Extended Warranty,160,73994.33,10679.55,84673.88
9/8/2025,Latin America,Mobile Studio,MobileStudio Pro 13,Support Plan,187,249520.24,32435.99,281956.23
9/9/2025,APAC,Accessories,Pro Pen 2,Support Plan,176,186968.27,25435.14,212403.41
9/10/2025,Latin America,Accessories,Pro Pen 2,Extended Warranty,206,229444.15,15477.89,244922.04
9/11/2025,APAC,Mobile Studio,MobileStudio Pro 16,Training,196,117604.42,19614.29,137218.71
9/12/2025,Latin America,Display Tablet,Cintiq 16,Cloud Services,177,171548.78,6987.23,178536.01
9/13/2025,Japan,Accessories,ExpressKey Remote,Support Plan,228,120325.86,11422.97,131748.83
9/14/2025,North America,Pen Tablet,Wacom Intuos S,Support Plan,192,342169.45,16436.41,358605.86
9/15/2025,Europe,Pen Tablet,One by Wacom,Training,176,221376.88,16533.34,237910.22
9/16/2025,North America,Display Tablet,Cintiq 16,Extended Warranty,208,356072.88,63079.8,419152.68
9/17/2025,Europe,Display Tablet,Wacom One Display,Training,260,104332.31,11344.8,115677.11
9/18/2025,Latin America,Pen Tablet,Wacom Intuos S,Training,168,93950.49,16807.55,110758.04
9/19/2025,Latin America,Display Tablet,Cintiq Pro 24,Support Plan,195,168836.75,23035.07,191871.82
9/20/2025,Europe,Display Tablet,Cintiq 16,Cloud Services,208,141712.15,25220.39,166932.54
9/21/2025,Europe,Display Tablet,Wacom One Display,Support Plan,202,286272.07,38394.32,324666.39
9/22/2025,APAC,Accessories,Wacom Stand,Extended Warranty,188,211714.63,31495.25,243209.88
9/23/2025,Japan,Display Tablet,Cintiq Pro 24,Support Plan,181,257649.08,19559.89,277208.97
9/24/2025,North America,Pen Tablet,One by Wacom,Cloud Services,183,117451.04,4885.97,122337.01
9/25/2025,North America,Mobile Studio,MobileStudio Pro 13,Cloud Services,107,36114.85,3257.23,39372.08
9/26/2025,Europe,Mobile Studio,MobileStudio Pro 13,Support Plan,163,167100.22,11596.91,178697.13
9/27/2025,Europe,Mobile Studio,MobileStudio Pro 13,Training,212,63862.84,2902,66764.84
9/28/2025,North America,Mobile Studio,MobileStudio Pro 13,Training,134,40971.72,6153.02,47124.74
9/29/2025,Europe,Pen Tablet,Wacom Intuos M,Support Plan,167,69381.34,3320.38,72701.72
9/30/2025,Latin America,Pen Tablet,Wacom Intuos S,Support Plan,217,201353.16,28574.75,229927.91
10/1/2025,APAC,Display Tablet,Cintiq Pro 24,Extended Warranty,196,349509.97,31557.27,381067.24
10/2/2025,Latin America,Pen Tablet,One by Wacom,Training,242,240385.8,22349.69,262735.49
10/3/2025,Latin America,Mobile Studio,MobileStudio Pro 13,Cloud Services,202,202900.22,17636.61,220536.83
10/4/2025,APAC,Pen Tablet,Wacom Intuos M,Extended Warranty,184,223613.05,14271.58,237884.63
10/5/2025,Latin America,Mobile Studio,MobileStudio Pro 16,Extended Warranty,192,244568.5,39112.14,283680.64
10/6/2025,APAC,Pen Tablet,Wacom Intuos M,Extended Warranty,239,189272,28478.56,217750.56
10/7/2025,Europe,Pen Tablet,Wacom Intuos M,Support Plan,252,137183.92,8677.08,145861
10/8/2025,Europe,Pen Tablet,Wacom Intuos S,Support Plan,234,59618.18,4637.62,64255.8
10/9/2025,Latin America,Pen Tablet,Wacom Intuos S,Training,160,232389.03,41326.12,273715.15
10/10/2025,APAC,Pen Tablet,Wacom Intuos S,Support Plan,131,228702.58,30896.09,259598.67
10/11/2025,North America,Display Tablet,Cintiq Pro 24,Extended Warranty,151,128528.62,19501.81,148030.43
10/12/2025,North America,Display Tablet,Cintiq Pro 24,Support Plan,105,36772.6,6404.27,43176.87
10/13/2025,Japan,Pen Tablet,One by Wacom,Extended Warranty,246,280344.74,37088.77,317433.51
10/14/2025,Latin America,Display Tablet,Wacom One Display,Cloud Services,175,271376.05,23422.94,294798.99
10/15/2025,Japan,Mobile Studio,MobileStudio Pro 16,Extended Warranty,90,81105.4,10060.03,91165.43
10/16/2025,Europe,Display Tablet,Wacom One Display,Training,174,97749.98,5659.14,103409.12
10/17/2025,Europe,Accessories,Pro Pen 2,Cloud Services,168,20271.92,3048.76,23320.68
10/18/2025,Latin America,Display Tablet,Cintiq Pro 24,Cloud Services,226,403774.38,49299.35,453073.73
10/19/2025,Japan,Pen Tablet,Wacom Intuos M,Cloud Services,141,220679.95,33310.79,253990.74
10/20/2025,APAC,Pen Tablet,Wacom Intuos M,Cloud Services,183,140561.3,18217.77,158779.07
10/21/2025,Latin America,Accessories,Wacom Stand,Cloud Services,180,237726.75,41356.13,279082.88
10/22/2025,APAC,Mobile Studio,MobileStudio Pro 13,Cloud Services,135,139815.4,7358.15,147173.55
10/23/2025,Latin America,Mobile Studio,MobileStudio Pro 16,Training,236,281963.57,40142.51,322106.08
10/24/2025,Japan,Accessories,Pro Pen 2,Extended Warranty,153,48397.25,2934.37,51331.62
10/25/2025,Europe,Accessories,ExpressKey Remote,Cloud Services,150,220812.67,27117.3,247929.97
10/26/2025,North America,Accessories,Wacom Stand,Cloud Services,199,67242.21,3964.3,71206.51
10/27/2025,Europe,Mobile Studio,MobileStudio Pro 16,Extended Warranty,169,269930.27,46952.96,316883.23
10/28/2025,Europe,Accessories,Pro Pen 2,Support Plan,132,98520.18,15709.22,114229.4
10/29/2025,North America,Display Tablet,Cintiq 16,Support Plan,207,48721.69,4719.67,53441.36
10/30/2025,Japan,Display Tablet,Cintiq 16,Extended Warranty,204,323253.96,13666.7,336920.66
10/31/2025,Europe,Pen Tablet,Wacom Intuos M,Support Plan,163,259662.36,35484.93,295147.29
11/1/2025,Europe,Mobile Studio,MobileStudio Pro 13,Training,240,406135.32,52312.25,458447.57
11/2/2025,North America,Pen Tablet,One by Wacom,Training,205,33247.07,4115.7,37362.77
11/3/2025,Japan,Accessories,Wacom Stand,Support Plan,207,268062.34,38943.6,307005.94
11/4/2025,North America,Pen Tablet,One by Wacom,Training,127,62343.34,5136.5,67479.84
11/5/2025,Latin America,Accessories,Pro Pen 2,Support Plan,168,273928.89,41019.51,314948.4
11/6/2025,Europe,Mobile Studio,MobileStudio Pro 13,Cloud Services,226,176219.25,27119,203338.25
11/7/2025,APAC,Accessories,ExpressKey Remote,Support Plan,131,123302.47,15645.88,138948.35
11/8/2025,APAC,Mobile Studio,MobileStudio Pro 13,Training,171,171136.35,12103.43,183239.78
11/9/2025,Latin America,Pen Tablet,Wacom Intuos M,Extended Warranty,157,214341.41,8783.59,223125
11/10/2025,APAC,Pen Tablet,Wacom Intuos S,Training,156,213379.63,37297.27,250676.9
11/11/2025,APAC,Accessories,ExpressKey Remote,Training,271,152777.93,9134.45,161912.38
11/12/2025,APAC,Mobile Studio,MobileStudio Pro 16,Cloud Services,232,105484.03,4482.36,109966.39
11/13/2025,Europe,Mobile Studio,MobileStudio Pro 13,Cloud Services,179,35549.18,5229.37,40778.55
11/14/2025,Japan,Accessories,Wacom Stand,Extended Warranty,211,279375.8,28722.08,308097.88
11/15/2025,Europe,Display Tablet,Wacom One Display,Training,180,116460.1,20469.6,136929.7
11/16/2025,APAC,Mobile Studio,MobileStudio Pro 13,Training,236,282949.25,11414.6,294363.85
11/17/2025,Japan,Mobile Studio,MobileStudio Pro 16,Support Plan,179,231790.7,27359.2,259149.9
11/18/2025,North America,Mobile Studio,MobileStudio Pro 13,Support Plan,182,114534.34,19220,133754.34
11/19/2025,Japan,Accessories,ExpressKey Remote,Cloud Services,181,272077.74,13036.65,285114.39
11/20/2025,APAC,Pen Tablet,One by Wacom,Support Plan,197,327107.28,45913.31,373020.59
11/21/2025,APAC,Display Tablet,Cintiq 16,Extended Warranty,218,256923.35,40008.4,296931.75
11/22/2025,Latin America,Display Tablet,Cintiq 16,Extended Warranty,204,359046.16,15965.21,375011.37
11/23/2025,North America,Pen Tablet,Wacom Intuos S,Cloud Services,197,63651,5802.44,69453.44
11/24/2025,Latin America,Pen Tablet,Wacom Intuos S,Cloud Services,245,215167.37,37916.04,253083.41
11/25/2025,APAC,Accessories,ExpressKey Remote,Cloud Services,240,221044.37,9761.41,230805.78
11/26/2025,APAC,Mobile Studio,MobileStudio Pro 13,Extended Warranty,228,233068.48,32033.18,265101.66
11/27/2025,APAC,Mobile Studio,MobileStudio Pro 13,Training,212,341391.51,27957.31,369348.82
11/28/2025,North America,Pen Tablet,Wacom Intuos M,Cloud Services,150,113116.78,15786.06,128902.84
11/29/2025,Japan,Accessories,Wacom Stand,Training,255,418920.46,45230.93,464151.39
11/30/2025,Europe,Accessories,Wacom Stand,Extended Warranty,176,264424.05,11436.65,275860.7
12/1/2025,Europe,Mobile Studio,MobileStudio Pro 13,Training,196,149945.99,24628.89,174574.88
12/2/2025,North America,Display Tablet,Cintiq 16,Training,188,196338.5,17762.31,214100.81
12/3/2025,Latin America,Display Tablet,Wacom One Display,Support Plan,175,123815.72,15480.26,139295.98
12/4/2025,North America,Pen Tablet,One by Wacom,Support Plan,185,144842.5,25914.9,170757.4
12/5/2025,Japan,Mobile Studio,MobileStudio Pro 13,Support Plan,138,229325.77,34430.37,263756.14
12/6/2025,Europe,Display Tablet,Cintiq Pro 24,Cloud Services,173,309889.21,13839.47,323728.68
12/7/2025,Latin America,Display Tablet,Cintiq Pro 24,Cloud Services,198,178685.39,26853.88,205539.27
12/8/2025,Europe,Display Tablet,Wacom One Display,Extended Warranty,134,148126.1,19934.58,168060.68
12/9/2025,APAC,Pen Tablet,Wacom Intuos S,Support Plan,198,241957.28,32606.74,274564.02
12/10/2025,Japan,Pen Tablet,Wacom Intuos M,Support Plan,235,296949.34,13146.16,310095.5
12/11/2025,APAC,Accessories,ExpressKey Remote,Training,238,67105.78,4632.21,71737.99
12/12/2025,North America,Accessories,Pro Pen 2,Support Plan,190,283166.28,32204.29,315370.57
12/13/2025,Latin America,Mobile Studio,MobileStudio Pro 13,Extended Warranty,177,81935.46,5829.96,87765.42
12/14/2025,Latin America,Accessories,ExpressKey Remote,Training,173,179473.55,31554.36,211027.91
12/15/2025,Latin America,Display Tablet,Wacom One Display,Extended Warranty,208,273026.21,38835.42,311861.63
12/16/2025,Europe,Accessories,Wacom Stand,Support Plan,215,317172.4,29628.41,346800.81
12/17/2025,North America,Mobile Studio,MobileStudio Pro 16,Training,118,105749.71,10650.36,116400.07
12/18/2025,North America,Display Tablet,Cintiq Pro 24,Support Plan,219,250534.84,39877.88,290412.72
12/19/2025,Europe,Mobile Studio,MobileStudio Pro 16,Cloud Services,118,80220.26,12866.28,93086.54
12/20/2025,APAC,Display Tablet,Cintiq Pro 24,Training,202,114069.95,14936.25,129006.2
12/21/2025,North America,Pen Tablet,One by Wacom,Extended Warranty,204,222394.34,9701,232095.34
12/22/2025,North America,Display Tablet,Cintiq Pro 24,Training,179,111507.86,6736.73,118244.59
12/23/2025,North America,Mobile Studio,MobileStudio Pro 13,Cloud Services,123,152820.5,7179.22,159999.72
12/24/2025,Japan,Accessories,Wacom Stand,Support Plan,114,81229.03,4532.39,85761.42
12/25/2025,Europe,Pen Tablet,Wacom Intuos S,Training,177,310182.7,32818.09,343000.79
12/26/2025,APAC,Pen Tablet,Wacom Intuos M,Training,90,42827.67,4156.53,46984.2
12/27/2025,Latin America,Pen Tablet,One by Wacom,Cloud Services,218,234282.54,25483.41,259765.95
12/28/2025,Latin America,Pen Tablet,Wacom Intuos S,Extended Warranty,97,58331.93,3731.25,62063.18
12/29/2025,Japan,Display Tablet,Cintiq Pro 24,Support Plan,194,316702.27,56897.48,373599.75
12/30/2025,North America,Pen Tablet,Wacom Intuos S,Training,166,23612.85,2356.16,25969.01
12/31/2025,APAC,Mobile Studio,MobileStudio Pro 13,Training,126,173407.4,30850.29,204257.69
